{"format":"openfeed-scene-camera-path-v1","sceneName":"supermarket","recordedDurationSeconds":1,"sampleIntervalSeconds":1,"samples":[{"t":0,"px":5.020517349243164,"py":1.5494804382324219,"pz":8.892181396484375,"qx":-0.03199692443013191,"qy":0.01921708695590496,"qz":-0.004874780308455229,"qw":-0.9992913007736206,"fov":60},{"t":1,"px":10.08851432800293,"py":1.9594182968139649,"pz":16.9288330078125,"qx":0.006940062623471022,"qy":0.0073943668976426128,"qz":-0.004223859868943691,"qw":-0.9999397397041321,"fov":60}]}
