# Blender 4.4.0
# www.blender.org
mtllib Meshy_AI_Vizio_Flat_Screen_TV__0507181338_texture.mtl
o Meshy_AI_Vizio_Flat_Screen_TV__0507181338_texture
v -0.467710 -0.690802 -0.228963
v 0.475538 -0.690802 -0.252446
v 0.475538 -0.690802 -0.248532
v -0.467710 -0.690802 -0.225049
v -0.471624 -0.690802 -0.225049
v -0.471624 -0.686888 -0.228963
v -0.467710 -0.686888 -0.232877
v 0.475538 -0.686888 -0.256360
v 0.479452 -0.690802 -0.248532
v 0.479452 -0.686888 -0.252446
v 0.483366 -0.686888 -0.248532
v 0.483366 -0.690802 0.213307
v 0.479452 -0.690802 0.213307
v 0.475538 -0.682975 -0.256360
v 0.479452 -0.682975 -0.252446
v 0.475538 -0.690802 0.025440
v 0.354207 -0.690802 0.127202
v 0.354207 -0.690802 0.025440
v -0.475538 -0.690802 0.213307
v -0.362035 -0.690802 0.025440
v -0.362035 -0.690802 0.127202
v -0.475538 -0.690802 0.217221
v -0.479452 -0.690802 0.217221
v -0.483366 -0.686888 0.217221
v -0.479452 -0.686888 0.221135
v -0.483366 -0.682975 0.217221
v -0.475538 -0.686888 -0.225049
v -0.475538 -0.682975 -0.225049
v -0.471624 -0.682975 -0.228963
v -0.467710 -0.682975 -0.232877
v 0.346380 -0.686888 0.037182
v 0.342466 -0.686888 0.033268
v -0.350294 -0.686888 0.033268
v -0.354207 -0.686888 0.037182
v -0.350294 -0.686888 0.037182
v -0.350294 -0.686888 0.115460
v -0.354207 -0.686888 0.115460
v -0.350294 -0.686888 0.119374
v 0.338552 -0.686888 0.119374
v 0.346380 -0.686888 0.115460
v 0.338552 -0.686888 0.115460
v 0.479452 -0.690802 0.217221
v 0.483366 -0.686888 0.217221
v 0.479452 -0.686888 0.221135
v -0.475538 -0.690802 0.221135
v 0.487280 -0.686888 0.213307
v 0.483366 -0.682975 -0.248532
v 0.487280 -0.682975 0.213307
v -0.475538 -0.686888 0.225049
v 0.475538 -0.675147 -0.256360
v 0.479452 -0.675147 -0.252446
v 0.483366 -0.675147 -0.248532
v -0.467710 -0.675147 -0.232877
v -0.479452 -0.682975 0.221135
v -0.483366 -0.675147 0.217221
v -0.475538 -0.675147 -0.225049
v 0.338552 -0.686888 0.037182
v 0.483366 -0.682975 0.217221
v 0.487280 -0.675147 0.213307
v 0.483366 -0.675147 0.217221
v 0.479452 -0.675147 0.221135
v 0.479452 -0.682975 0.221135
v -0.475538 -0.682975 0.225049
v -0.475538 -0.675147 0.225049
v -0.471624 -0.675147 -0.228963
v -0.475538 -0.671233 -0.232877
v -0.467710 -0.671233 -0.236791
v 0.475538 -0.671233 -0.260274
v 0.487280 -0.671233 -0.248532
v -0.479452 -0.671233 -0.225049
v -0.479452 -0.675147 0.221135
v -0.483366 -0.671233 0.225049
v 0.475538 -0.671233 -0.272016
v 0.483366 -0.671233 -0.256360
v 0.499022 -0.671233 -0.256360
v 0.499022 -0.671233 0.217221
v 0.491194 -0.671233 0.213307
v 0.487280 -0.671233 0.221135
v 0.487280 -0.671233 0.228963
v 0.479452 -0.671233 0.225049
v -0.487280 -0.671233 0.217221
v -0.495108 -0.671233 0.221135
v -0.475538 -0.671233 0.228963
v -0.483366 -0.671233 0.236791
v -0.483366 -0.671233 -0.244618
v -0.487280 -0.671233 -0.232877
v -0.487280 -0.667319 -0.244618
v 0.479452 -0.667319 -0.275930
v 0.502935 -0.667319 -0.260274
v 0.502935 -0.667319 0.221135
v 0.502935 -0.651663 -0.260274
v 0.502935 -0.651663 0.221135
v 0.495108 -0.651663 0.228963
v 0.495108 -0.667319 0.228963
v -0.487280 -0.667319 0.240705
v -0.499022 -0.667319 0.225049
v -0.499022 -0.651663 0.225049
v -0.487280 -0.651663 -0.244618
v 0.479452 -0.651663 -0.275930
v 0.475538 -0.643836 -0.275930
v 0.499022 -0.643836 -0.260274
v -0.487280 -0.651663 0.240705
v 0.495108 -0.643836 0.228963
v -0.487280 -0.643836 0.240705
v -0.362035 -0.655577 0.029354
v -0.358121 -0.655577 0.029354
v -0.362035 -0.651663 0.025440
v -0.362035 -0.647750 0.029354
v -0.365949 -0.647750 0.123288
v -0.365949 -0.655577 0.119374
v -0.358121 -0.655577 0.033268
v 0.358121 -0.655577 0.029354
v 0.358121 -0.655577 0.033268
v 0.362035 -0.655577 0.029354
v 0.362035 -0.651663 0.025440
v 0.365949 -0.655577 0.119374
v 0.358121 -0.655577 0.115460
v 0.358121 -0.655577 0.119374
v 0.362035 -0.651663 0.123288
v 0.365949 -0.647750 0.123288
v 0.365949 -0.647750 0.029354
v 0.365949 -0.643836 0.029354
v 0.362035 -0.643836 0.025440
v -0.358121 -0.655577 0.115460
v -0.358121 -0.655577 0.119374
v -0.362035 -0.651663 0.123288
v -0.362035 -0.647750 0.127202
v 0.499022 -0.643836 0.221135
v 0.495108 -0.639922 -0.256360
v 0.495108 -0.639922 0.217221
v -0.499022 -0.643836 0.225049
v -0.483366 -0.639922 0.232877
v -0.495108 -0.639922 0.221135
v -0.483366 -0.639922 -0.236791
v -0.487280 -0.643836 -0.240704
v 0.475538 -0.639922 -0.268102
v -0.362035 -0.643836 0.025440
v -0.365949 -0.639922 0.021526
v -0.365949 -0.643836 0.029354
v 0.362035 -0.647750 0.127202
v -0.362035 -0.643836 0.127202
v 0.362035 -0.643836 0.127202
v 0.365949 -0.643836 0.123288
v -0.369863 -0.639922 0.025440
v -0.365949 -0.643836 0.123288
v -0.369863 -0.639922 0.127202
v -0.365949 -0.639922 0.131115
v 0.365949 -0.639922 0.131115
v 0.369863 -0.639922 0.127202
v 0.369863 -0.639922 0.025440
v 0.377691 -0.639922 0.021526
v 0.365949 -0.639922 0.021526
v 0.369863 -0.639922 0.013699
v -0.369863 -0.639922 0.013699
v -0.373777 -0.639922 0.138943
v 0.373777 -0.639922 0.138943
v 0.487280 -0.639922 0.225049
v -0.381605 -0.639922 0.131115
v -0.377691 -0.639922 0.017613
v 0.377691 -0.639922 0.135029
v -0.045010 -0.636008 -0.221135
v -0.037182 -0.636008 -0.232877
v -0.052838 -0.636008 -0.225049
v -0.068493 -0.636008 -0.213307
v -0.056752 -0.636008 -0.213307
v -0.048924 -0.624266 -0.201566
v -0.033268 -0.628180 -0.213307
v 0.048924 -0.636008 -0.221135
v 0.037182 -0.628180 -0.213307
v 0.052838 -0.624266 -0.201566
v 0.064579 -0.636008 -0.213307
v 0.060665 -0.636008 -0.225049
v 0.064579 -0.628180 -0.193738
v 0.072407 -0.636008 -0.205479
v 0.076321 -0.636008 -0.213307
v -0.064579 -0.636008 -0.205479
v -0.068493 -0.636008 0.021526
v -0.060665 -0.636008 0.013699
v -0.060665 -0.628180 -0.193738
v -0.056752 -0.628180 0.009785
v -0.060665 -0.616438 -0.174168
v -0.056752 -0.608611 -0.181996
v 0.060665 -0.636008 0.013699
v 0.068493 -0.636008 0.021526
v -0.056752 -0.636008 0.025440
v -0.060665 -0.636008 0.033268
v 0.056752 -0.636008 0.025440
v -0.048924 -0.632094 0.017613
v 0.048924 -0.632094 0.017613
v 0.045010 -0.620352 0.017613
v -0.041096 -0.620352 0.017613
v -0.052838 -0.620352 0.013699
v 0.056752 -0.628180 0.009785
v 0.060665 -0.636008 0.033268
v -0.906067 -0.632094 0.045010
v -0.812133 -0.632094 0.037182
v -0.816047 -0.632094 0.045010
v -0.906067 -0.632094 0.052838
v -0.921722 -0.628180 0.052838
v -0.921722 -0.624266 0.037182
v -0.906067 -0.628180 0.033268
v -0.240704 -0.628180 0.037182
v -0.812133 -0.628180 0.029354
v -0.236791 -0.624266 0.029354
v -0.060665 -0.620352 0.033268
v -0.060665 -0.620352 0.041096
v -0.236791 -0.628180 0.048924
v -0.913894 -0.620352 0.025440
v -0.812133 -0.624266 0.021526
v 0.561644 -0.632094 0.037182
v 0.561644 -0.632094 0.025440
v 0.808219 -0.632094 0.029354
v 0.819961 -0.632094 0.037182
v 0.816047 -0.632094 0.045010
v 0.561644 -0.632094 0.048924
v 0.236791 -0.632094 0.048924
v 0.236791 -0.632094 0.037182
v 0.240705 -0.628180 0.029354
v 0.557730 -0.628180 0.021526
v 0.240705 -0.624266 0.021526
v 0.557730 -0.624266 0.017613
v 0.808219 -0.624266 0.017613
v 0.808219 -0.628180 0.021526
v 0.886497 -0.624266 0.025440
v 0.898239 -0.616438 0.017613
v 0.921722 -0.620352 0.029354
v 0.890411 -0.628180 0.037182
v 0.921722 -0.624266 0.041096
v 0.898239 -0.628180 0.048924
v 0.561644 -0.632094 0.056751
v 0.236791 -0.628180 0.056751
v 0.111546 -0.624266 0.052838
v 0.111546 -0.624266 0.041096
v 0.111546 -0.624266 0.033268
v 0.060665 -0.616438 0.041096
v 0.064579 -0.612524 0.033268
v 0.115460 -0.620352 0.025440
v -0.816047 -0.632094 0.056751
v -0.236791 -0.628180 0.056751
v -0.816047 -0.632094 0.060665
v -0.906067 -0.628180 0.060665
v 0.816047 -0.632094 0.056751
v 0.902153 -0.628180 0.060665
v 0.816047 -0.632094 0.060665
v -0.816047 -0.628180 0.064579
v -0.906067 -0.624266 0.064579
v -0.925636 -0.624266 0.060665
v 0.561644 -0.628180 0.064579
v 0.816047 -0.628180 0.064579
v 0.561644 -0.624266 0.064579
v 0.236791 -0.624266 0.064579
v -0.236791 -0.624266 0.064579
v -0.060665 -0.620352 0.060665
v -0.060665 -0.616438 0.064579
v -0.236791 -0.620352 0.064579
v 0.925636 -0.624266 0.052838
v 0.925636 -0.620352 0.060665
v 0.902153 -0.624266 0.064579
v -0.048924 -0.569472 -0.158513
v -0.056752 -0.518591 -0.107632
v -0.045010 -0.506849 -0.107632
v -0.033268 -0.561644 -0.154599
v 0.037182 -0.565558 -0.154599
v 0.037182 -0.510763 -0.111546
v 0.052838 -0.565558 -0.150685
v 0.052838 -0.514677 -0.107632
v 0.060665 -0.608611 -0.174168
v 0.060665 -0.577299 -0.138943
v 0.064579 -0.616438 -0.174168
v 0.060665 -0.585127 -0.064579
v 0.056752 -0.620352 -0.001957
v -0.056752 -0.620352 -0.001957
v -0.056752 -0.585127 0.001957
v -0.060665 -0.589041 -0.017613
v -0.060665 -0.585127 -0.064579
v -0.816047 -0.620352 0.017613
v -0.236791 -0.620352 0.021526
v 0.060665 -0.608611 0.025440
v 0.115460 -0.612524 0.021526
v -0.060665 -0.624266 0.052838
v 0.001957 -0.612524 0.052838
v 0.937378 -0.616438 0.037182
v 0.937378 -0.616438 0.052838
v -0.937378 -0.616438 0.052838
v -0.945205 -0.600783 0.060665
v -0.945205 -0.600783 0.052838
v -0.937378 -0.612524 0.037182
v 0.111546 -0.620352 0.060665
v 0.111546 -0.616438 0.064579
v 0.060665 -0.608611 0.060665
v 0.060665 -0.612524 0.052838
v -0.816047 -0.620352 0.064579
v -0.236791 -0.612524 0.064579
v -0.816047 -0.608611 0.064579
v -0.906067 -0.616438 0.064579
v 0.816047 -0.620352 0.064579
v 0.902153 -0.616438 0.064579
v 0.816047 -0.608611 0.064579
v 0.561644 -0.616438 0.064579
v 0.240705 -0.616438 0.017613
v 0.240705 -0.608611 0.017613
v 0.557730 -0.616438 0.013699
v 0.557730 -0.608611 0.013699
v 0.808219 -0.616438 0.013699
v 0.894325 -0.604697 0.013699
v 0.925636 -0.596869 0.013699
v 0.929550 -0.608611 0.021526
v -0.060665 -0.616438 0.025440
v -0.060665 -0.608611 0.021526
v 0.001957 -0.604697 0.025440
v -0.001957 -0.612524 0.033268
v -0.933464 -0.608611 0.025440
v -0.945205 -0.600783 0.037182
v -0.941292 -0.592955 0.025440
v -0.937378 -0.589041 0.017613
v -0.925636 -0.592955 0.013699
v -0.913894 -0.608611 0.017613
v 0.001957 -0.612524 0.041096
v 0.941292 -0.596869 0.025440
v 0.945205 -0.600783 0.041096
v -0.929550 -0.612524 0.064579
v -0.941292 -0.592955 0.064579
v 0.236791 -0.620352 0.064579
v 0.236791 -0.612524 0.064579
v 0.929550 -0.612524 0.064579
v 0.941292 -0.604697 0.060665
v 0.941292 -0.592955 0.064579
v 0.933464 -0.592955 0.064579
v -0.041096 -0.585127 0.017613
v 0.045010 -0.585127 0.017613
v 0.052838 -0.585127 0.021526
v -0.048924 -0.585127 0.021526
v -0.052838 -0.585127 0.013699
v -0.064579 -0.585127 0.013699
v -0.064579 -0.585127 -0.025440
v 0.060665 -0.589041 -0.017613
v 0.064579 -0.581213 -0.045010
v 0.064579 -0.585127 -0.025440
v 0.056752 -0.585127 0.001957
v 0.064579 -0.585127 0.013699
v 0.052838 -0.585127 0.013699
v 0.052838 -0.620352 0.013699
v -0.052838 -0.585127 0.009785
v -0.816047 -0.608611 0.013699
v -0.236791 -0.612524 0.021526
v -0.236791 -0.604697 0.017613
v -0.060665 -0.596869 0.021526
v 0.001957 -0.596869 0.021526
v 0.001957 -0.608611 0.060665
v 0.001957 -0.604697 0.064579
v 0.945205 -0.600783 0.052838
v 0.949119 -0.581213 0.052838
v 0.949119 -0.573385 0.064579
v -0.060665 -0.612524 0.064579
v -0.060665 -0.604697 0.064579
v -0.060665 -0.577299 -0.138943
v -0.060665 -0.545988 -0.095890
v -0.060665 -0.526419 -0.099804
v 0.808219 -0.608611 0.013699
v 0.796477 -0.592955 0.009785
v 0.816047 -0.589041 0.009785
v 0.949119 -0.581213 0.037182
v -0.816047 -0.479452 0.072407
v -0.236791 -0.600783 0.064579
v -0.236791 -0.471624 0.072407
v -0.816047 -0.467710 0.072407
v -0.906067 -0.467710 0.072407
v -0.941292 -0.463796 0.072407
v -0.949119 -0.553816 0.064579
v -0.953033 -0.565558 0.060665
v 0.111546 -0.604697 0.064579
v 0.236791 -0.471624 0.072407
v 0.111546 -0.471624 0.072407
v 0.001957 -0.592955 0.064579
v 0.561644 -0.471624 0.072407
v 0.816047 -0.479452 0.072407
v 0.816047 -0.467710 0.072407
v 0.561644 -0.467710 0.072407
v 0.906067 -0.467710 0.072407
v 0.941292 -0.463796 0.072407
v 0.906067 -0.463796 0.076321
v -0.819961 -0.589041 0.009785
v -0.796477 -0.592955 0.009785
v 0.060665 -0.596869 0.021526
v 0.064579 -0.589041 0.021526
v 0.115460 -0.600783 0.021526
v 0.295499 -0.596869 0.013699
v -0.953033 -0.565558 0.052838
v -0.949119 -0.581213 0.037182
v -0.060665 -0.471624 0.072407
v 0.295499 -0.592955 0.017613
v 0.549902 -0.589041 0.009785
v -0.870842 -0.542074 -0.001957
v -0.816047 -0.487280 -0.013699
v -0.800391 -0.487280 -0.013699
v -0.800391 -0.585127 0.009785
v 0.937378 -0.589041 0.017613
v 0.933464 -0.553816 0.005871
v 0.941292 -0.569472 0.017613
v 0.800391 -0.585127 0.009785
v 0.800391 -0.487280 -0.013699
v 0.816047 -0.487280 -0.013699
v 0.870842 -0.542074 -0.001957
v 0.917808 -0.549902 0.001957
v 0.894325 -0.483366 -0.013699
v 0.917808 -0.483366 -0.013699
v -0.792564 -0.589041 0.009785
v -0.295499 -0.589041 0.013699
v -0.949119 -0.553816 0.037182
v -0.945205 -0.569472 0.021526
v -0.060665 -0.463796 0.072407
v -0.064579 -0.589041 0.021526
v -0.095890 -0.585127 0.021526
v -0.060665 -0.585127 0.021526
v 0.001957 -0.585127 0.021526
v 0.925636 -0.479452 -0.009785
v 0.945205 -0.545988 0.021526
v 0.949119 -0.553816 0.037182
v 0.792564 -0.589041 0.009785
v 0.549902 -0.585127 0.013699
v 0.788650 -0.585127 0.017613
v 0.792564 -0.581213 0.017613
v 0.796477 -0.581213 0.009785
v -0.933464 -0.553816 0.005871
v -0.925636 -0.479452 -0.009785
v -0.917808 -0.483366 -0.013699
v -0.921722 -0.549902 0.001957
v -0.894325 -0.483366 -0.013699
v 0.095890 -0.585127 0.021526
v 0.060665 -0.585127 0.021526
v 0.091977 -0.585127 0.013699
v 0.095890 -0.581213 0.021526
v 0.099804 -0.581213 0.029354
v 0.295499 -0.585127 0.025440
v 0.295499 -0.585127 0.037182
v 0.549902 -0.585127 0.025440
v 0.949119 -0.553816 0.064579
v 0.953033 -0.459883 0.064579
v 0.949119 -0.459883 0.068493
v -0.064579 -0.581213 -0.045010
v -0.091977 -0.585127 -0.029354
v -0.091977 -0.581213 -0.045010
v -0.064579 -0.573385 -0.056752
v -0.796477 -0.581213 0.009785
v -0.796477 -0.487280 -0.009785
v -0.796477 -0.577299 0.017613
v -0.792564 -0.581213 0.017613
v -0.788650 -0.585127 0.017613
v -0.788650 -0.585127 0.033268
v -0.295499 -0.585127 0.037182
v -0.295499 -0.585127 0.025440
v -0.099804 -0.581213 0.029354
v -0.095890 -0.581213 0.021526
v -0.091977 -0.585127 0.013699
v -0.091977 -0.569472 -0.064579
v -0.064579 -0.557730 -0.072407
v 0.060665 -0.545988 -0.095890
v 0.060665 -0.526419 -0.099804
v 0.064579 -0.538160 -0.088063
v 0.064579 -0.557730 -0.072407
v 0.064579 -0.573385 -0.056752
v 0.091977 -0.569472 -0.064579
v 0.091977 -0.581213 -0.045010
v -0.095890 -0.581213 -0.029354
v 0.091977 -0.585127 -0.029354
v 0.095890 -0.581213 -0.029354
v 0.796477 -0.487280 -0.009785
v 0.792564 -0.479452 -0.013699
v 0.804305 -0.479452 -0.017613
v -0.099804 -0.573385 0.025440
v -0.099804 -0.573385 -0.045010
v 0.095890 -0.577299 -0.045010
v 0.099804 -0.573385 -0.045010
v 0.549902 -0.585127 0.033268
v 0.788650 -0.585127 0.033268
v -0.295499 -0.577299 0.037182
v -0.103718 -0.573385 0.033268
v 0.103718 -0.573385 0.033268
v 0.295499 -0.577299 0.037182
v -0.792564 -0.581213 0.033268
v -0.796477 -0.573385 0.029354
v -0.792564 -0.487280 0.033268
v -0.788650 -0.577299 0.033268
v -0.788650 -0.487280 0.033268
v -0.295499 -0.487280 0.033268
v 0.549902 -0.577299 0.033268
v 0.549902 -0.487280 0.033268
v 0.788650 -0.487280 0.033268
v 0.788650 -0.577299 0.033268
v 0.792564 -0.581213 0.033268
v 0.792564 -0.487280 0.033268
v 0.796477 -0.573385 0.029354
v 0.796477 -0.577299 0.017613
v -0.095890 -0.577299 -0.045010
v -0.095890 -0.561644 -0.068493
v 0.091977 -0.557730 -0.076321
v 0.095890 -0.561644 -0.068493
v 0.796477 -0.487280 0.029354
v 0.099804 -0.573385 0.025440
v 0.099804 -0.553816 -0.072407
v 0.099804 -0.487280 0.025440
v 0.103718 -0.487280 0.033268
v -0.103718 -0.487280 0.033268
v -0.099804 -0.487280 0.025440
v -0.099804 -0.553816 -0.072407
v 0.949119 -0.459883 0.037182
v 0.953033 -0.459883 0.052838
v 0.949119 -0.315068 0.045010
v 0.953033 -0.307241 0.060665
v 0.045010 -0.495108 -0.099804
v 0.060665 -0.502935 -0.091977
v 0.095890 -0.542074 -0.080235
v -0.796477 -0.487280 0.029354
v -0.792564 -0.479452 0.029354
v -0.788650 -0.479452 0.029354
v 0.788650 -0.479452 0.029354
v 0.792564 -0.479452 0.029354
v 0.295499 -0.487280 0.033268
v 0.295499 -0.479452 0.029354
v 0.549902 -0.479452 0.029354
v -0.099804 -0.487280 -0.072407
v -0.095890 -0.542074 -0.080235
v -0.295499 -0.479452 0.029354
v -0.103718 -0.479452 0.029354
v -0.091977 -0.557730 -0.076321
v -0.091977 -0.542074 -0.084149
v -0.945205 -0.545988 0.025440
v -0.949119 -0.459883 0.037182
v -0.941292 -0.459883 0.021526
v -0.933464 -0.459883 0.001957
v -0.953033 -0.459883 0.052838
v -0.953033 -0.459883 0.064579
v -0.953033 -0.307241 0.060665
v -0.949119 -0.315068 0.045010
v -0.949119 -0.459883 0.068493
v -0.953033 -0.452055 0.072407
v -0.953033 -0.307241 0.076321
v -0.033268 -0.510763 -0.111546
v -0.037182 -0.495108 -0.099804
v 0.091977 -0.542074 -0.084149
v 0.068493 -0.542074 -0.080235
v 0.068493 -0.491194 -0.080235
v 0.091977 -0.487280 -0.080235
v -0.068493 -0.542074 -0.080235
v -0.068493 -0.491194 -0.080235
v -0.060665 -0.502935 -0.091977
v -0.064579 -0.538160 -0.088063
v 0.099804 -0.487280 -0.072407
v 0.095890 -0.487280 -0.080235
v 0.099804 -0.479452 -0.076321
v 0.913894 -0.475538 -0.017613
v 0.917808 -0.463796 -0.017613
v 0.933464 -0.459883 0.001957
v -0.906067 -0.463796 0.076321
v -0.941292 -0.459883 0.076321
v -0.949119 -0.459883 0.076321
v 0.941292 -0.459883 0.021526
v 0.933464 -0.318982 0.005871
v 0.945205 -0.315068 0.025440
v -0.091977 -0.487280 -0.080235
v -0.095890 -0.487280 -0.080235
v -0.091977 -0.479452 -0.084149
v -0.099804 -0.479452 -0.076321
v 0.056752 -0.483366 -0.088063
v 0.064579 -0.479452 -0.084149
v 0.091977 -0.479452 -0.084149
v -0.913894 -0.475538 -0.017613
v -0.894325 -0.479452 -0.017613
v 0.894325 -0.479452 -0.017613
v -0.056752 -0.483366 -0.088063
v -0.041096 -0.479452 -0.095890
v 0.041096 -0.479452 -0.095890
v 0.048924 -0.475538 -0.095890
v -0.103718 -0.475538 -0.088063
v -0.048924 -0.475538 -0.095890
v -0.064579 -0.479452 -0.084149
v -0.804305 -0.479452 -0.017613
v -0.874755 -0.479452 -0.025440
v -0.796477 -0.479452 -0.025440
v -0.792564 -0.479452 -0.013699
v -0.788650 -0.479452 -0.017613
v 0.796477 -0.479452 -0.025440
v 0.874755 -0.479452 -0.025440
v 0.788650 -0.479452 -0.017613
v 0.103718 -0.479452 0.029354
v 0.103718 -0.475538 -0.088063
v -0.295499 -0.475538 -0.088063
v 0.549902 -0.475538 -0.088063
v -0.917808 -0.463796 -0.017613
v -0.906067 -0.471624 -0.029354
v -0.898239 -0.475538 -0.029354
v 0.001957 -0.471624 -0.099804
v 0.185910 -0.471624 -0.099804
v -0.851272 -0.475538 -0.060665
v -0.788650 -0.475538 -0.072407
v -0.295499 -0.475538 -0.095890
v 0.788650 -0.475538 -0.072407
v 0.780822 -0.475538 -0.084149
v 0.851272 -0.475538 -0.060665
v 0.898239 -0.475538 -0.029354
v 0.878669 -0.471624 -0.048924
v 0.906067 -0.471624 -0.029354
v -0.921722 -0.322896 -0.009785
v -0.909980 -0.326810 -0.025440
v -0.906067 -0.459883 -0.029354
v 0.295499 -0.475538 -0.088063
v 0.295499 -0.475538 -0.095890
v 0.549902 -0.475538 -0.095890
v -0.780822 -0.475538 -0.084149
v -0.295499 -0.471624 -0.099804
v -0.780822 -0.467710 -0.088063
v -0.295499 -0.467710 -0.103718
v 0.185910 -0.467710 -0.103718
v 0.549902 -0.467710 -0.103718
v 0.549902 -0.471624 -0.099804
v 0.780822 -0.467710 -0.088063
v -0.878669 -0.471624 -0.048924
v -0.847358 -0.471624 -0.068493
v -0.847358 -0.459883 -0.072407
v -0.780822 -0.459883 -0.088063
v -0.295499 -0.459883 -0.103718
v 0.847358 -0.471624 -0.068493
v 0.847358 -0.459883 -0.072407
v -0.878669 -0.459883 -0.052838
v 0.906067 -0.459883 -0.029354
v 0.909980 -0.326810 -0.025440
v 0.921722 -0.322896 -0.009785
v 0.185910 -0.459883 -0.103718
v 0.780822 -0.459883 -0.088063
v 0.816047 -0.416830 -0.080235
v 0.847358 -0.322896 -0.068493
v 0.866928 -0.326810 -0.060665
v 0.878669 -0.459883 -0.052838
v 0.886497 -0.326810 -0.045010
v -0.236791 -0.463796 0.072407
v -0.236791 -0.463796 0.076321
v -0.816047 -0.463796 0.076321
v 0.236791 -0.463796 0.072407
v 0.561644 -0.463796 0.076321
v 0.236791 -0.463796 0.076321
v 0.111546 -0.463796 0.072407
v 0.111546 -0.463796 0.076321
v -0.060665 -0.463796 0.076321
v 0.549902 -0.459883 -0.103718
v 0.545988 -0.322896 -0.103718
v 0.686888 -0.322896 -0.099804
v -0.906067 -0.463796 0.084149
v 0.816047 -0.463796 0.076321
v 0.906067 -0.463796 0.084149
v 0.816047 -0.463796 0.084149
v -0.060665 -0.463796 0.084149
v -0.236791 -0.463796 0.084149
v 0.949119 -0.459883 0.076321
v 0.953033 -0.452055 0.072407
v 0.953033 -0.452055 0.084149
v 0.949119 -0.459883 0.084149
v 0.941292 -0.459883 0.076321
v 0.941292 -0.459883 0.084149
v -0.816047 -0.463796 0.084149
v -0.816047 -0.459883 0.088063
v -0.906067 -0.459883 0.088063
v 0.236791 -0.463796 0.084149
v 0.561644 -0.463796 0.084149
v 0.561644 -0.459883 0.088063
v 0.236791 -0.459883 0.088063
v 0.111546 -0.463796 0.084149
v 0.111546 -0.459883 0.088063
v -0.060665 -0.459883 0.088063
v 0.816047 -0.459883 0.088063
v -0.941292 -0.459883 0.084149
v -0.941292 -0.459883 0.088063
v -0.949119 -0.459883 0.084149
v -0.236791 -0.459883 0.088063
v -0.236791 -0.455969 0.091976
v -0.816047 -0.455969 0.091976
v 0.906067 -0.459883 0.088063
v 0.941292 -0.459883 0.088063
v 0.906067 -0.455969 0.091976
v -0.686888 -0.322896 -0.099804
v -0.780822 -0.315068 -0.088063
v -0.702544 -0.260274 -0.095890
v -0.686888 -0.283757 -0.099804
v -0.295499 -0.322896 -0.103718
v 0.185910 -0.322896 -0.103718
v 0.185910 -0.287671 -0.107632
v 0.545988 -0.287671 -0.107632
v -0.816047 -0.416830 -0.080235
v -0.847358 -0.322896 -0.068493
v -0.816047 -0.318982 -0.080235
v 0.780822 -0.315068 -0.088063
v 0.702544 -0.260274 -0.095890
v 0.780822 -0.240704 -0.084149
v 0.816047 -0.244618 -0.076321
v 0.816047 -0.318982 -0.080235
v -0.866928 -0.326810 -0.060665
v -0.886497 -0.326810 -0.045010
v -0.866928 -0.252446 -0.056752
v -0.886497 -0.252446 -0.045010
v 0.866928 -0.252446 -0.056752
v 0.886497 -0.252446 -0.045010
v -0.933464 -0.318982 0.005871
v -0.945205 -0.315068 0.025440
v -0.933464 -0.244618 0.009785
v -0.921722 -0.248532 -0.009785
v 0.909980 -0.252446 -0.025440
v 0.921722 -0.248532 -0.009785
v -0.945205 -0.240704 0.029354
v 0.933464 -0.244618 0.009785
v 0.945205 -0.240704 0.029354
v 0.953033 -0.307241 0.076321
v 0.953033 -0.307241 0.088063
v 0.949119 -0.236791 0.045010
v 0.953033 -0.232877 0.064579
v -0.953033 -0.452055 0.084149
v -0.949119 -0.455969 0.088063
v -0.941292 -0.452055 0.091976
v -0.945205 -0.315068 0.091976
v -0.953033 -0.307241 0.088063
v 0.949119 -0.455969 0.088063
v 0.941292 -0.452055 0.091976
v 0.945205 -0.315068 0.091976
v -0.906067 -0.455969 0.091976
v -0.835616 -0.358121 0.091976
v -0.835616 -0.307241 0.091976
v -0.839530 -0.091977 0.103718
v -0.941292 -0.315068 0.091976
v -0.060665 -0.455969 0.091976
v 0.111546 -0.455969 0.091976
v -0.060665 -0.358121 0.091976
v -0.236791 -0.358121 0.091976
v 0.236791 -0.455969 0.091976
v 0.561644 -0.455969 0.091976
v 0.561644 -0.358121 0.091976
v 0.236791 -0.358121 0.091976
v 0.816047 -0.455969 0.091976
v 0.835616 -0.358121 0.091976
v -0.827789 -0.350294 0.091976
v 0.111546 -0.358121 0.091976
v 0.236791 -0.346380 0.091976
v 0.111546 -0.346380 0.091976
v -0.060665 -0.346380 0.091976
v 0.941292 -0.315068 0.091976
v 0.945205 -0.236791 0.095890
v 0.941292 -0.236791 0.095890
v 0.839530 -0.091977 0.103718
v 0.835616 -0.307241 0.091976
v 0.831703 -0.303327 0.091976
v 0.827789 -0.350294 0.091976
v -0.953033 -0.232877 0.091976
v -0.953033 -0.232877 0.080235
v -0.941292 -0.236791 0.095890
v -0.945205 -0.236791 0.095890
v 0.847358 -0.248532 -0.068493
v -0.236791 -0.346380 0.091976
v -0.236791 -0.342466 0.088063
v -0.819961 -0.346380 0.088063
v 0.561644 -0.346380 0.091976
v 0.819961 -0.346380 0.088063
v 0.561644 -0.342466 0.088063
v -0.823875 -0.342466 0.088063
v -0.819961 -0.342466 0.080235
v -0.823875 -0.338552 0.080235
v -0.827789 -0.299413 0.088063
v -0.831703 -0.303327 0.091976
v -0.831703 -0.088063 0.103718
v 0.823875 -0.342466 0.088063
v 0.827789 -0.299413 0.088063
v 0.823875 -0.338552 0.080235
v 0.819961 -0.342466 0.080235
v -0.236791 -0.338552 0.080235
v -0.236791 -0.338552 0.076321
v -0.819961 -0.338552 0.076321
v 0.819961 -0.338552 0.076321
v 0.561644 -0.338552 0.076321
v 0.561644 -0.338552 0.080235
v -0.060665 -0.342466 0.088063
v 0.111546 -0.342466 0.088063
v -0.060665 -0.338552 0.080235
v 0.236791 -0.342466 0.088063
v 0.236791 -0.338552 0.080235
v 0.111546 -0.338552 0.080235
v 0.236791 -0.338552 0.076321
v 0.111546 -0.338552 0.076321
v -0.060665 -0.338552 0.076321
v -0.819961 -0.334638 0.076321
v -0.236791 -0.330724 0.076321
v -0.819961 -0.291585 0.076321
v -0.827789 -0.295499 0.080235
v -0.060665 -0.330724 0.076321
v 0.236791 -0.330724 0.076321
v 0.561644 -0.330724 0.076321
v 0.561644 -0.287671 0.076321
v 0.236791 -0.287671 0.076321
v 0.111546 -0.330724 0.076321
v 0.111546 -0.287671 0.076321
v -0.060665 -0.287671 0.076321
v 0.819961 -0.334638 0.076321
v 0.827789 -0.295499 0.080235
v 0.819961 -0.291585 0.076321
v -0.827789 -0.084149 0.091977
v -0.831703 -0.088063 0.099804
v 0.831703 -0.088063 0.103718
v 0.831703 -0.088063 0.099804
v -0.236791 -0.287671 0.076321
v -0.236791 -0.076321 0.088063
v -0.823875 -0.080235 0.088063
v 0.827789 -0.084149 0.091977
v 0.823875 -0.080235 0.088063
v -0.909980 -0.252446 -0.025440
v -0.909980 -0.174168 -0.021526
v -0.886497 -0.174168 -0.041096
v 0.866928 -0.174168 -0.056752
v 0.886497 -0.174168 -0.041096
v -0.295499 -0.287671 -0.107632
v -0.624266 -0.279843 -0.103718
v -0.295499 -0.279843 -0.107632
v 0.185910 -0.279843 -0.107632
v 0.686888 -0.283757 -0.099804
v 0.624266 -0.279843 -0.103718
v 0.679061 -0.272016 -0.099804
v -0.847358 -0.248532 -0.068493
v -0.866928 -0.174168 -0.056752
v -0.847358 -0.174168 -0.064579
v -0.816047 -0.244618 -0.076321
v -0.816047 -0.170254 -0.076321
v -0.780822 -0.240704 -0.084149
v 0.816047 -0.170254 -0.076321
v 0.847358 -0.174168 -0.064579
v 0.909980 -0.174168 -0.021526
v 0.921722 -0.170254 -0.005871
v -0.726027 -0.213307 -0.091977
v -0.698630 -0.252446 -0.099804
v -0.679061 -0.272016 -0.099804
v -0.949119 -0.236791 0.045010
v -0.953033 -0.232877 0.064579
v -0.949119 -0.158513 0.048924
v -0.945205 -0.162427 0.029354
v 0.933464 -0.166341 0.009785
v 0.945205 -0.162427 0.029354
v -0.945205 -0.158513 0.099804
v -0.949119 -0.154599 0.095890
v 0.953033 -0.232877 0.091976
v 0.953033 -0.232877 0.080235
v 0.953033 -0.154599 0.084149
v 0.949119 -0.154599 0.095890
v -0.953033 -0.154599 0.068493
v 0.949119 -0.158513 0.048924
v 0.953033 -0.154599 0.068493
v 0.941292 -0.158513 0.099804
v 0.941292 -0.076321 0.107632
v 0.839530 -0.009785 0.107632
v -0.831703 -0.005871 0.103718
v -0.835616 -0.005871 0.107632
v 0.835616 -0.005871 0.107632
v 0.831703 -0.005871 0.103718
v -0.823875 -0.001957 0.091977
v -0.827789 -0.001957 0.095890
v 0.545988 -0.279843 -0.107632
v 0.545988 -0.275930 -0.115460
v 0.620352 -0.272016 -0.111546
v -0.060665 -0.076321 0.088063
v 0.111546 -0.076321 0.088063
v -0.060665 0.005871 0.091977
v -0.236791 0.005871 0.091977
v 0.236791 -0.076321 0.088063
v 0.561644 -0.076321 0.088063
v 0.561644 0.005871 0.091977
v 0.236791 0.005871 0.091977
v 0.823875 -0.001957 0.091977
v -0.682975 -0.256360 -0.107632
v -0.659491 -0.268102 -0.111546
v -0.620352 -0.272016 -0.111546
v -0.632094 -0.236791 -0.146771
v -0.592955 -0.244618 -0.146771
v -0.295499 -0.275930 -0.115460
v -0.295499 -0.244618 -0.150685
v 0.185910 -0.244618 -0.150685
v 0.185910 -0.275930 -0.115460
v 0.542074 -0.244618 -0.150685
v 0.608611 -0.240704 -0.146771
v 0.659491 -0.268102 -0.111546
v 0.639922 -0.232877 -0.146771
v 0.663405 -0.221135 -0.142857
v 0.682975 -0.256360 -0.107632
v 0.185910 -0.228963 -0.166341
v 0.538160 -0.228963 -0.166341
v 0.600783 -0.225049 -0.166341
v 0.636008 -0.217221 -0.162427
v 0.698630 -0.252446 -0.099804
v 0.698630 -0.232877 -0.103718
v 0.718200 -0.209393 -0.095890
v 0.726027 -0.213307 -0.091977
v -0.663405 -0.221135 -0.142857
v -0.698630 -0.232877 -0.103718
v -0.679061 -0.201566 -0.142857
v -0.651663 -0.205479 -0.162427
v 0.737769 -0.146771 -0.088063
v 0.784736 -0.166341 -0.084149
v -0.718200 -0.209393 -0.095890
v -0.714286 -0.201566 -0.103718
v 0.655577 -0.205479 -0.162427
v 0.679061 -0.201566 -0.142857
v -0.784736 -0.166341 -0.084149
v -0.737769 -0.146771 -0.088063
v -0.866928 -0.095890 -0.052838
v 0.866928 -0.095890 -0.052838
v 0.886497 -0.095890 -0.041096
v 0.909980 -0.095890 -0.021526
v -0.921722 -0.170254 -0.005871
v -0.933464 -0.166341 0.009785
v -0.921722 -0.091977 -0.005871
v -0.909980 -0.095890 -0.021526
v -0.585127 -0.228963 -0.166341
v -0.624266 -0.221135 -0.166341
v -0.620352 -0.213307 -0.174168
v -0.585127 -0.217221 -0.174168
v -0.295499 -0.228963 -0.166341
v -0.295499 -0.221135 -0.174168
v 0.185910 -0.221135 -0.174168
v 0.538160 -0.221135 -0.174168
v 0.600783 -0.217221 -0.174168
v -0.647750 -0.197652 -0.174168
v -0.933464 -0.088063 0.013699
v 0.921722 -0.091977 -0.005871
v 0.933464 -0.088063 0.013699
v -0.847358 -0.095890 -0.064579
v -0.819961 -0.091977 -0.076321
v 0.784736 -0.088063 -0.084149
v 0.819961 -0.091977 -0.076321
v 0.945205 -0.084149 0.033268
v 0.949119 -0.080235 0.052838
v -0.941292 -0.158513 0.099804
v -0.941292 -0.076321 0.107632
v -0.945205 -0.076321 0.103718
v 0.945205 -0.158513 0.099804
v 0.949119 -0.076321 0.099804
v 0.945205 -0.076321 0.103718
v 0.632094 -0.209393 -0.174168
v 0.651663 -0.197652 -0.174168
v 0.714286 -0.201566 -0.103718
v 0.694716 -0.170254 -0.142857
v 0.726027 -0.142857 -0.099804
v 0.729941 -0.146771 -0.091977
v -0.953033 -0.154599 0.084149
v -0.953033 -0.076321 0.088063
v -0.953033 -0.076321 0.072407
v 0.953033 -0.076321 0.072407
v 0.953033 -0.076321 0.088063
v 0.185910 -0.213307 -0.178082
v 0.538160 -0.213307 -0.178082
v 0.596869 -0.209393 -0.178082
v 0.628180 -0.201566 -0.178082
v -0.295499 -0.213307 -0.178082
v -0.585127 -0.213307 -0.178082
v -0.295499 -0.205479 -0.178082
v 0.185910 -0.205479 -0.178082
v 0.538160 -0.205479 -0.178082
v 0.596869 -0.201566 -0.178082
v -0.620352 -0.205479 -0.178082
v -0.585127 -0.201566 -0.178082
v 0.185910 0.021527 -0.181996
v -0.671233 -0.185910 -0.162427
v -0.667319 -0.178082 -0.174168
v -0.643836 -0.193738 -0.178082
v -0.729941 -0.146771 -0.091977
v -0.741683 -0.072407 -0.088063
v -0.737769 -0.072407 -0.091977
v -0.726027 -0.142857 -0.099804
v 0.737769 -0.072407 -0.091977
v 0.741683 -0.072407 -0.088063
v -0.620352 -0.193738 -0.178082
v -0.643836 -0.181996 -0.178082
v -0.624266 0.021527 -0.181996
v -0.585127 0.021527 -0.181996
v -0.295499 0.021527 -0.181996
v -0.295499 0.025440 -0.181996
v 0.185910 0.025440 -0.181996
v 0.538160 0.021527 -0.181996
v 0.538160 0.025440 -0.181996
v 0.600783 0.021527 -0.181996
v -0.694716 -0.170254 -0.142857
v -0.686888 -0.158513 -0.162427
v 0.671233 -0.185910 -0.162427
v 0.667319 -0.178082 -0.174168
v 0.686888 -0.158513 -0.162427
v 0.628180 -0.193738 -0.178082
v 0.628180 0.021527 -0.181996
v 0.643836 -0.181996 -0.178082
v 0.647750 -0.189824 -0.178082
v 0.663405 -0.174168 -0.178082
v -0.706458 -0.123288 -0.142857
v -0.663405 -0.174168 -0.178082
v -0.679061 -0.150685 -0.174168
v -0.675147 -0.146771 -0.178082
v -0.655577 -0.166341 -0.178082
v -0.667319 -0.142857 -0.178082
v -0.679061 -0.099804 -0.181996
v -0.682975 -0.041096 -0.181996
v -0.686888 0.021527 -0.181996
v -0.636008 0.037182 -0.181996
v -0.624266 0.029354 -0.185910
v 0.659491 -0.166341 -0.178082
v 0.667319 -0.142857 -0.178082
v 0.675147 -0.146771 -0.178082
v -0.698630 -0.111546 -0.162427
v -0.690802 -0.107632 -0.174168
v 0.679061 -0.150685 -0.174168
v 0.690802 -0.107632 -0.174168
v 0.698630 -0.111546 -0.162427
v -0.886497 -0.095890 -0.041096
v -0.866928 -0.017612 -0.052838
v 0.847358 -0.095890 -0.064579
v 0.847358 -0.017612 -0.060665
v 0.866928 -0.017612 -0.052838
v -0.886497 -0.017612 -0.037182
v 0.886497 -0.017612 -0.037182
v 0.706458 -0.123288 -0.142857
v 0.714286 -0.056751 -0.142857
v 0.733855 -0.068493 -0.099804
v 0.909980 -0.017613 -0.017613
v 0.921722 -0.013699 -0.001957
v -0.686888 -0.103718 -0.178082
v -0.784736 -0.088063 -0.084149
v -0.819961 -0.013699 -0.072407
v -0.788650 -0.009785 -0.080235
v -0.945205 -0.084149 0.033268
v -0.949119 -0.080235 0.052838
v -0.945205 -0.005871 0.037182
v -0.933464 -0.009785 0.013699
v 0.933464 -0.009785 0.013699
v 0.945205 -0.005871 0.037182
v -0.733855 -0.068493 -0.099804
v -0.714286 -0.056751 -0.142857
v -0.949119 -0.001957 0.056752
v -0.949119 -0.076321 0.099804
v -0.949119 0.001957 0.103718
v -0.953033 0.001957 0.091977
v 0.949119 0.001957 0.103718
v 0.945205 0.001957 0.107632
v 0.949119 -0.001957 0.056752
v 0.953033 0.001957 0.076321
v 0.953033 0.001957 0.091977
v 0.686888 -0.103718 -0.178082
v 0.679061 -0.099804 -0.181996
v 0.690802 -0.045010 -0.178082
v 0.698630 -0.045010 -0.174168
v 0.745597 0.001957 -0.088063
v 0.788650 -0.009785 -0.080235
v -0.698630 -0.045010 -0.174168
v -0.690802 -0.045010 -0.178082
v 0.624266 0.029354 -0.185910
v 0.636008 0.037182 -0.181996
v 0.686888 0.021527 -0.181996
v 0.682975 -0.041096 -0.181996
v -0.745597 0.001957 -0.088063
v -0.741683 0.001957 -0.091977
v 0.733855 0.005871 -0.099804
v 0.741683 0.001957 -0.091977
v -0.702544 -0.048924 -0.162427
v -0.718200 0.013699 -0.142857
v -0.710372 0.017613 -0.162427
v 0.702544 -0.048924 -0.162427
v 0.710372 0.017613 -0.162427
v 0.718200 0.013699 -0.142857
v -0.702544 0.021527 -0.174168
v -0.694716 0.021527 -0.178082
v 0.694716 0.021527 -0.178082
v 0.702544 0.021527 -0.174168
v -0.847358 -0.017612 -0.060665
v -0.866928 0.060665 -0.048924
v -0.847358 0.060665 -0.060665
v -0.909980 -0.017613 -0.017613
v -0.921722 -0.013699 -0.001957
v -0.909980 0.060665 -0.017612
v -0.886497 0.060665 -0.037182
v 0.866928 0.060665 -0.048924
v 0.886497 0.060665 -0.037182
v 0.819961 -0.013699 -0.072407
v 0.819961 0.064579 -0.072407
v 0.847358 0.060665 -0.060665
v -0.921722 0.064579 -0.001957
v -0.839530 -0.009785 0.107632
v -0.839530 0.072407 0.111546
v -0.941292 0.001957 0.107632
v 0.909980 0.060665 -0.017612
v 0.921722 0.064579 -0.001957
v 0.941292 0.001957 0.107632
v 0.839530 0.072407 0.111546
v -0.827789 0.076321 0.099804
v -0.831703 0.076321 0.107632
v 0.827789 -0.001957 0.095890
v 0.831703 0.076321 0.107632
v 0.827789 0.076321 0.099804
v 0.933464 0.068493 0.017613
v 0.945205 0.072407 0.037182
v -0.953033 0.001957 0.076321
v -0.953033 0.080235 0.076321
v -0.949119 0.076321 0.056752
v -0.236791 0.084149 0.095890
v -0.823875 0.080235 0.095890
v 0.111546 0.005871 0.091977
v 0.236791 0.084149 0.095890
v 0.111546 0.084149 0.095890
v -0.060665 0.084149 0.095890
v 0.953033 0.080235 0.076321
v 0.953033 0.080235 0.095890
v -0.945205 0.001957 0.107632
v -0.945205 0.080235 0.111546
v -0.949119 0.080235 0.107632
v 0.949119 0.080235 0.107632
v 0.945205 0.080235 0.111546
v 0.741683 0.076321 -0.088063
v 0.749511 0.076321 -0.084149
v -0.819961 0.064579 -0.072407
v -0.788650 0.068493 -0.080235
v -0.733855 0.005871 -0.099804
v -0.741683 0.076321 -0.088063
v -0.737769 0.080235 -0.095890
v 0.726027 0.084149 -0.138943
v 0.737769 0.080235 -0.095890
v -0.726027 0.084149 -0.138943
v -0.718200 0.088063 -0.158513
v 0.714286 0.088063 -0.170254
v 0.718200 0.088063 -0.158513
v -0.714286 0.088063 -0.170254
v -0.706458 0.088063 -0.174168
v 0.651663 0.088063 -0.181996
v 0.706458 0.088063 -0.174168
v 0.847358 0.138943 -0.060665
v 0.866928 0.138943 -0.048924
v -0.866928 0.138943 -0.048924
v 0.886497 0.138943 -0.033268
v -0.847358 0.138943 -0.060665
v -0.819961 0.142857 -0.072407
v 0.788650 0.068493 -0.080235
v 0.788650 0.142857 -0.080235
v 0.819961 0.142857 -0.072407
v -0.933464 0.068493 0.017613
v -0.945205 0.072407 0.037182
v -0.933464 0.146771 0.017613
v -0.921722 0.142857 0.001957
v 0.909980 0.138943 -0.013699
v 0.921722 0.142857 0.001957
v -0.945205 0.150685 0.041096
v -0.835616 0.072407 0.111546
v -0.835616 0.154599 0.115460
v -0.839530 0.154599 0.115460
v 0.835616 0.072407 0.111546
v 0.839530 0.154599 0.115460
v 0.835616 0.154599 0.115460
v 0.949119 0.076321 0.056752
v 0.945205 0.150685 0.041096
v 0.949119 0.154599 0.060665
v -0.823875 0.158513 0.099804
v -0.827789 0.158513 0.103718
v 0.823875 0.080235 0.095890
v 0.827789 0.158513 0.103718
v 0.823875 0.158513 0.099804
v 0.561644 0.084149 0.095890
v -0.749511 0.076321 -0.084149
v -0.788650 0.142857 -0.080235
v -0.749511 0.150685 -0.084149
v -0.953033 0.080235 0.095890
v -0.953033 0.158513 0.095890
v -0.953033 0.158513 0.080235
v 0.953033 0.158513 0.080235
v 0.953033 0.158513 0.095890
v -0.941292 0.080235 0.111546
v -0.941292 0.158513 0.115460
v -0.945205 0.158513 0.115460
v 0.941292 0.080235 0.111546
v 0.945205 0.158513 0.115460
v 0.941292 0.158513 0.115460
v 0.741683 0.154599 -0.095890
v 0.745597 0.150685 -0.088063
v -0.060665 0.162427 0.099804
v -0.236791 0.162427 0.099804
v 0.561644 0.162427 0.099804
v -0.745597 0.150685 -0.088063
v -0.741683 0.154599 -0.095890
v 0.726027 0.158513 -0.154599
v 0.729941 0.158513 -0.146771
v -0.651663 0.088063 -0.181996
v -0.651663 0.158513 -0.170254
v -0.647750 0.158513 -0.174168
v -0.647750 0.088063 -0.181996
v -0.636008 0.041096 -0.185910
v -0.585127 0.025440 -0.181996
v -0.585127 0.029354 -0.197652
v -0.295499 0.029354 -0.197652
v 0.600783 0.025440 -0.181996
v 0.538160 0.029354 -0.197652
v 0.600783 0.029354 -0.197652
v 0.651663 0.158513 -0.170254
v 0.718200 0.158513 -0.158513
v -0.729941 0.158513 -0.146771
v -0.726027 0.158513 -0.154599
v 0.185910 0.029354 -0.197652
v 0.185910 0.033268 -0.201566
v -0.624266 0.033268 -0.197652
v -0.632094 0.045010 -0.197652
v -0.624266 0.041096 -0.201566
v -0.585127 0.033268 -0.201566
v -0.295499 0.033268 -0.201566
v -0.295499 0.041096 -0.201566
v 0.185910 0.041096 -0.201566
v 0.538160 0.033268 -0.201566
v 0.538160 0.041096 -0.201566
v 0.600783 0.033268 -0.201566
v 0.624266 0.033268 -0.197652
v 0.624266 0.041096 -0.201566
v 0.632094 0.045010 -0.197652
v 0.636008 0.041096 -0.185910
v 0.647750 0.088063 -0.181996
v -0.585127 0.041096 -0.201566
v -0.624266 0.048924 -0.201566
v -0.585127 0.158513 -0.201566
v -0.295499 0.158513 -0.201566
v 0.600783 0.041096 -0.201566
v 0.538160 0.158513 -0.201566
v 0.600783 0.158513 -0.201566
v 0.624266 0.048924 -0.201566
v -0.632094 0.048924 -0.201566
v -0.643836 0.088063 -0.197652
v -0.639922 0.088063 -0.201566
v -0.636008 0.088063 -0.201566
v 0.185910 0.158513 -0.201566
v 0.185910 0.283757 -0.201566
v 0.632094 0.048924 -0.201566
v 0.636008 0.088063 -0.201566
v 0.639922 0.088063 -0.201566
v 0.643836 0.088063 -0.197652
v -0.643836 0.158513 -0.197652
v 0.639922 0.158513 -0.201566
v 0.643836 0.158513 -0.197652
v -0.636008 0.158513 -0.201566
v -0.636008 0.221135 -0.201566
v -0.585127 0.283757 -0.201566
v -0.295499 0.283757 -0.201566
v 0.538160 0.283757 -0.201566
v 0.600783 0.283757 -0.201566
v 0.636008 0.221135 -0.201566
v 0.636008 0.158513 -0.201566
v -0.886497 0.138943 -0.033268
v -0.866928 0.217221 -0.045010
v -0.909980 0.138943 -0.013699
v -0.886497 0.217221 -0.033268
v -0.909980 0.217221 -0.013699
v 0.866928 0.217221 -0.045010
v 0.886497 0.217221 -0.033268
v 0.819961 0.217221 -0.068493
v 0.847358 0.217221 -0.056751
v -0.847358 0.217221 -0.056751
v -0.819961 0.217221 -0.068493
v 0.933464 0.146771 0.017613
v 0.921722 0.221135 0.001957
v 0.933464 0.225049 0.021527
v -0.788650 0.221135 -0.076321
v -0.749511 0.225049 -0.080235
v 0.749511 0.150685 -0.084149
v 0.749511 0.225049 -0.080235
v 0.788650 0.221135 -0.076321
v -0.949119 0.154599 0.060665
v -0.949119 0.232877 0.064579
v -0.945205 0.228963 0.041096
v -0.831703 0.154599 0.111546
v -0.831703 0.236791 0.115460
v -0.835616 0.236791 0.119374
v 0.831703 0.154599 0.111546
v 0.835616 0.236791 0.119374
v 0.831703 0.236791 0.115460
v 0.945205 0.228963 0.041096
v 0.949119 0.232877 0.064579
v -0.949119 0.158513 0.107632
v -0.949119 0.236791 0.111546
v -0.953033 0.236791 0.099804
v 0.949119 0.158513 0.107632
v 0.953033 0.236791 0.099804
v 0.949119 0.236791 0.111546
v -0.745597 0.228963 -0.084149
v -0.741683 0.228963 -0.091976
v -0.729941 0.232877 -0.135029
v 0.729941 0.232877 -0.135029
v 0.741683 0.228963 -0.091976
v 0.745597 0.228963 -0.084149
v -0.236791 0.244618 0.103718
v -0.823875 0.240705 0.103718
v 0.236791 0.162427 0.099804
v 0.561644 0.244618 0.103718
v 0.236791 0.244618 0.103718
v 0.111546 0.162427 0.099804
v 0.111546 0.244618 0.103718
v -0.060665 0.244618 0.103718
v -0.639922 0.158513 -0.201566
v -0.639922 0.221135 -0.201566
v 0.647750 0.158513 -0.174168
v 0.643836 0.221135 -0.197652
v 0.647750 0.228963 -0.162427
v -0.718200 0.158513 -0.158513
v -0.718200 0.232877 -0.146771
v -0.655577 0.228963 -0.154599
v 0.655577 0.228963 -0.154599
v 0.718200 0.232877 -0.146771
v -0.866928 0.295499 -0.045010
v -0.847358 0.295499 -0.056751
v 0.847358 0.295499 -0.056751
v 0.866928 0.295499 -0.045010
v 0.909980 0.217221 -0.013699
v 0.886497 0.295499 -0.029354
v 0.909980 0.295499 -0.009785
v -0.819961 0.295499 -0.068493
v -0.788650 0.299413 -0.076321
v 0.788650 0.299413 -0.076321
v 0.819961 0.295499 -0.068493
v -0.921722 0.221135 0.001957
v -0.933464 0.225049 0.021527
v -0.921722 0.299413 0.005871
v -0.909980 0.295499 -0.009785
v -0.933464 0.303327 0.025440
v -0.749511 0.303327 -0.080235
v -0.745597 0.303327 -0.084149
v 0.745597 0.303327 -0.084149
v 0.749511 0.303327 -0.080235
v 0.921722 0.299413 0.005871
v 0.933464 0.303327 0.025440
v -0.839530 0.232877 0.119374
v -0.839530 0.315068 0.123288
v -0.941292 0.236791 0.119374
v 0.839530 0.232877 0.119374
v 0.941292 0.236791 0.119374
v 0.839530 0.315068 0.123288
v -0.350294 0.287671 -0.201566
v -0.295499 0.287671 -0.201566
v 0.185910 0.287671 -0.201566
v 0.299413 0.287671 -0.201566
v 0.538160 0.287671 -0.201566
v 0.639922 0.221135 -0.201566
v 0.632094 0.268102 -0.201566
v 0.636008 0.268102 -0.197652
v -0.643836 0.221135 -0.197652
v -0.647750 0.228963 -0.162427
v -0.639922 0.272016 -0.193738
v -0.636008 0.268102 -0.197652
v -0.647750 0.287671 -0.154599
v 0.639922 0.272016 -0.193738
v 0.647750 0.287671 -0.154599
v -0.726027 0.232877 -0.142857
v -0.726027 0.307241 -0.135029
v -0.718200 0.307241 -0.138943
v 0.726027 0.232877 -0.142857
v 0.718200 0.307241 -0.138943
v 0.726027 0.307241 -0.135029
v -0.953033 0.236791 0.084149
v -0.953033 0.315068 0.088063
v -0.949119 0.311155 0.064579
v 0.953033 0.236791 0.084149
v 0.949119 0.311155 0.064579
v 0.953033 0.315068 0.088063
v -0.827789 0.236791 0.107632
v -0.827789 0.318982 0.111546
v -0.831703 0.315068 0.119374
v 0.827789 0.236791 0.107632
v 0.831703 0.315068 0.119374
v 0.827789 0.318982 0.111546
v 0.823875 0.240705 0.103718
v 0.823875 0.318982 0.107632
v -0.945205 0.236791 0.119374
v -0.945205 0.315068 0.123288
v -0.949119 0.315068 0.119374
v 0.945205 0.236791 0.119374
v 0.949119 0.315068 0.119374
v 0.945205 0.315068 0.123288
v -0.060665 0.322896 0.107632
v -0.236791 0.322896 0.107632
v -0.866928 0.373777 -0.045010
v -0.847358 0.373777 -0.056751
v 0.819961 0.373777 -0.068493
v 0.847358 0.373777 -0.056751
v -0.886497 0.295499 -0.029354
v 0.866928 0.373777 -0.045010
v -0.909980 0.373777 -0.009785
v -0.886497 0.373777 -0.029354
v -0.632094 0.268102 -0.201566
v -0.624266 0.279843 -0.201566
v 0.600783 0.291585 -0.201566
v 0.624266 0.279843 -0.201566
v 0.628180 0.283757 -0.197652
v 0.886497 0.373777 -0.029354
v 0.909980 0.373777 -0.009785
v -0.819961 0.373777 -0.068493
v -0.788650 0.373777 -0.076321
v 0.749511 0.377691 -0.080235
v 0.788650 0.373777 -0.076321
v -0.651663 0.295499 -0.146771
v -0.718200 0.381605 -0.138943
v -0.639922 0.315068 -0.146771
v -0.636008 0.307241 -0.150685
v 0.651663 0.295499 -0.146771
v 0.636008 0.307241 -0.150685
v 0.639922 0.315068 -0.146771
v 0.718200 0.381605 -0.138943
v -0.737769 0.303327 -0.088063
v -0.745597 0.377691 -0.084149
v -0.737769 0.377691 -0.088063
v -0.729941 0.307241 -0.127202
v 0.737769 0.303327 -0.088063
v 0.729941 0.307241 -0.127202
v 0.737769 0.377691 -0.088063
v 0.745597 0.377691 -0.084149
v -0.945205 0.307241 0.045010
v -0.945205 0.385519 0.048924
v -0.933464 0.381605 0.025440
v 0.945205 0.307241 0.045010
v 0.933464 0.381605 0.025440
v 0.945205 0.385519 0.048924
v -0.729941 0.381605 -0.127202
v -0.726027 0.381605 -0.135029
v 0.726027 0.381605 -0.135029
v 0.729941 0.381605 -0.127202
v -0.953033 0.315068 0.103718
v -0.953033 0.393346 0.107632
v -0.953033 0.393346 0.091977
v 0.953033 0.315068 0.103718
v 0.953033 0.393346 0.091977
v 0.953033 0.393346 0.107632
v -0.835616 0.315068 0.123288
v -0.835616 0.397260 0.127202
v -0.839530 0.397260 0.127202
v 0.835616 0.315068 0.123288
v 0.839530 0.397260 0.127202
v 0.835616 0.397260 0.127202
v -0.941292 0.315068 0.123288
v -0.941292 0.393346 0.127202
v -0.945205 0.393346 0.127202
v 0.941292 0.315068 0.123288
v 0.945205 0.393346 0.127202
v 0.941292 0.393346 0.127202
v -0.823875 0.318982 0.107632
v -0.823875 0.397260 0.111546
v -0.827789 0.397260 0.115460
v 0.236791 0.322896 0.107632
v 0.561644 0.322896 0.107632
v 0.561644 0.401174 0.111546
v 0.236791 0.405088 0.111546
v 0.111546 0.322896 0.107632
v 0.111546 0.405088 0.111546
v -0.060665 0.405088 0.111546
v 0.823875 0.397260 0.111546
v -0.628180 0.283757 -0.197652
v -0.628180 0.287671 -0.193738
v -0.616438 0.291585 -0.197652
v -0.616438 0.287671 -0.201566
v -0.616438 0.295499 -0.193738
v 0.628180 0.287671 -0.193738
v 0.600783 0.295499 -0.197652
v 0.600783 0.299413 -0.193738
v -0.585127 0.291585 -0.201566
v 0.538160 0.295499 -0.197652
v -0.585127 0.295499 -0.197652
v -0.354207 0.291585 -0.197652
v 0.185910 0.354207 -0.201566
v 0.295499 0.291585 -0.201566
v -0.342466 0.291585 -0.201566
v -0.346380 0.295499 -0.197652
v -0.330724 0.315068 -0.201566
v -0.295499 0.354207 -0.201566
v -0.330724 0.354207 -0.201566
v -0.295499 0.362035 -0.197652
v 0.185910 0.362035 -0.197652
v 0.307241 0.291585 -0.197652
v 0.303327 0.295499 -0.197652
v 0.311155 0.295499 -0.193738
v 0.307241 0.354207 -0.201566
v 0.307241 0.362035 -0.197652
v 0.330724 0.354207 -0.201566
v -0.620352 0.315068 -0.150685
v -0.585127 0.299413 -0.193738
v -0.354207 0.295499 -0.193738
v -0.354207 0.315068 -0.150685
v -0.346380 0.299413 -0.193738
v -0.334638 0.315068 -0.197652
v -0.338552 0.315068 -0.193738
v -0.334638 0.354207 -0.197652
v 0.307241 0.299413 -0.193738
v 0.334638 0.354207 -0.197652
v 0.307241 0.303327 -0.181996
v 0.311155 0.299413 -0.181996
v 0.538160 0.299413 -0.193738
v 0.354207 0.315068 -0.150685
v 0.538160 0.318982 -0.150685
v -0.847358 0.452055 -0.052838
v -0.819961 0.452055 -0.064579
v 0.847358 0.452055 -0.052838
v 0.866928 0.452055 -0.041096
v -0.866928 0.452055 -0.041096
v -0.620352 0.322896 -0.146771
v -0.585127 0.322896 -0.146771
v -0.585127 0.318982 -0.150685
v -0.354207 0.322896 -0.142857
v -0.346380 0.318982 -0.150685
v -0.342466 0.330724 -0.150685
v -0.338552 0.354207 -0.193738
v 0.604697 0.318982 -0.150685
v 0.538160 0.322896 -0.146771
v 0.604697 0.322896 -0.146771
v 0.346380 0.318982 -0.150685
v 0.342466 0.330724 -0.150685
v 0.350294 0.322896 -0.142857
v 0.788650 0.452055 -0.076321
v 0.819961 0.452055 -0.064579
v -0.921722 0.377691 0.005871
v -0.921722 0.455969 0.009785
v -0.909980 0.452055 -0.005871
v 0.921722 0.377691 0.005871
v 0.909980 0.452055 -0.005871
v 0.921722 0.455969 0.009785
v 0.338552 0.354207 -0.193738
v 0.338552 0.362035 -0.193738
v 0.342466 0.362035 -0.150685
v -0.749511 0.377691 -0.080235
v -0.788650 0.452055 -0.076321
v -0.749511 0.452055 -0.080235
v 0.745597 0.452055 -0.084149
v 0.749511 0.452055 -0.080235
v -0.745597 0.452055 -0.084149
v -0.737769 0.452055 -0.091976
v 0.733855 0.452055 -0.131115
v 0.737769 0.452055 -0.091976
v -0.949119 0.389432 0.068493
v -0.949119 0.467710 0.072407
v -0.945205 0.463796 0.048924
v 0.949119 0.389432 0.068493
v 0.945205 0.463796 0.048924
v 0.949119 0.467710 0.072407
v 0.354207 0.322896 -0.142857
v 0.346380 0.330724 -0.142857
v 0.354207 0.330724 -0.142857
v -0.722113 0.452055 -0.138943
v -0.585127 0.452055 -0.142857
v 0.538160 0.330724 -0.146771
v 0.538160 0.452055 -0.142857
v -0.949119 0.393346 0.123288
v -0.949119 0.471624 0.127202
v -0.953033 0.471624 0.111546
v -0.831703 0.397260 0.123288
v -0.831703 0.475538 0.127202
v -0.835616 0.475538 0.131115
v 0.831703 0.397260 0.123288
v 0.835616 0.475538 0.131115
v 0.831703 0.475538 0.127202
v 0.827789 0.397260 0.115460
v 0.949119 0.393346 0.123288
v 0.953033 0.471624 0.111546
v 0.949119 0.471624 0.127202
v -0.354207 0.330724 -0.142857
v -0.346380 0.330724 -0.142857
v 0.827789 0.479452 0.119374
v -0.585127 0.330724 -0.146771
v -0.354207 0.377691 -0.142857
v 0.346380 0.369863 -0.142857
v 0.354207 0.377691 -0.142857
v -0.236791 0.405088 0.111546
v -0.236791 0.483366 0.115460
v -0.823875 0.479452 0.115460
v -0.342466 0.362035 -0.150685
v -0.346380 0.369863 -0.142857
v -0.338552 0.369863 -0.150685
v -0.338552 0.362035 -0.193738
v 0.354207 0.452055 -0.142857
v 0.354207 0.530333 -0.138943
v 0.538160 0.530333 -0.138943
v 0.710372 0.510763 -0.138943
v 0.722113 0.452055 -0.138943
v -0.338552 0.377691 -0.146771
v -0.330724 0.362035 -0.197652
v -0.330724 0.365949 -0.193738
v -0.295499 0.365949 -0.193738
v 0.330724 0.362035 -0.197652
v 0.307241 0.365949 -0.193738
v 0.330724 0.365949 -0.193738
v 0.185910 0.365949 -0.193738
v 0.185910 0.377691 -0.150685
v -0.330724 0.373777 -0.150685
v -0.295499 0.377691 -0.150685
v 0.338552 0.369863 -0.150685
v 0.330724 0.373777 -0.150685
v 0.338552 0.377691 -0.146771
v -0.295499 0.381605 -0.146771
v 0.185910 0.381605 -0.146771
v 0.307241 0.377691 -0.150685
v 0.307241 0.381605 -0.146771
v -0.295499 0.389432 -0.142857
v 0.307241 0.389432 -0.142857
v -0.816047 0.526419 -0.064579
v -0.788650 0.522505 -0.072407
v 0.788650 0.522505 -0.072407
v 0.816047 0.526419 -0.064579
v -0.886497 0.452055 -0.025440
v -0.886497 0.530333 -0.025440
v -0.866928 0.530333 -0.041096
v 0.886497 0.452055 -0.025440
v 0.866928 0.530333 -0.041096
v 0.886497 0.530333 -0.025440
v -0.354207 0.452055 -0.142857
v -0.354207 0.530333 -0.138943
v -0.295499 0.530333 -0.138943
v -0.295499 0.452055 -0.142857
v 0.185910 0.389432 -0.142857
v 0.185910 0.452055 -0.142857
v 0.307241 0.452055 -0.142857
v 0.729941 0.506849 -0.127202
v 0.737769 0.510763 -0.091976
v -0.749511 0.518591 -0.080235
v -0.741683 0.514677 -0.084149
v 0.741683 0.514677 -0.084149
v 0.749511 0.518591 -0.080235
v 0.722113 0.499022 -0.138943
v 0.729941 0.452055 -0.135029
v -0.733855 0.452055 -0.131115
v -0.729941 0.506849 -0.127202
v -0.726027 0.502935 -0.135029
v -0.729941 0.452055 -0.135029
v -0.722113 0.499022 -0.138943
v -0.710372 0.510763 -0.138943
v 0.726027 0.502935 -0.135029
v -0.933464 0.459883 0.029354
v -0.933464 0.538160 0.029354
v -0.921722 0.534247 0.009785
v 0.933464 0.459883 0.029354
v 0.921722 0.534247 0.009785
v 0.933464 0.538160 0.029354
v 0.185910 0.530333 -0.138943
v -0.953033 0.471624 0.095890
v -0.953033 0.549902 0.095890
v -0.949119 0.545988 0.076321
v 0.953033 0.471624 0.095890
v 0.949119 0.545988 0.076321
v 0.953033 0.549902 0.095890
v -0.945205 0.471624 0.131115
v -0.941292 0.471624 0.135029
v -0.945205 0.549902 0.135029
v -0.949119 0.549902 0.131115
v -0.839530 0.475538 0.135029
v -0.941292 0.549902 0.138943
v 0.945205 0.471624 0.131115
v 0.949119 0.549902 0.131115
v 0.945205 0.549902 0.135029
v 0.941292 0.471624 0.135029
v 0.941292 0.549902 0.138943
v 0.839530 0.475538 0.135029
v -0.827789 0.479452 0.119374
v -0.827789 0.553816 0.123288
v -0.831703 0.553816 0.131115
v 0.823875 0.479452 0.115460
v 0.827789 0.553816 0.123288
v 0.823875 0.553816 0.119374
v 0.561644 0.483366 0.115460
v -0.835616 0.553816 0.135029
v -0.839530 0.557730 0.135029
v 0.839530 0.557730 0.135029
v 0.835616 0.553816 0.135029
v 0.561644 0.557730 0.119374
v 0.236791 0.483366 0.115460
v -0.060665 0.483366 0.115460
v 0.111546 0.483366 0.115460
v -0.060665 0.557730 0.119374
v -0.236791 0.557730 0.119374
v 0.236791 0.557730 0.119374
v -0.718200 0.522505 -0.135029
v -0.698630 0.530333 -0.138943
v -0.682975 0.530333 -0.138943
v -0.585127 0.530333 -0.138943
v -0.585127 0.538160 -0.135029
v -0.354207 0.538160 -0.135029
v 0.185910 0.538160 -0.135029
v 0.307241 0.530333 -0.138943
v 0.307241 0.538160 -0.135029
v 0.718200 0.522505 -0.135029
v -0.737769 0.510763 -0.091976
v -0.729941 0.542074 -0.091976
v -0.722113 0.526419 -0.127202
v 0.722113 0.526419 -0.127202
v 0.729941 0.542074 -0.091976
v -0.788650 0.565558 -0.072407
v -0.737769 0.557730 -0.080235
v -0.729941 0.549902 -0.084149
v 0.729941 0.549902 -0.084149
v 0.737769 0.557730 -0.080235
v 0.788650 0.565558 -0.072407
v -0.847358 0.526419 -0.052838
v -0.847358 0.577299 -0.048924
v -0.819961 0.569472 -0.064579
v 0.847358 0.526419 -0.052838
v 0.819961 0.569472 -0.064579
v 0.847358 0.577299 -0.048924
v -0.909980 0.530333 -0.005871
v -0.909980 0.604697 -0.001957
v -0.886497 0.592955 -0.021526
v 0.909980 0.530333 -0.005871
v 0.886497 0.592955 -0.021526
v 0.909980 0.604697 -0.001957
v -0.945205 0.542074 0.052838
v -0.945205 0.624266 0.056752
v -0.933464 0.616438 0.033268
v 0.945205 0.542074 0.052838
v 0.933464 0.616438 0.033268
v 0.945205 0.624266 0.056752
v -0.953033 0.549902 0.115460
v -0.953033 0.632094 0.119374
v -0.953033 0.632094 0.099804
v 0.953033 0.549902 0.115460
v 0.953033 0.632094 0.099804
v 0.953033 0.632094 0.119374
v -0.827789 0.561644 0.131115
v 0.831703 0.553816 0.131115
v 0.827789 0.561644 0.131115
v -0.823875 0.553816 0.119374
v -0.823875 0.561644 0.123288
v 0.111546 0.557730 0.119374
v 0.236791 0.565558 0.123288
v 0.111546 0.565558 0.123288
v -0.060665 0.565558 0.123288
v -0.702544 0.534247 -0.135029
v 0.698630 0.530333 -0.138943
v 0.702544 0.534247 -0.135029
v 0.682975 0.530333 -0.138943
v 0.538160 0.538160 -0.135029
v 0.682975 0.538160 -0.135029
v -0.710372 0.561644 -0.084149
v -0.710372 0.553816 -0.091976
v 0.706458 0.538160 -0.127202
v 0.710372 0.553816 -0.091976
v -0.788650 0.589041 -0.068493
v -0.733855 0.581213 -0.072407
v 0.733855 0.581213 -0.072407
v 0.788650 0.589041 -0.068493
v -0.706458 0.538160 -0.127202
v -0.682975 0.545988 -0.127202
v 0.682975 0.545988 -0.127202
v -0.682975 0.538160 -0.135029
v -0.585127 0.545988 -0.127202
v -0.295499 0.538160 -0.135029
v -0.295499 0.545988 -0.127202
v 0.185910 0.545988 -0.127202
v 0.354207 0.538160 -0.135029
v 0.307241 0.545988 -0.127202
v 0.354207 0.545988 -0.127202
v -0.866928 0.585127 -0.037182
v -0.866928 0.612525 -0.033268
v -0.847358 0.604697 -0.045010
v 0.866928 0.585127 -0.037182
v 0.847358 0.604697 -0.045010
v 0.866928 0.612525 -0.033268
v -0.921722 0.608611 0.013699
v -0.921722 0.639922 0.017613
v -0.909980 0.636008 0.001957
v 0.921722 0.608611 0.013699
v 0.909980 0.636008 0.001957
v 0.921722 0.639922 0.017613
v -0.354207 0.545988 -0.127202
v -0.354207 0.557730 -0.091976
v -0.295499 0.557730 -0.091976
v 0.185910 0.557730 -0.091976
v 0.538160 0.545988 -0.127202
v 0.354207 0.557730 -0.091976
v 0.538160 0.557730 -0.091976
v 0.682975 0.557730 -0.091976
v 0.710372 0.561644 -0.084149
v -0.682975 0.557730 -0.091976
v -0.682975 0.565558 -0.084149
v -0.585127 0.565558 -0.084149
v -0.585127 0.557730 -0.091976
v -0.354207 0.565558 -0.084149
v -0.295499 0.565558 -0.084149
v 0.185910 0.565558 -0.084149
v 0.307241 0.557730 -0.091976
v 0.307241 0.565558 -0.084149
v 0.354207 0.565558 -0.084149
v 0.538160 0.565558 -0.084149
v -0.949119 0.628180 0.076321
v -0.949119 0.659491 0.080235
v -0.941292 0.655577 0.056752
v 0.949119 0.628180 0.076321
v 0.941292 0.655577 0.056752
v 0.949119 0.659491 0.080235
v 0.682975 0.565558 -0.084149
v 0.682975 0.569472 -0.076321
v -0.949119 0.632094 0.135029
v -0.945205 0.632094 0.138943
v -0.949119 0.663405 0.135029
v -0.949119 0.663405 0.119374
v 0.949119 0.632094 0.135029
v 0.949119 0.663405 0.119374
v 0.949119 0.663405 0.135029
v 0.945205 0.632094 0.138943
v -0.941292 0.632094 0.138943
v -0.945205 0.663405 0.138943
v 0.945205 0.663405 0.138943
v 0.941292 0.632094 0.138943
v -0.827789 0.565558 0.135029
v -0.831703 0.577299 0.138943
v 0.937378 0.663405 0.142857
v 0.831703 0.577299 0.138943
v 0.823875 0.561644 0.123288
v 0.819961 0.565558 0.131115
v 0.561644 0.565558 0.123288
v -0.236791 0.565558 0.123288
v -0.819961 0.565558 0.131115
v -0.819961 0.569472 0.135029
v 0.827789 0.565558 0.135029
v 0.819961 0.569472 0.135029
v -0.354207 0.569472 -0.076321
v -0.295499 0.569472 -0.076321
v 0.185910 0.569472 -0.076321
v 0.307241 0.569472 -0.076321
v 0.354207 0.569472 -0.076321
v 0.538160 0.569472 -0.076321
v -0.682975 0.569472 -0.076321
v -0.682975 0.581213 -0.072407
v -0.585127 0.581213 -0.072407
v -0.585127 0.569472 -0.076321
v 0.538160 0.581213 -0.072407
v 0.682975 0.581213 -0.072407
v -0.236791 0.565558 0.131115
v 0.561644 0.565558 0.131115
v -0.354207 0.581213 -0.072407
v -0.295499 0.581213 -0.072407
v 0.185910 0.581213 -0.072407
v 0.307241 0.581213 -0.072407
v -0.060665 0.565558 0.131115
v 0.111546 0.565558 0.131115
v -0.060665 0.569472 0.135029
v -0.236791 0.569472 0.135029
v 0.236791 0.565558 0.131115
v 0.561644 0.569472 0.135029
v 0.236791 0.569472 0.135029
v -0.819961 0.577299 0.138943
v 0.111546 0.569472 0.135029
v 0.236791 0.577299 0.138943
v 0.111546 0.577299 0.138943
v -0.060665 0.577299 0.138943
v 0.819961 0.577299 0.138943
v -0.354207 0.604697 -0.060665
v -0.295499 0.604697 -0.060665
v 0.354207 0.581213 -0.072407
v 0.307241 0.604697 -0.060665
v 0.354207 0.604697 -0.060665
v -0.819961 0.596869 -0.056751
v -0.819961 0.616438 -0.048924
v -0.788650 0.608611 -0.056751
v 0.819961 0.596869 -0.056751
v 0.788650 0.608611 -0.056751
v 0.819961 0.616438 -0.048924
v -0.236791 0.577299 0.138943
v -0.236791 0.671233 0.142857
v -0.816047 0.671233 0.142857
v 0.561644 0.577299 0.138943
v 0.816047 0.671233 0.142857
v 0.561644 0.671233 0.142857
v -0.816047 0.679061 0.138943
v -0.913894 0.679061 0.138943
v -0.913894 0.671233 0.142857
v -0.937378 0.663405 0.142857
v -0.937378 0.675147 0.138943
v -0.060665 0.671233 0.142857
v 0.111546 0.671233 0.142857
v -0.060665 0.679061 0.138943
v -0.236791 0.679061 0.138943
v 0.236791 0.671233 0.142857
v 0.561644 0.679061 0.138943
v 0.236791 0.679061 0.138943
v 0.913894 0.671233 0.142857
v 0.913894 0.679061 0.138943
v 0.816047 0.679061 0.138943
v 0.937378 0.675147 0.138943
v -0.733855 0.604697 -0.060665
v -0.733855 0.628180 -0.045010
v -0.682975 0.628180 -0.045010
v -0.682975 0.604697 -0.060665
v -0.585127 0.628180 -0.045010
v -0.585127 0.604697 -0.060665
v -0.354207 0.628180 -0.045010
v 0.185910 0.604697 -0.060665
v 0.185910 0.628180 -0.045010
v 0.538160 0.604697 -0.060665
v 0.354207 0.628180 -0.045010
v 0.538160 0.628180 -0.045010
v 0.682975 0.604697 -0.060665
v 0.682975 0.628180 -0.045010
v 0.733855 0.604697 -0.060665
v 0.733855 0.628180 -0.045010
v -0.886497 0.624266 -0.017612
v -0.886497 0.639922 -0.009785
v -0.866928 0.632094 -0.025440
v 0.886497 0.624266 -0.017612
v 0.866928 0.632094 -0.025440
v 0.886497 0.639922 -0.009785
v -0.295499 0.628180 -0.045010
v -0.295499 0.647750 -0.021526
v -0.185910 0.636008 -0.037182
v 0.307241 0.628180 -0.045010
v 0.185910 0.636008 -0.037182
v 0.307241 0.647750 -0.021526
v -0.847358 0.624266 -0.037182
v -0.847358 0.639922 -0.025440
v -0.819961 0.636008 -0.033268
v 0.847358 0.624266 -0.037182
v 0.819961 0.636008 -0.033268
v 0.847358 0.639922 -0.025440
v -0.788650 0.632094 -0.041096
v -0.788650 0.651663 -0.017612
v -0.733855 0.647750 -0.021526
v 0.788650 0.632094 -0.041096
v 0.733855 0.647750 -0.021526
v 0.788650 0.651663 -0.017612
v -0.933464 0.647750 0.037182
v -0.929550 0.663405 0.037182
v -0.917808 0.655577 0.021527
v 0.933464 0.647750 0.037182
v 0.917808 0.655577 0.021527
v 0.929550 0.663405 0.037182
v -0.682975 0.647750 -0.021526
v -0.682975 0.667319 0.005871
v -0.585127 0.667319 0.005871
v -0.585127 0.647750 -0.021526
v -0.354207 0.667319 0.005871
v -0.354207 0.647750 -0.021526
v -0.295499 0.667319 0.005871
v -0.193738 0.647750 -0.021526
v -0.181996 0.643836 -0.037182
v -0.174168 0.639922 -0.041096
v 0.174168 0.639922 -0.041096
v 0.354207 0.647750 -0.021526
v 0.307241 0.667319 0.005871
v 0.354207 0.667319 0.005871
v 0.538160 0.647750 -0.021526
v 0.538160 0.667319 0.005871
v 0.682975 0.647750 -0.021526
v 0.682975 0.667319 0.005871
v -0.866928 0.647750 -0.013699
v -0.886497 0.651663 -0.001957
v -0.866928 0.659491 0.001957
v -0.847358 0.655577 -0.005871
v 0.866928 0.647750 -0.013699
v 0.847358 0.655577 -0.005871
v 0.866928 0.659491 0.001957
v 0.886497 0.651663 -0.001957
v -0.949119 0.663405 0.099804
v -0.945205 0.675147 0.099804
v -0.941292 0.671233 0.080235
v 0.949119 0.663405 0.099804
v 0.941292 0.671233 0.080235
v 0.945205 0.675147 0.099804
v 0.181996 0.643836 -0.037182
v 0.174168 0.643836 -0.041096
v 0.189824 0.659491 -0.017612
v 0.193738 0.655577 -0.021526
v 0.193738 0.647750 -0.021526
v 0.209393 0.667319 0.005871
v -0.819961 0.651663 -0.013699
v -0.819961 0.667319 0.009785
v -0.788650 0.667319 0.005871
v 0.819961 0.651663 -0.013699
v 0.788650 0.667319 0.005871
v 0.819961 0.667319 0.009785
v -0.906067 0.651663 0.009785
v -0.909980 0.663405 0.021527
v 0.906067 0.651663 0.009785
v 0.909980 0.663405 0.021527
v -0.174168 0.643836 -0.041096
v -0.189824 0.659491 -0.017612
v -0.166341 0.663405 -0.017612
v -0.162427 0.647750 -0.041096
v 0.162427 0.647750 -0.041096
v 0.166340 0.663405 -0.017612
v 0.166340 0.675147 0.009785
v -0.193738 0.655577 -0.021526
v -0.209393 0.667319 0.005871
v -0.205479 0.671233 0.009785
v -0.733855 0.667319 0.005871
v -0.733855 0.675147 0.033268
v -0.682975 0.675147 0.033268
v -0.295499 0.675147 0.033268
v -0.221135 0.679061 0.033268
v 0.205480 0.671233 0.009785
v 0.221135 0.679061 0.033268
v 0.733855 0.667319 0.005871
v 0.682975 0.675147 0.033268
v 0.733855 0.675147 0.033268
v -0.886497 0.663405 0.013699
v -0.886497 0.671233 0.029354
v -0.866928 0.671233 0.021527
v 0.886497 0.663405 0.013699
v 0.866928 0.671233 0.021527
v 0.886497 0.671233 0.029354
v 0.201566 0.675147 0.009785
v 0.217221 0.682975 0.037182
v -0.847358 0.667319 0.017613
v -0.847358 0.675147 0.041096
v -0.819961 0.675147 0.037182
v 0.847358 0.667319 0.017613
v 0.819961 0.675147 0.037182
v 0.847358 0.675147 0.041096
v -0.937378 0.667319 0.056752
v -0.929550 0.675147 0.056752
v -0.921722 0.671233 0.041096
v 0.921722 0.671233 0.041096
v 0.929550 0.675147 0.056752
v 0.937378 0.667319 0.056752
v -0.937378 0.679061 0.080235
v 0.937378 0.679061 0.080235
v -0.201566 0.675147 0.009785
v -0.217221 0.682975 0.037182
v -0.213307 0.686888 0.037182
v -0.166341 0.686888 0.041096
v -0.166341 0.675147 0.009785
v 0.166340 0.686888 0.041096
v 0.213307 0.686888 0.037182
v -0.909980 0.671233 0.037182
v -0.909980 0.679061 0.056752
v -0.886497 0.679061 0.048924
v 0.909980 0.671233 0.037182
v 0.886497 0.679061 0.048924
v 0.909980 0.679061 0.056752
v -0.945205 0.675147 0.119374
v -0.945205 0.675147 0.135029
v -0.937378 0.679061 0.119374
v 0.945205 0.675147 0.119374
v 0.937378 0.679061 0.119374
v 0.945205 0.675147 0.135029
v -0.937378 0.679061 0.135029
v 0.937378 0.679061 0.135029
v -0.788650 0.675147 0.033268
v -0.788650 0.682975 0.060665
v -0.733855 0.682975 0.060665
v -0.585127 0.675147 0.033268
v -0.585127 0.682975 0.060665
v -0.354207 0.682975 0.060665
v -0.354207 0.675147 0.033268
v -0.295499 0.682975 0.060665
v -0.228963 0.682975 0.060665
v 0.307241 0.675147 0.033268
v 0.228963 0.682975 0.060665
v 0.307241 0.682975 0.060665
v 0.354207 0.675147 0.033268
v 0.354207 0.682975 0.060665
v 0.538160 0.675147 0.033268
v 0.538160 0.682975 0.060665
v 0.788650 0.675147 0.033268
v 0.733855 0.682975 0.060665
v 0.788650 0.682975 0.060665
v -0.866928 0.679061 0.045010
v -0.866928 0.682975 0.068493
v -0.847358 0.682975 0.064579
v 0.866928 0.679061 0.045010
v 0.847358 0.682975 0.064579
v 0.866928 0.682975 0.068493
v -0.921722 0.679061 0.056752
v -0.925636 0.679061 0.080235
v -0.909980 0.682975 0.076321
v 0.921722 0.679061 0.056752
v 0.909980 0.682975 0.076321
v 0.925636 0.679061 0.080235
v -0.937378 0.679061 0.099804
v -0.925636 0.682975 0.119374
v -0.925636 0.682975 0.099804
v 0.937378 0.679061 0.099804
v 0.925636 0.682975 0.099804
v 0.925636 0.682975 0.119374
v -0.909980 0.682975 0.135029
v -0.925636 0.682975 0.135029
v -0.213307 0.682975 0.135029
v -0.228963 0.682975 0.135029
v -0.240704 0.682975 0.135029
v -0.816047 0.682975 0.135029
v 0.111546 0.679061 0.138943
v 0.213307 0.682975 0.135029
v 0.111546 0.682975 0.135029
v -0.060665 0.682975 0.135029
v 0.909980 0.682975 0.135029
v 0.816047 0.682975 0.135029
v 0.925636 0.682975 0.135029
v -0.682975 0.682975 0.060665
v -0.682975 0.682975 0.088063
v -0.585127 0.682975 0.088063
v -0.232877 0.682975 0.088063
v -0.225049 0.686888 0.088063
v -0.225049 0.686888 0.060665
v 0.682975 0.682975 0.060665
v 0.538160 0.682975 0.088063
v 0.682975 0.682975 0.088063
v -0.819961 0.682975 0.064579
v -0.819961 0.682975 0.088063
v -0.788650 0.682975 0.088063
v 0.819961 0.682975 0.064579
v 0.788650 0.682975 0.088063
v 0.819961 0.682975 0.088063
v -0.909980 0.682975 0.099804
v 0.909980 0.682975 0.099804
v 0.225049 0.686888 0.060665
v 0.225049 0.686888 0.088063
v 0.232877 0.682975 0.088063
v -0.886497 0.682975 0.072407
v -0.886497 0.682975 0.095890
v -0.866928 0.682975 0.091977
v 0.886497 0.682975 0.072407
v 0.866928 0.682975 0.091977
v 0.886497 0.682975 0.095890
v 0.909980 0.682975 0.119374
v -0.788650 0.682975 0.119374
v -0.819961 0.682975 0.119374
v -0.847358 0.682975 0.119374
v -0.060665 0.686888 0.119374
v -0.213307 0.686888 0.119374
v 0.561644 0.682975 0.135029
v 0.788650 0.682975 0.119374
v 0.538160 0.682975 0.119374
v 0.240705 0.682975 0.135029
v 0.228963 0.682975 0.135029
v 0.240705 0.682975 0.119374
v 0.228963 0.686888 0.119374
v -0.217221 0.690802 0.088063
v -0.217221 0.690802 0.060665
v 0.166340 0.690802 0.060665
v 0.217221 0.690802 0.060665
v -0.733855 0.682975 0.088063
v -0.354207 0.682975 0.088063
v -0.240704 0.682975 0.119374
v -0.295499 0.682975 0.088063
v 0.307241 0.682975 0.088063
v 0.354207 0.682975 0.088063
v 0.733855 0.682975 0.088063
v -0.847358 0.682975 0.091977
v 0.847358 0.682975 0.091977
v 0.819961 0.682975 0.119374
v 0.847358 0.682975 0.119374
v -0.909980 0.682975 0.119374
v -0.886497 0.682975 0.119374
v 0.866928 0.682975 0.119374
v 0.886497 0.682975 0.119374
v -0.228963 0.686888 0.119374
v 0.217221 0.690802 0.088063
v 0.213307 0.686888 0.119374
v -0.866928 0.682975 0.119374
v 0.166340 0.690802 0.088063
v 0.111546 0.686888 0.119374
v -0.060665 0.690802 0.088063
v -0.166341 0.690802 0.060665
v -0.166341 0.690802 0.088063
v -0.002392 -0.636008 -0.111111
v 0.052055 -0.624266 0.011350
vn -0.2303 -0.8731 -0.4297
vn 0.2209 -0.8723 -0.4362
vn -0.0000 -1.0000 -0.0000
vn -0.4306 -0.8730 -0.2290
vn -0.6739 -0.3029 -0.6739
vn -0.3523 -0.3415 -0.8714
vn 0.3309 -0.3417 -0.8797
vn 0.4318 -0.8728 -0.2272
vn 0.6739 -0.3029 -0.6739
vn 0.8742 -0.3415 -0.3452
vn 0.4341 -0.8726 0.2241
vn 0.3712 -0.0000 -0.9286
vn 0.7071 -0.0000 -0.7071
vn -0.0556 -0.9969 -0.0560
vn -0.0576 -0.9967 0.0576
vn 0.0576 -0.9967 0.0576
vn 0.0576 -0.9967 -0.0576
vn -0.4353 -0.8724 0.2223
vn -0.8785 -0.3417 0.3340
vn -0.6739 -0.3029 0.6739
vn -0.9272 -0.0000 0.3745
vn -0.8726 -0.3415 -0.3492
vn -0.9205 -0.0000 -0.3908
vn -0.7071 -0.0000 -0.7071
vn -0.3942 -0.0000 -0.9190
vn -0.2274 -0.9728 0.0437
vn -0.0437 -0.9728 0.2274
vn 0.0437 -0.9728 0.2274
vn 0.2274 -0.9728 0.0436
vn 0.2274 -0.9728 -0.0436
vn 0.0437 -0.9728 -0.2274
vn -0.0186 -0.9730 -0.2300
vn -0.2182 -0.9736 -0.0672
vn 0.2264 -0.8728 0.4324
vn 0.6739 -0.3029 0.6739
vn 0.3434 -0.3416 0.8749
vn -0.2249 -0.8726 0.4335
vn 0.8770 -0.3416 0.3379
vn 0.9222 -0.0000 -0.3866
vn 0.9255 -0.0000 0.3788
vn -0.3398 -0.3416 0.8763
vn 0.3773 -0.3906 -0.8397
vn 0.6454 -0.4084 -0.6454
vn 0.8349 -0.3869 -0.3914
vn -0.3277 -0.4448 -0.8335
vn -0.7071 -0.0000 0.7071
vn -0.8384 -0.4491 0.3090
vn -0.8344 -0.4455 -0.3245
vn 0.7071 -0.0000 0.7071
vn 0.8373 -0.4481 0.3131
vn 0.6280 -0.4597 0.6280
vn 0.3186 -0.4469 0.8359
vn 0.3846 -0.0000 0.9231
vn -0.3808 -0.0000 0.9247
vn -0.3150 -0.4477 0.8369
vn -0.6280 -0.4597 -0.6280
vn -0.2002 -0.9591 -0.2002
vn -0.0755 -0.9402 -0.3321
vn 0.0802 -0.9494 -0.3037
vn 0.3070 -0.9478 -0.0865
vn -0.3315 -0.9406 -0.0741
vn -0.6280 -0.4597 0.6280
vn -0.2002 -0.9591 0.2002
vn 0.0724 -0.9143 -0.3984
vn 0.1730 -0.9696 -0.1730
vn 0.3771 -0.9138 -0.1507
vn 0.3862 -0.9154 0.1132
vn 0.3289 -0.9418 0.0690
vn 0.2002 -0.9591 0.2002
vn 0.0895 -0.7174 0.6908
vn 0.0714 -0.9412 0.3301
vn -0.3280 -0.9423 0.0673
vn -0.3967 -0.9142 0.0824
vn -0.0699 -0.9416 0.3293
vn -0.1376 -0.9137 0.3825
vn -0.2455 -0.7172 -0.6522
vn -0.6880 -0.7249 -0.0335
vn -0.7090 -0.2390 -0.6635
vn 0.2708 -0.4076 -0.8721
vn 0.7982 -0.4061 -0.4450
vn 0.8357 -0.4092 0.3662
vn 0.8750 0.1991 -0.4412
vn 0.9099 0.2069 0.3595
vn 0.4253 0.0459 0.9039
vn 0.4180 -0.3767 0.8267
vn -0.4194 -0.4062 0.8118
vn -0.8630 -0.4085 0.2972
vn -0.9526 -0.0000 0.3043
vn -0.6629 0.1715 -0.7288
vn 0.3118 0.0859 -0.9463
vn 0.1691 0.5181 -0.8384
vn 0.6873 0.5840 -0.4320
vn -0.4419 -0.0000 0.8971
vn 0.4865 0.4359 0.7572
vn -0.3873 0.4824 0.7857
vn 0.6218 0.7190 0.3106
vn -0.0000 0.9239 0.3827
vn 0.6303 0.2971 0.7173
vn 0.9504 0.2865 0.1210
vn 0.8786 0.1822 -0.4415
vn 0.6511 0.6869 -0.3229
vn -0.0000 1.0000 -0.0000
vn -0.4673 0.8225 0.3241
vn -0.4092 0.3662 0.8357
vn -0.6511 0.6869 -0.3229
vn -0.0000 0.9239 -0.3827
vn -0.2036 0.6379 -0.7427
vn -0.8782 0.1821 -0.4423
vn -0.9259 0.1790 0.3327
vn -0.8256 0.4796 0.2971
vn -0.2971 0.4797 0.8256
vn 0.2036 0.6379 -0.7427
vn 0.3416 0.3416 -0.8756
vn 0.7799 0.5635 0.2723
vn 0.3762 0.9141 -0.1515
vn 0.3846 0.9197 0.0792
vn -0.8514 0.4246 0.3079
vn -0.1131 0.9635 0.2428
vn -0.3935 0.9131 0.1065
vn -0.3003 0.9073 -0.2944
vn -0.6792 0.5170 -0.5210
vn 0.0845 0.9602 -0.2664
vn 0.3436 0.5808 0.7380
vn 0.1057 0.9704 0.2171
vn 0.6405 0.7384 0.2108
vn -0.3416 0.3416 -0.8756
vn 0.2971 0.4796 -0.8257
vn -0.2971 0.4796 -0.8257
vn -0.8256 0.4796 -0.2971
vn 0.2171 0.9704 0.1057
vn 0.8256 0.4796 -0.2971
vn 0.2171 0.9704 -0.1057
vn 0.1058 0.9704 -0.2172
vn -0.1058 0.9704 -0.2172
vn -0.2171 0.9704 -0.1057
vn -0.2171 0.9704 0.1057
vn -0.1057 0.9704 0.2171
vn 0.0695 0.9246 0.3745
vn -0.0863 0.9621 -0.2587
vn 0.0626 0.8931 -0.4454
vn 0.0001 0.9991 0.0415
vn 0.0187 -0.9995 -0.0267
vn -0.2049 0.9496 -0.2373
vn -0.4503 0.6577 -0.6039
vn -0.0954 0.7163 -0.6912
vn 0.0774 0.9603 -0.2680
vn 0.0970 0.7231 -0.6839
vn 0.4314 0.7090 -0.5578
vn 0.1650 0.9651 -0.2035
vn -0.0000 0.1918 0.9814
vn 0.6943 0.6829 -0.2270
vn 0.1856 0.9781 -0.0946
vn -0.0000 -0.9946 0.1034
vn -0.2276 0.9649 -0.1310
vn 0.2281 0.9513 -0.2071
vn -0.3119 0.9381 0.1509
vn -0.8139 0.5173 -0.2646
vn -0.8580 0.3578 0.3685
vn -0.9907 0.1020 -0.0901
vn -0.7936 0.4007 -0.4579
vn 0.3126 0.9372 0.1545
vn -0.9269 0.3754 -0.0000
vn -0.0635 0.9946 0.0815
vn -0.0000 -0.7094 0.7048
vn 0.0635 0.9946 0.0815
vn -0.2703 0.6397 0.7195
vn 0.2866 0.6712 0.6837
vn 0.2578 -0.0037 0.9662
vn -0.1304 0.0337 0.9909
vn -0.7129 0.0995 0.6941
vn 0.7568 0.5070 0.4126
vn 0.1391 0.9897 0.0343
vn -0.1532 -0.9747 -0.1628
vn -0.0013 -0.9729 -0.2314
vn 0.0029 -1.0000 0.0006
vn -0.1221 -0.9675 0.2213
vn -0.4020 -0.9137 0.0596
vn -0.4500 -0.8211 -0.3511
vn -0.1506 -0.8654 -0.4779
vn 0.0186 -0.9735 -0.2279
vn -0.0063 -0.8944 -0.4472
vn 0.0195 -0.8963 -0.4429
vn 0.0807 -0.9698 -0.2303
vn 0.0934 -0.9845 -0.1488
vn 0.0217 -0.9997 -0.0083
vn -0.2439 -0.6844 -0.6871
vn -0.0105 -0.8107 -0.5853
vn -0.0030 -1.0000 -0.0019
vn -0.0018 -0.9225 -0.3859
vn 0.0227 -0.9708 -0.2390
vn 0.0405 -0.9989 -0.0247
vn 0.0216 -0.9998 0.0036
vn -0.0296 -0.9739 0.2249
vn -0.0294 -0.9723 -0.2320
vn -0.0208 -0.8934 -0.4487
vn -0.0065 -0.7114 -0.7028
vn -0.0278 -0.7068 -0.7069
vn -0.0050 -0.5844 -0.8115
vn 0.0279 -0.5885 -0.8080
vn 0.0347 -0.8104 -0.5849
vn 0.0957 -0.8600 -0.5012
vn 0.1215 -0.5774 -0.8074
vn 0.2895 -0.8127 -0.5056
vn 0.0975 -0.9752 -0.1989
vn 0.2602 -0.9472 -0.1873
vn 0.0981 -0.9940 -0.0479
vn -0.0046 -0.9731 0.2303
vn -0.0263 -0.8941 0.4471
vn -0.1185 -0.9638 0.2388
vn -0.1073 -0.9942 -0.0000
vn -0.1314 -0.9536 -0.2708
vn -0.1213 -0.9869 -0.1059
vn -0.1383 -0.8863 -0.4420
vn -0.0908 -0.7003 -0.7080
vn -0.0075 -0.9999 0.0069
vn 0.0174 -0.9729 0.2305
vn -0.0169 -0.9246 0.3805
vn -0.1020 -0.8150 0.5705
vn 0.0232 -0.9997 -0.0003
vn 0.1335 -0.9171 0.3757
vn 0.0209 -0.9245 0.3807
vn -0.0072 -0.3878 0.9217
vn -0.0590 -0.3955 0.9166
vn -0.4180 -0.7023 0.5762
vn -0.0052 -0.5262 0.8503
vn 0.0089 -0.3873 0.9219
vn -0.0000 -0.0000 1.0000
vn -0.0158 -0.5298 0.8480
vn 0.0116 -0.5284 0.8489
vn 0.0909 -0.8111 0.5778
vn 0.0472 -0.3960 0.9170
vn 0.3741 -0.9153 0.1495
vn 0.3804 -0.6917 0.6138
vn 0.0832 -0.4068 0.9097
vn -0.4186 0.5851 -0.6946
vn -0.7725 0.3793 -0.5093
vn -0.3025 0.5719 -0.7625
vn -0.0497 0.6450 -0.7626
vn 0.1072 0.6465 -0.7554
vn 0.1463 0.5907 -0.7935
vn 0.5295 0.5495 -0.6462
vn 0.6203 0.4306 -0.6556
vn 0.8147 0.4211 -0.3987
vn 0.9838 0.1467 -0.1030
vn 0.9760 0.1831 -0.1180
vn 0.9928 -0.1096 -0.0488
vn 0.9899 0.0352 0.1371
vn -0.9938 0.0226 0.1087
vn -0.6650 -0.7256 0.1767
vn -0.9547 -0.2684 0.1283
vn -0.9897 -0.1307 -0.0582
vn -0.0262 -0.5377 -0.8427
vn 0.0128 -0.5297 -0.8481
vn -0.0697 -0.6499 -0.7568
vn -0.0471 -0.2420 -0.9691
vn 0.1059 -0.9920 0.0688
vn 0.0629 -0.9705 0.2329
vn 0.6883 -0.6710 -0.2757
vn 0.7179 -0.6544 0.2376
vn -0.7537 -0.6510 0.0900
vn -0.8020 -0.3385 0.4921
vn -0.9384 -0.3452 -0.0180
vn -0.7183 -0.6395 -0.2739
vn -0.1141 -0.8099 0.5754
vn -0.0586 -0.3979 0.9156
vn -0.1085 -0.9941 -0.0094
vn -0.1052 -0.9180 0.3823
vn 0.0016 -0.0310 0.9995
vn -0.0054 -0.0218 0.9997
vn 0.0056 -0.0215 0.9998
vn -0.0016 -0.0309 0.9995
vn 0.0002 -0.0266 0.9996
vn -0.0248 -0.2315 -0.9725
vn -0.0299 -0.0749 -0.9967
vn -0.0060 -0.2295 -0.9733
vn -0.0064 -0.0756 -0.9971
vn 0.0108 -0.2357 -0.9718
vn 0.0432 -0.2636 -0.9637
vn 0.2822 -0.3290 -0.9012
vn 0.4515 -0.5327 -0.7158
vn 0.0696 -0.7091 -0.7016
vn 0.0369 -0.2411 -0.9698
vn 0.0331 -0.5750 -0.8175
vn 0.0820 -0.9202 -0.3828
vn -0.5580 -0.5450 -0.6258
vn -0.8983 -0.3747 -0.2294
vn -0.8219 -0.2875 -0.4919
vn -0.6180 -0.2930 -0.7295
vn -0.2387 -0.3298 -0.9134
vn -0.1556 -0.4297 -0.8894
vn 0.0363 -0.9991 -0.0210
vn 0.8020 -0.3156 -0.5071
vn 0.9375 -0.3222 -0.1318
vn -0.2578 -0.2381 0.9364
vn -0.3134 -0.1123 0.9430
vn -0.0009 -0.0272 0.9996
vn 0.3131 -0.3389 0.8872
vn 0.7342 -0.3811 0.5619
vn 0.3295 -0.1417 0.9335
vn 0.0222 -0.0234 0.9995
vn -0.1068 -0.7450 0.6584
vn 0.1486 -0.7627 0.6295
vn -0.4018 -0.8229 0.4018
vn -0.2810 -0.9544 -0.1006
vn 0.9547 -0.2684 0.1283
vn 0.5148 -0.8170 -0.2598
vn 0.2810 -0.9544 -0.1006
vn 0.6650 -0.7256 0.1767
vn 0.4490 -0.8042 0.3894
vn 0.7363 -0.2409 0.6323
vn -0.0203 -0.2656 -0.9639
vn 0.0066 -0.2285 -0.9735
vn 0.0136 -0.1686 -0.9856
vn 0.0114 0.0011 -0.9999
vn 0.0192 -0.2167 -0.9760
vn 0.0754 -0.8056 0.5876
vn 0.0312 -0.3625 0.9315
vn 0.9402 -0.3003 0.1604
vn 0.9873 -0.1433 0.0689
vn 0.7029 -0.0777 0.7070
vn 0.0021 -0.0274 0.9996
vn -0.9897 0.0912 -0.1101
vn -0.9887 -0.0699 -0.1327
vn -0.9632 0.0947 -0.2515
vn 0.0085 -0.1075 -0.9942
vn 0.0076 -0.1242 -0.9922
vn -0.0038 -0.2046 -0.9788
vn 0.9737 -0.1056 -0.2021
vn -0.0005 -0.0302 0.9995
vn 0.0001 -0.0304 0.9995
vn 0.0002 -0.0301 0.9995
vn 0.0013 -0.3820 0.9242
vn -0.0247 -0.3966 0.9177
vn -0.2378 -0.4654 0.8525
vn -0.4887 -0.0500 0.8710
vn -0.8841 -0.1158 0.4526
vn -0.0020 -0.0285 0.9996
vn -0.0004 -0.0282 0.9996
vn -0.0007 -0.0301 0.9995
vn 0.0013 -0.0332 0.9994
vn -0.0000 -0.0273 0.9996
vn 0.0003 -0.0304 0.9995
vn -0.0000 -0.3827 0.9239
vn -0.0023 -0.3814 0.9244
vn 0.0263 -0.3968 0.9175
vn 0.2377 -0.4657 0.8524
vn 0.0515 -0.9206 0.3871
vn -0.0091 -0.2110 -0.9774
vn -0.0003 -0.1279 -0.9918
vn -0.0238 -0.1495 -0.9885
vn -0.0016 0.0001 -1.0000
vn -0.0261 -0.0802 -0.9964
vn -0.0175 0.2502 -0.9680
vn -0.9920 -0.0822 -0.0953
vn -0.9649 -0.1515 -0.2145
vn 0.0006 -0.0305 0.9995
vn -0.0130 0.7055 -0.7086
vn -0.0126 0.2363 -0.9716
vn -0.0168 -0.2325 -0.9725
vn 0.0002 -0.3369 -0.9415
vn 0.3258 -0.3427 -0.8811
vn 0.0427 -0.0954 -0.9945
vn 0.6405 -0.2462 -0.7274
vn 0.5380 -0.1448 -0.8304
vn 0.8404 -0.0975 -0.5332
vn -0.0465 -0.0971 -0.9942
vn -0.3258 -0.3427 -0.8811
vn -0.0002 -0.3368 -0.9416
vn 0.0151 -0.2216 -0.9750
vn 0.1102 -0.2221 -0.9688
vn 0.0438 -0.4642 -0.8847
vn 0.2865 -0.2345 -0.9289
vn 0.1816 0.2888 -0.9400
vn 0.0086 0.3384 -0.9410
vn -0.9645 0.0102 -0.2640
vn -0.8758 -0.0844 -0.4752
vn -0.0000 -0.7071 0.7071
vn 0.0116 0.0108 -0.9999
vn -0.4380 0.1391 -0.8881
vn -0.0000 -0.7071 -0.7071
vn -0.0000 -0.0000 -1.0000
vn 0.6947 -0.0578 -0.7170
vn 0.9091 -0.0355 -0.4150
vn 0.9833 -0.0320 -0.1794
vn -0.1761 0.2927 -0.9398
vn -0.0090 0.9219 -0.3874
vn -0.3334 0.8947 -0.2971
vn -0.7178 0.6584 -0.2264
vn -0.6266 0.0843 -0.7748
vn -0.5335 -0.1565 -0.8312
vn -0.7028 -0.0615 -0.7088
vn -0.2865 -0.2342 -0.9290
vn -0.1375 -0.2312 -0.9631
vn -0.0437 -0.4639 -0.8848
vn 0.4432 0.0546 -0.8948
vn 0.3721 -0.9276 -0.0324
vn 0.9254 -0.2587 -0.2768
vn 0.5464 0.4322 -0.7174
vn 0.0005 0.9255 -0.3788
vn 0.0108 0.7053 -0.7088
vn 0.0886 -0.0308 0.9956
vn 0.9503 -0.1191 0.2877
vn 0.7180 -0.4468 0.5338
vn -0.5148 -0.8170 -0.2598
vn -0.3683 -0.9230 -0.1117
vn -0.3514 -0.8668 -0.3537
vn -0.6005 -0.6232 -0.5010
vn 0.6266 0.0843 -0.7748
vn 0.8728 -0.3401 -0.3501
vn 0.9405 0.3293 -0.0841
vn 0.7178 0.6584 -0.2264
vn 0.3367 0.8925 -0.2999
vn 0.2997 0.7176 -0.6287
vn -0.0127 0.7061 -0.7080
vn -0.0054 0.9868 -0.1616
vn -0.5464 0.4322 -0.7174
vn -0.9254 -0.2587 -0.2768
vn -0.3718 -0.9278 -0.0325
vn -0.3420 -0.7416 -0.5770
vn -0.5339 -0.5316 -0.6575
vn 0.9887 -0.0699 -0.1327
vn 0.9352 0.1400 -0.3253
vn 0.9214 -0.0840 -0.3795
vn 0.5339 -0.5316 -0.6575
vn 0.6005 -0.6232 -0.5010
vn 0.3420 -0.7416 -0.5771
vn 0.3514 -0.8668 -0.3537
vn -0.7951 -0.6037 -0.0580
vn 0.3683 -0.9230 -0.1117
vn 0.7951 -0.6037 -0.0580
vn -0.8728 -0.3401 -0.3501
vn -0.2738 -0.9442 -0.1830
vn -0.0574 -0.8631 -0.5017
vn -0.9510 -0.1590 -0.2653
vn -0.8974 -0.4008 -0.1847
vn 0.6808 -0.6725 -0.2904
vn 0.8974 -0.4008 -0.1847
vn -0.0023 0.7088 -0.7054
vn -0.2971 0.7173 -0.6303
vn -0.0078 -0.0203 -0.9998
vn -0.4605 0.1165 -0.8800
vn 0.4605 0.1165 -0.8800
vn 0.0053 -0.0192 -0.9998
vn 0.6049 0.3984 -0.6894
vn 0.9271 0.1177 -0.3559
vn 0.3595 -0.2069 -0.9099
vn 0.0040 -0.0000 -1.0000
vn 0.0011 -0.2310 -0.9729
vn -0.0036 -0.2480 -0.9687
vn -0.0077 -0.0000 -1.0000
vn -0.0015 -0.2320 -0.9727
vn -0.0000 -0.2298 -0.9732
vn -0.6049 0.3984 -0.6894
vn -0.3595 -0.2069 -0.9099
vn -0.9271 0.1177 -0.3559
vn -0.9405 0.3293 -0.0841
vn -0.6808 -0.6725 -0.2904
vn -0.6565 -0.5520 -0.5141
vn 0.3296 -0.5357 -0.7774
vn 0.6565 -0.5520 -0.5141
vn -0.9099 -0.2069 -0.3594
vn 0.9510 -0.1590 -0.2653
vn 0.7658 -0.3357 -0.5485
vn 0.9624 -0.1789 -0.2043
vn 0.4907 -0.1940 -0.8495
vn -0.4907 -0.1940 -0.8495
vn -0.9624 -0.1789 -0.2043
vn -0.7658 -0.3357 -0.5485
vn 0.9414 0.0096 -0.3371
vn 0.9929 -0.0061 -0.1189
vn 0.9747 0.0090 -0.2232
vn 0.9926 0.0026 -0.1213
vn 0.3122 0.4115 -0.8563
vn 0.7469 0.2076 -0.6317
vn 0.7760 -0.1174 -0.6198
vn 0.9099 -0.2069 -0.3594
vn 0.4461 -0.7759 -0.4460
vn -0.0000 -0.8507 -0.5257
vn -0.4461 -0.7759 -0.4460
vn 0.0036 -0.2480 -0.9687
vn -0.0000 -0.8418 -0.5398
vn -0.0010 -0.8423 -0.5390
vn -0.9796 -0.0412 -0.1966
vn -0.7760 -0.1174 -0.6198
vn 0.0009 -0.8420 -0.5394
vn -0.4724 -0.7426 -0.4747
vn -0.3296 -0.5357 -0.7774
vn -0.2960 -0.1870 -0.9367
vn -0.9345 0.0347 -0.3542
vn -0.9404 0.0052 -0.3401
vn -0.9111 0.0106 -0.4121
vn -0.8648 0.0166 -0.5018
vn -0.9922 0.0034 -0.1242
vn -0.9497 -0.1101 0.2932
vn -0.9926 0.0026 -0.1213
vn -0.9747 0.0090 -0.2232
vn -0.7180 -0.4468 0.5338
vn -0.9797 -0.1944 0.0493
vn -1.0000 -0.0000 -0.0000
vn -0.0235 0.6246 -0.7806
vn -0.0981 0.4542 -0.8855
vn 0.2960 -0.1870 -0.9367
vn 0.3535 -0.3065 -0.8838
vn 0.3228 -0.0417 -0.9456
vn 0.0300 -0.2247 -0.9740
vn -0.3535 -0.3065 -0.8838
vn -0.3228 -0.0417 -0.9456
vn -0.7675 0.1957 -0.6105
vn -0.9214 -0.0840 -0.3795
vn 0.9796 -0.0412 -0.1966
vn 0.5586 -0.1300 -0.8192
vn 0.7934 -0.5578 -0.2436
vn 0.4329 -0.4322 -0.7910
vn 0.7264 -0.0453 -0.6858
vn 0.8635 0.0229 -0.5038
vn -0.0515 -0.9206 0.3871
vn -0.0507 -0.9246 0.3776
vn -0.5975 -0.7980 0.0782
vn 0.9107 0.0199 -0.4126
vn 0.8337 0.0087 -0.5521
vn 0.9302 0.0107 -0.3669
vn -0.0300 -0.2247 -0.9740
vn -0.5586 -0.1300 -0.8192
vn -0.2019 -0.6857 -0.6994
vn -0.7934 -0.5578 -0.2436
vn 0.5468 -0.0159 -0.8371
vn 0.2201 -0.6130 -0.7588
vn 0.2019 -0.6857 -0.6994
vn -0.4329 -0.4322 -0.7910
vn -0.1128 -0.8584 -0.5005
vn 0.1128 -0.8584 -0.5005
vn -0.5330 -0.0113 -0.8461
vn -0.1614 0.0095 -0.9868
vn 0.1344 0.0662 -0.9887
vn 0.1194 -0.6379 -0.7608
vn -0.0856 -0.9919 -0.0941
vn -0.1188 -0.6379 -0.7609
vn -0.2201 -0.6130 -0.7588
vn 0.0574 -0.8631 -0.5017
vn -0.0530 -0.9932 -0.1033
vn 0.0005 -0.9992 -0.0410
vn 0.2738 -0.9442 -0.1830
vn 0.0026 -1.0000 -0.0037
vn -0.0248 -0.9986 -0.0478
vn 0.0530 -0.9932 -0.1033
vn -0.0085 -0.9996 -0.0260
vn 0.4724 -0.7426 -0.4747
vn 0.0956 -0.9797 -0.1763
vn 0.0007 -0.9999 -0.0172
vn -0.0012 -0.9998 -0.0177
vn -0.7264 -0.0453 -0.6858
vn -0.5912 -0.4022 -0.6990
vn -0.2697 -0.8778 -0.3959
vn -0.0078 -0.8190 -0.5737
vn -0.1846 -0.9137 -0.3619
vn -0.0019 -0.9991 -0.0418
vn -0.0047 -0.9228 -0.3852
vn 0.0005 -0.9992 -0.0388
vn 0.0905 -0.8343 -0.5438
vn 0.1846 -0.9137 -0.3619
vn 0.2697 -0.8778 -0.3959
vn 0.4831 -0.5491 -0.6820
vn 0.5912 -0.4022 -0.6990
vn -0.7986 0.0071 -0.6018
vn -0.7237 0.0040 -0.6901
vn -0.6658 -0.0120 -0.7460
vn -0.0000 -0.9999 -0.0167
vn -0.0003 -0.9239 -0.3827
vn 0.0100 -0.9217 -0.3879
vn -0.0826 -0.8323 -0.5482
vn -0.0100 -0.7064 -0.7077
vn -0.1319 -0.2291 -0.9644
vn -0.0149 -0.3813 -0.9243
vn -0.0000 -0.3827 -0.9239
vn 0.0311 -0.3797 -0.9246
vn 0.0211 -0.7056 -0.7083
vn 0.1480 -0.2298 -0.9619
vn -0.4831 -0.5491 -0.6820
vn -0.3262 -0.5756 -0.7499
vn -0.3838 -0.1393 -0.9129
vn -0.1387 -0.0113 -0.9903
vn -0.0118 -0.0034 -0.9999
vn 0.3262 -0.5756 -0.7499
vn 0.3838 -0.1393 -0.9129
vn -0.5848 -0.1298 -0.8007
vn 0.6658 -0.0120 -0.7460
vn 0.7237 0.0040 -0.6901
vn 0.7986 0.0071 -0.6018
vn 0.1529 -0.0075 -0.9882
vn 0.2479 0.0072 -0.9688
vn 0.3678 0.0185 -0.9297
vn 0.5075 0.0300 -0.8611
vn 0.5848 -0.1298 -0.8007
vn 0.6282 0.0116 -0.7780
vn 0.0023 -0.9242 0.3820
vn -0.0023 -0.9244 0.3814
vn 0.0290 -0.0048 -0.9996
vn 0.0201 -0.0504 -0.9985
vn 0.0798 -0.0023 -0.9968
vn -0.0000 -0.9239 0.3827
vn 0.0507 -0.9246 0.3776
vn -0.0000 -0.9239 0.3826
vn 0.5975 -0.7980 0.0782
vn 0.9797 -0.1944 0.0493
vn 0.9274 -0.1855 0.3248
vn 0.5265 -0.8134 0.2471
vn 0.0296 -0.9994 0.0175
vn -0.0186 -0.7157 0.6981
vn -0.0296 -0.9994 0.0175
vn -0.1031 -0.8349 0.5407
vn -0.5265 -0.8134 0.2471
vn -0.0000 -0.3826 0.9239
vn 0.0186 -0.7157 0.6981
vn 0.1031 -0.8349 0.5407
vn 0.0026 -0.3859 0.9226
vn -0.0670 -0.0123 -0.9977
vn -0.1734 0.0252 -0.9845
vn -0.2426 -0.0815 -0.9667
vn -0.1346 0.0136 -0.9908
vn -0.0076 -0.0536 -0.9985
vn -0.0000 -0.0553 -0.9985
vn 0.0272 -0.0566 -0.9980
vn -0.2479 0.0072 -0.9688
vn -0.3678 0.0185 -0.9297
vn -0.2786 0.0155 -0.9603
vn 0.1734 0.0252 -0.9845
vn 0.2426 -0.0815 -0.9667
vn 0.1803 0.0218 -0.9834
vn 0.2415 0.0356 -0.9698
vn 0.2786 0.0155 -0.9603
vn -0.5075 0.0300 -0.8611
vn -0.6282 0.0116 -0.7780
vn -0.5145 0.0044 -0.8575
vn -0.5839 0.0114 -0.8118
vn 0.5145 0.0044 -0.8575
vn 0.5839 0.0114 -0.8118
vn -0.8337 0.0087 -0.5521
vn -0.9302 0.0107 -0.3669
vn -0.8534 0.0198 -0.5209
vn -0.8247 0.0207 -0.5653
vn 0.7231 0.0163 -0.6906
vn 0.8247 0.0207 -0.5653
vn -0.9251 0.0064 -0.3796
vn 0.8534 0.0198 -0.5209
vn 0.9251 0.0064 -0.3796
vn 1.0000 -0.0000 -0.0000
vn 0.8619 -0.0213 0.5067
vn 0.9754 0.0051 -0.2204
vn 0.9950 0.0051 -0.0994
vn -0.9274 -0.1855 0.3248
vn -0.5693 -0.3554 0.7414
vn -0.1971 -0.1896 0.9619
vn -0.2413 -0.0239 0.9702
vn -0.8619 -0.0213 0.5067
vn 0.5693 -0.3554 0.7414
vn 0.1971 -0.1896 0.9619
vn 0.2413 -0.0239 0.9702
vn -0.0026 -0.3859 0.9226
vn 0.0539 -0.0291 0.9981
vn 0.0228 -0.0545 0.9983
vn -0.0296 -0.0232 0.9993
vn 0.0993 0.1050 0.9895
vn -0.0000 0.3826 0.9239
vn 0.0296 -0.0232 0.9993
vn 0.2409 -0.0443 0.9695
vn 0.0029 -0.0499 0.9987
vn -0.0228 -0.0545 0.9983
vn -0.0539 -0.0291 0.9981
vn -0.3843 -0.0057 0.9232
vn -0.0988 0.1049 0.9896
vn -0.8522 -0.0166 0.5229
vn -0.0029 -0.0499 0.9987
vn -0.2409 -0.0443 0.9695
vn 0.3852 0.0244 -0.9225
vn -0.0013 0.3833 0.9236
vn -0.0027 0.8113 0.5846
vn 0.1957 0.7230 0.6625
vn 0.0029 0.3842 0.9232
vn -0.1914 0.7258 0.6607
vn 0.0061 0.8115 0.5844
vn 0.7237 0.3129 0.6151
vn 0.3286 0.7759 0.5385
vn 0.8492 0.3120 0.4260
vn 0.9195 0.0322 0.3917
vn 0.3843 -0.0057 0.9232
vn 0.7185 -0.0114 0.6954
vn -0.7237 0.3129 0.6151
vn -0.9196 0.0319 0.3916
vn -0.8492 0.3120 0.4260
vn -0.3267 0.7772 0.5378
vn -0.0033 0.9733 0.2296
vn -0.0018 0.7062 0.7080
vn 0.3416 0.3416 0.8756
vn -0.3416 0.3416 0.8756
vn 0.0070 0.7054 0.7088
vn 0.0074 0.9733 0.2295
vn -0.0000 0.8112 0.5848
vn -0.0000 0.9732 0.2298
vn -0.0000 0.7071 0.7071
vn 0.3595 0.0207 0.9329
vn 0.2355 -0.0301 0.9714
vn 0.8487 0.0160 0.5287
vn -0.0002 -0.0279 0.9996
vn -0.0000 -0.0277 0.9996
vn -0.3595 0.0207 0.9329
vn -0.8487 0.0160 0.5287
vn -0.2356 -0.0300 0.9714
vn 0.8185 -0.0254 0.5740
vn 0.9735 0.0045 0.2287
vn -0.7185 -0.0114 0.6954
vn -0.9735 0.0045 0.2287
vn 0.0001 -0.0278 0.9996
vn 0.0002 -0.0516 0.9987
vn 0.3945 -0.0451 0.9178
vn -0.8185 -0.0254 0.5740
vn -0.3947 -0.0451 0.9177
vn -0.7231 0.0163 -0.6906
vn -0.7246 0.0182 -0.6889
vn -0.6276 0.0274 -0.7780
vn 0.5034 0.0396 -0.8632
vn 0.6276 0.0274 -0.7780
vn -0.0083 -0.0567 -0.9984
vn -0.0399 -0.5963 -0.8018
vn -0.0090 -0.5252 -0.8509
vn -0.0000 -0.5258 -0.8506
vn 0.1405 0.0165 -0.9899
vn 0.0658 -0.4024 -0.9131
vn 0.2273 -0.2301 -0.9462
vn -0.3852 0.0244 -0.9225
vn -0.5034 0.0396 -0.8632
vn -0.3611 0.0254 -0.9322
vn -0.2415 0.0356 -0.9698
vn -0.2965 -0.0065 -0.9550
vn -0.1803 0.0218 -0.9834
vn 0.2965 -0.0065 -0.9550
vn 0.3611 0.0254 -0.9322
vn 0.7246 0.0182 -0.6889
vn 0.8020 0.0076 -0.5973
vn -0.2700 -0.0265 -0.9625
vn -0.4540 -0.2337 -0.8598
vn -0.2273 -0.2301 -0.9462
vn -0.9754 0.0051 -0.2204
vn -0.9950 0.0051 -0.0994
vn -0.9801 0.0099 -0.1980
vn -0.9304 0.0121 -0.3664
vn 0.8315 0.0068 -0.5554
vn 0.9304 0.0121 -0.3664
vn -0.3933 -0.0452 0.9183
vn -0.8530 -0.0140 0.5217
vn 0.8522 -0.0166 0.5229
vn 0.9883 0.0036 0.1527
vn 0.8530 -0.0140 0.5217
vn -0.9950 0.0050 -0.0995
vn 0.9801 0.0099 -0.1980
vn 0.9950 0.0050 -0.0995
vn 0.0058 -0.0568 0.9984
vn 0.3646 -0.0566 0.9294
vn -0.0263 -0.0415 0.9988
vn 0.8139 -0.0280 0.5804
vn 0.4041 -0.0433 0.9137
vn -0.4041 -0.0433 0.9137
vn -0.8139 -0.0280 0.5804
vn 0.3829 -0.0454 0.9227
vn 0.8136 -0.0285 0.5807
vn 0.0347 -0.5226 -0.8519
vn 0.0388 -0.8255 -0.5631
vn 0.0711 -0.7068 -0.7038
vn -0.0000 -0.0515 0.9987
vn -0.0000 -0.0487 0.9988
vn 0.0002 -0.0487 0.9988
vn -0.0005 -0.0516 0.9987
vn -0.0006 -0.0486 0.9988
vn -0.3832 -0.0453 0.9225
vn -0.4863 -0.4302 -0.7605
vn -0.2353 -0.6909 -0.6836
vn -0.0523 -0.7212 -0.6907
vn -0.2565 -0.6652 -0.7012
vn -0.0751 -0.7612 -0.6442
vn -0.0065 -0.8287 -0.5596
vn -0.0023 -0.7285 -0.6850
vn -0.0000 -0.7276 -0.6860
vn -0.0000 -0.8281 -0.5606
vn 0.0343 -0.7286 -0.6841
vn 0.1383 -0.7256 -0.6741
vn 0.2293 -0.6889 -0.6876
vn 0.2669 -0.6413 -0.7194
vn 0.5094 -0.5160 -0.6887
vn 0.4863 -0.4302 -0.7605
vn 0.0208 -0.7057 -0.7082
vn 0.1285 -0.7257 -0.6759
vn 0.3073 -0.6894 -0.6560
vn 0.4540 -0.2337 -0.8598
vn 0.6005 -0.2682 -0.7533
vn 0.5738 -0.1524 -0.8047
vn 0.2700 -0.0265 -0.9625
vn -0.4897 -0.5010 -0.7136
vn -0.6005 -0.2682 -0.7533
vn -0.6386 -0.4217 -0.6436
vn -0.4984 -0.5845 -0.6403
vn 0.2661 -0.0039 -0.9639
vn 0.1723 0.0005 -0.9850
vn -0.5738 -0.1524 -0.8047
vn -0.7717 -0.2338 -0.5915
vn 0.5200 -0.5814 -0.6258
vn 0.6541 -0.4183 -0.6303
vn -0.1723 0.0005 -0.9850
vn -0.2661 -0.0039 -0.9639
vn -0.5145 0.0039 -0.8575
vn 0.5145 0.0039 -0.8575
vn -0.8020 0.0076 -0.5973
vn -0.8315 0.0068 -0.5554
vn -0.8248 0.0205 -0.5650
vn -0.0534 -0.6759 -0.7350
vn -0.2760 -0.6645 -0.6945
vn -0.1931 -0.5493 -0.8130
vn -0.0351 -0.6315 -0.7746
vn -0.0023 -0.7060 -0.7082
vn -0.0040 -0.5851 -0.8109
vn -0.0000 -0.5847 -0.8113
vn 0.0188 -0.5864 -0.8098
vn 0.0949 -0.5755 -0.8123
vn -0.4379 -0.5462 -0.7141
vn -0.8535 0.0191 -0.5208
vn 0.8248 0.0205 -0.5650
vn 0.8535 0.0191 -0.5208
vn -0.4469 0.0086 -0.8945
vn -0.3113 0.0184 -0.9501
vn 0.1579 0.0199 -0.9873
vn 0.3113 0.0184 -0.9501
vn 0.9334 0.0119 -0.3586
vn -0.0058 -0.0568 0.9984
vn -0.3646 -0.0566 0.9294
vn -0.7027 -0.0431 0.7102
vn 0.3933 -0.0452 0.9183
vn 0.8505 -0.0258 0.5253
vn 0.7027 -0.0431 0.7102
vn 0.2519 -0.5824 -0.7729
vn 0.4326 -0.4888 -0.7576
vn 0.7717 -0.2338 -0.5915
vn 0.7912 -0.2812 -0.5431
vn 0.8652 -0.1250 -0.4855
vn 0.6800 -0.0749 -0.7294
vn -0.9883 0.0036 0.1527
vn -0.9871 -0.0080 0.1602
vn 0.9871 -0.0080 0.1602
vn 0.0080 -0.2343 -0.9721
vn 0.0313 -0.2288 -0.9730
vn 0.0858 -0.2112 -0.9737
vn -0.0015 -0.2307 -0.9730
vn -0.0245 -0.3936 -0.9189
vn -0.0001 -0.0086 -1.0000
vn -0.0000 -0.0086 -1.0000
vn 0.0003 -0.0084 -1.0000
vn 0.0012 -0.0082 -1.0000
vn -0.1045 -0.2472 -0.9633
vn -0.0009 -0.0082 -1.0000
vn -0.6526 -0.4828 -0.5840
vn -0.5903 -0.4136 -0.6932
vn -0.1913 -0.2741 -0.9425
vn -0.6800 -0.0749 -0.7294
vn -0.4287 -0.0208 -0.9032
vn -0.7987 -0.0661 -0.5981
vn -0.8652 -0.1250 -0.4855
vn 0.7987 -0.0661 -0.5981
vn 0.4287 -0.0208 -0.9032
vn -0.0026 -0.0082 -1.0000
vn -0.0055 -0.0077 -1.0000
vn -0.0617 -0.1690 -0.9837
vn 0.0217 -0.0246 -0.9995
vn -0.0000 -0.0087 -1.0000
vn -0.0000 -0.6154 -0.7882
vn -0.0327 -0.0344 -0.9989
vn -0.7912 -0.2812 -0.5431
vn -0.7742 -0.2869 -0.5642
vn 0.6840 -0.4523 -0.5723
vn 0.5992 -0.3908 -0.6987
vn 0.7742 -0.2869 -0.5642
vn 0.0032 -0.0078 -1.0000
vn 0.0672 -0.1245 -0.9899
vn 0.0071 -0.0086 -0.9999
vn 0.1607 -0.1775 -0.9709
vn 0.2864 -0.1850 -0.9401
vn -0.8749 -0.1596 -0.4572
vn -0.2864 -0.1850 -0.9401
vn -0.6615 -0.2250 -0.7154
vn -0.3243 -0.1070 -0.9399
vn -0.0116 -0.0079 -0.9999
vn -0.0142 -0.0170 -0.9998
vn -0.1721 -0.0735 -0.9823
vn -0.2244 -0.0139 -0.9744
vn -0.2295 -0.0034 -0.9733
vn -0.3548 -0.2516 -0.9004
vn -0.3746 -0.6785 -0.6319
vn 0.0095 -0.0073 -0.9999
vn 0.0193 -0.0164 -0.9997
vn 0.3243 -0.1070 -0.9399
vn -0.8428 -0.1396 -0.5198
vn -0.7309 -0.1343 -0.6692
vn 0.6615 -0.2250 -0.7154
vn 0.7309 -0.1343 -0.6692
vn 0.8428 -0.1396 -0.5198
vn -0.5031 0.0393 -0.8633
vn 0.4469 0.0086 -0.8945
vn 0.3905 0.0335 -0.9200
vn 0.5031 0.0393 -0.8633
vn 0.8749 -0.1596 -0.4572
vn 0.8839 -0.0565 -0.4642
vn 0.8872 -0.0595 -0.4575
vn -0.5175 -0.1108 -0.8485
vn -0.1579 0.0199 -0.9873
vn -0.3203 0.0212 -0.9471
vn -0.2052 0.0111 -0.9786
vn -0.9334 0.0119 -0.3586
vn -0.9446 0.0130 -0.3280
vn -0.8497 0.0113 -0.5271
vn 0.8497 0.0113 -0.5271
vn 0.9446 0.0130 -0.3280
vn -0.8872 -0.0595 -0.4575
vn -0.8839 -0.0565 -0.4642
vn -0.9804 0.0050 -0.1971
vn -0.8505 -0.0258 0.5253
vn -0.8504 -0.0263 0.5255
vn 0.8504 -0.0263 0.5255
vn 0.3898 -0.0330 0.9203
vn 0.9804 0.0050 -0.1971
vn 0.9952 0.0021 -0.0974
vn 0.5175 -0.1108 -0.8485
vn 0.1693 -0.0732 -0.9828
vn 0.4415 -0.0279 -0.8968
vn 0.7412 -0.0743 -0.6671
vn 0.4604 -0.0075 -0.8877
vn 0.2052 0.0111 -0.9786
vn -0.7412 -0.0743 -0.6671
vn -0.4415 -0.0279 -0.8968
vn 0.3430 -0.6540 -0.6742
vn 0.3608 -0.2448 -0.9000
vn 0.2295 -0.0034 -0.9733
vn 0.2244 -0.0139 -0.9744
vn -0.4604 -0.0075 -0.8877
vn -0.7089 -0.0022 -0.7053
vn 0.8455 -0.0069 -0.5339
vn 0.7089 -0.0022 -0.7053
vn -0.8937 -0.0829 -0.4409
vn -0.9267 -0.0709 -0.3690
vn -0.8777 -0.0754 -0.4733
vn 0.8937 -0.0829 -0.4409
vn 0.8777 -0.0754 -0.4733
vn 0.9267 -0.0709 -0.3690
vn -0.6536 -0.0440 -0.7555
vn -0.4468 -0.0266 -0.8942
vn 0.4468 -0.0266 -0.8942
vn 0.6536 -0.0440 -0.7555
vn -0.3905 0.0335 -0.9200
vn -0.4552 -0.0000 -0.8904
vn 0.3203 0.0212 -0.9471
vn 0.3193 -0.0000 -0.9477
vn 0.4552 -0.0000 -0.8904
vn 0.0263 -0.0415 0.9988
vn -0.0018 -0.0484 0.9988
vn -0.0012 -0.0256 0.9997
vn 0.0012 -0.0256 0.9997
vn 0.0018 -0.0484 0.9988
vn 0.8177 -0.0279 0.5750
vn 0.8177 -0.0279 0.5749
vn -0.8136 -0.0285 0.5807
vn -0.8177 -0.0279 0.5749
vn -0.8177 -0.0279 0.5750
vn 0.8563 0.0129 -0.5164
vn 0.9331 0.0034 -0.3596
vn -0.9952 0.0021 -0.0974
vn -0.9949 0.0029 -0.1006
vn -0.9804 0.0049 -0.1971
vn 0.0002 -0.0499 0.9988
vn 0.3930 -0.0445 0.9185
vn -0.0000 -0.0499 0.9988
vn 0.9949 0.0029 -0.1006
vn 0.9867 -0.0041 0.1627
vn -0.3898 -0.0330 0.9203
vn -0.3878 -0.0369 0.9210
vn -0.8490 -0.0132 0.5283
vn 0.8490 -0.0132 0.5283
vn 0.3878 -0.0369 0.9210
vn 0.6995 -0.0030 -0.7146
vn 0.2799 0.0217 -0.9598
vn -0.3193 -0.0000 -0.9477
vn -0.1805 0.0088 -0.9835
vn -0.8455 -0.0069 -0.5339
vn -0.6995 -0.0018 -0.7146
vn -0.9255 -0.0490 -0.3757
vn 0.9440 -0.0796 -0.3201
vn 0.9255 -0.0490 -0.3757
vn -0.9440 -0.0796 -0.3201
vn -0.9280 -0.0975 -0.3596
vn 0.7455 -0.0308 -0.6658
vn 0.9280 -0.0975 -0.3596
vn -0.7455 -0.0308 -0.6658
vn -0.3060 0.0840 -0.9483
vn 0.0799 0.0945 -0.9923
vn 0.3060 0.0840 -0.9483
vn 0.4559 0.0212 -0.8898
vn 0.5652 0.0285 -0.8245
vn -0.5652 0.0285 -0.8245
vn -0.4559 0.0212 -0.8898
vn -0.3199 0.0254 -0.9471
vn 0.1805 0.0088 -0.9835
vn 0.1737 0.0235 -0.9845
vn 0.3199 0.0254 -0.9471
vn -0.8563 0.0129 -0.5164
vn -0.9331 0.0034 -0.3596
vn 0.3928 -0.0444 0.9185
vn 0.3831 -0.0450 0.9226
vn -0.0012 -0.0490 0.9988
vn -0.3928 -0.0444 0.9185
vn 0.0012 -0.0490 0.9988
vn -0.3831 -0.0450 0.9226
vn 0.9804 0.0049 -0.1971
vn 0.9806 0.0075 -0.1960
vn 0.3829 -0.0438 0.9228
vn 0.8137 -0.0285 0.5807
vn -0.3933 -0.0445 0.9183
vn -0.8137 -0.0285 0.5807
vn -0.3831 -0.0455 0.9226
vn -0.0004 -0.0499 0.9988
vn -0.2799 0.0217 -0.9598
vn -0.1737 0.0235 -0.9845
vn -0.4272 0.0158 -0.9040
vn -0.9867 -0.0041 0.1627
vn -0.9875 -0.0039 0.1577
vn 0.9875 -0.0039 0.1577
vn -0.0016 -0.0497 0.9988
vn -0.0010 -0.0499 0.9988
vn -0.5255 -0.0425 0.8497
vn 0.0016 -0.0497 0.9988
vn 0.5255 -0.0425 0.8497
vn 0.0010 -0.0499 0.9988
vn 0.9383 -0.0125 -0.3455
vn 0.8089 -0.0110 -0.5878
vn -0.0000 -0.0488 0.9988
vn 0.0002 -0.0488 0.9988
vn -0.0004 -0.0487 0.9988
vn -0.8089 -0.0110 -0.5878
vn -0.9383 -0.0125 -0.3455
vn 0.7204 0.0603 -0.6909
vn 0.9389 -0.0095 -0.3441
vn -0.0799 0.0945 -0.9923
vn -0.4605 0.1603 -0.8731
vn -0.8889 0.0672 -0.4531
vn -0.5849 -0.0042 -0.8111
vn -0.8320 -0.3983 -0.3861
vn 0.0124 -0.5940 -0.8044
vn -0.0380 -0.8698 -0.4920
vn -0.0000 -0.8702 -0.4927
vn -0.0244 -0.5803 -0.8140
vn 0.0639 -0.8688 -0.4910
vn 0.4605 0.1603 -0.8731
vn 0.3113 0.1579 -0.9371
vn -0.9389 -0.0095 -0.3441
vn -0.7204 0.0603 -0.6909
vn -0.3928 -0.7038 -0.5920
vn -0.7861 -0.4065 -0.4656
vn -0.2421 -0.2716 -0.9315
vn -0.0217 -0.3926 -0.9194
vn 0.0388 -0.3984 -0.9164
vn 0.4220 -0.6933 -0.5842
vn 0.2525 -0.2616 -0.9316
vn 0.7861 -0.4065 -0.4656
vn 0.8320 -0.3983 -0.3861
vn 0.5849 -0.0042 -0.8111
vn -0.5698 -0.2444 -0.7846
vn -0.8737 -0.1057 -0.4748
vn -0.4019 -0.0417 -0.9147
vn 0.5698 -0.2444 -0.7846
vn 0.4019 -0.0417 -0.9147
vn 0.8737 -0.1057 -0.4748
vn -0.8878 0.0041 -0.4601
vn 0.3827 -0.0000 -0.9239
vn 0.8878 0.0041 -0.4601
vn -0.5201 0.0125 -0.8540
vn 0.5201 0.0125 -0.8540
vn 0.3207 0.0254 -0.9468
vn 0.4559 0.0227 -0.8897
vn -0.4559 0.0227 -0.8897
vn -0.3207 0.0254 -0.9468
vn 0.8577 0.0198 -0.5137
vn -0.1747 0.0249 -0.9843
vn -0.4343 0.0258 -0.9004
vn 0.4272 0.0158 -0.9040
vn 0.4343 0.0258 -0.9004
vn 0.1747 0.0249 -0.9843
vn -0.9806 0.0075 -0.1960
vn -0.9831 0.0066 -0.1830
vn -0.9363 0.0113 -0.3511
vn 0.8135 -0.0281 0.5808
vn 0.8111 -0.0288 0.5842
vn 0.4041 -0.0440 0.9137
vn -0.8135 -0.0281 0.5808
vn -0.4041 -0.0440 0.9137
vn -0.8111 -0.0288 0.5842
vn 0.9363 0.0113 -0.3511
vn 0.9831 0.0066 -0.1830
vn -0.9228 -0.0149 0.3850
vn -0.9250 -0.0246 0.3793
vn 0.9228 -0.0149 0.3850
vn 0.9250 -0.0246 0.3793
vn -0.8123 0.0113 -0.5831
vn -0.9301 0.0266 -0.3662
vn -0.9375 0.0470 -0.3448
vn 0.9375 0.0470 -0.3448
vn 0.9301 0.0266 -0.3662
vn 0.8123 0.0113 -0.5831
vn 0.3929 -0.0444 0.9185
vn -0.0004 -0.0488 0.9988
vn -0.3827 -0.0000 -0.9239
vn -0.3990 0.0343 -0.9163
vn 0.8889 0.0672 -0.4531
vn 0.8943 0.0546 -0.4442
vn 0.8902 0.0805 -0.4484
vn -0.3113 0.1579 -0.9371
vn -0.2820 0.1274 -0.9509
vn -0.4297 0.1371 -0.8925
vn 0.4297 0.1371 -0.8925
vn 0.2820 0.1274 -0.9509
vn -0.5659 0.0080 -0.8245
vn 0.5659 0.0080 -0.8245
vn 0.6324 0.0194 -0.7744
vn -0.1715 -0.0000 -0.9852
vn 0.1715 -0.0000 -0.9852
vn -0.8577 0.0198 -0.5137
vn -0.8287 0.0138 -0.5595
vn -0.8563 0.0130 -0.5164
vn -0.4282 -0.0000 -0.9037
vn -0.5937 0.0167 -0.8045
vn 0.5937 0.0167 -0.8045
vn 0.4282 -0.0000 -0.9037
vn 0.8287 0.0138 -0.5595
vn 0.8563 0.0130 -0.5164
vn 0.0224 -0.0482 0.9986
vn 0.0001 -0.0484 0.9988
vn -0.0007 -0.0497 0.9988
vn -0.0224 -0.0482 0.9986
vn 0.0007 -0.0497 0.9988
vn -0.0001 -0.0484 0.9988
vn -0.0797 0.2752 -0.9581
vn 0.0913 0.1620 -0.9826
vn -0.0088 0.2266 -0.9740
vn 0.3990 0.0343 -0.9163
vn 0.4084 0.1810 -0.8947
vn 0.6367 0.1988 -0.7450
vn -0.8943 0.0546 -0.4442
vn -0.8902 0.0805 -0.4484
vn -0.8147 0.2665 -0.5150
vn -0.6367 0.1988 -0.7450
vn -0.8206 0.2947 -0.4896
vn 0.8147 0.2665 -0.5150
vn 0.8206 0.2947 -0.4896
vn -0.7073 0.0922 -0.7009
vn -0.7120 0.0368 -0.7012
vn -0.2837 0.0477 -0.9577
vn 0.7073 0.0922 -0.7009
vn 0.2837 0.0477 -0.9577
vn 0.7120 0.0368 -0.7012
vn -0.9952 0.0025 -0.0974
vn -0.9965 0.0042 -0.0832
vn 0.9952 0.0025 -0.0974
vn 0.9965 0.0042 -0.0832
vn -0.3931 -0.0444 0.9184
vn -0.3827 -0.0461 0.9227
vn -0.5222 -0.0490 0.8514
vn -0.3824 -0.0461 0.9228
vn -0.8708 -0.0279 0.4908
vn 0.5222 -0.0490 0.8514
vn 0.8708 -0.0279 0.4908
vn 0.3824 -0.0461 0.9228
vn -0.5703 0.0205 -0.8212
vn -0.4547 0.0222 -0.8904
vn 0.3188 0.0237 -0.9475
vn 0.4547 0.0222 -0.8904
vn -0.6324 0.0194 -0.7744
vn 0.5703 0.0205 -0.8212
vn -0.6323 0.0194 -0.7745
vn -0.4084 0.1810 -0.8947
vn -0.2712 0.1953 -0.9425
vn 0.0958 0.4182 -0.9033
vn 0.2494 0.2564 -0.9339
vn 0.4930 0.5060 -0.7077
vn 0.6323 0.0194 -0.7745
vn -0.3188 0.0237 -0.9475
vn -0.1786 0.0091 -0.9839
vn 0.1786 0.0091 -0.9839
vn -0.3319 0.1919 -0.9236
vn -0.2543 0.0045 -0.9671
vn -0.1408 0.1714 -0.9751
vn -0.4596 0.5155 -0.7232
vn 0.3319 0.1919 -0.9236
vn 0.4235 0.5287 -0.7356
vn 0.1257 0.1766 -0.9762
vn 0.2504 0.0056 -0.9681
vn -0.7904 0.0297 -0.6118
vn -0.5847 -0.0000 -0.8112
vn -0.7955 -0.0036 -0.6059
vn -0.9473 0.0163 -0.3201
vn 0.7904 0.0297 -0.6118
vn 0.9473 0.0163 -0.3201
vn 0.7955 -0.0036 -0.6059
vn 0.5847 -0.0000 -0.8112
vn -0.9342 0.0095 -0.3567
vn -0.8731 0.0174 -0.4872
vn 0.9342 0.0095 -0.3567
vn 0.8731 0.0174 -0.4872
vn -0.9486 -0.0255 -0.3156
vn -0.7012 -0.0255 -0.7125
vn 0.7012 -0.0255 -0.7125
vn 0.9486 -0.0255 -0.3156
vn -0.9922 -0.0090 0.1241
vn -0.9925 -0.0061 0.1222
vn 0.9922 -0.0090 0.1241
vn 0.9925 -0.0061 0.1222
vn 0.3824 -0.0450 0.9229
vn 0.3899 -0.0579 0.9190
vn 0.0012 -0.0741 0.9972
vn -0.3824 -0.0450 0.9229
vn -0.0012 -0.0741 0.9972
vn -0.3899 -0.0579 0.9190
vn 0.0003 -0.0497 0.9988
vn -0.0065 -0.0624 0.9980
vn -0.0003 -0.0497 0.9988
vn 0.0065 -0.0624 0.9980
vn 0.3825 -0.0454 0.9228
vn 0.3827 -0.0450 0.9228
vn -0.0001 -0.0488 0.9988
vn -0.0005 -0.0487 0.9988
vn -0.0002 -0.0487 0.9988
vn -0.3830 -0.0432 0.9227
vn -0.5461 0.4723 -0.6919
vn -0.5885 0.6326 -0.5034
vn -0.2613 0.6825 -0.6825
vn -0.1840 0.4083 -0.8941
vn -0.2773 0.7832 -0.5565
vn 0.5200 0.6761 -0.5219
vn 0.1466 0.6995 -0.6995
vn 0.1563 0.8115 -0.5630
vn -0.0221 0.3969 -0.9176
vn -0.0117 0.5889 -0.8081
vn -0.0381 0.7066 -0.7066
vn -0.1161 0.6758 -0.7279
vn -0.0000 0.2298 -0.9732
vn 0.1388 0.0478 -0.9892
vn -0.1730 0.1730 -0.9696
vn -0.4507 0.5098 -0.7328
vn -0.3213 0.0776 -0.9438
vn -0.3595 0.2069 -0.9099
vn -0.0000 0.5847 -0.8112
vn 0.1664 0.5713 -0.8037
vn 0.4555 0.1127 -0.8831
vn 0.2498 0.7616 -0.5980
vn 0.0108 0.2110 -0.9774
vn 0.4090 0.0707 -0.9098
vn -0.1854 0.6803 -0.7091
vn -0.0428 0.8229 -0.5666
vn -0.1873 0.7984 -0.5723
vn -0.1860 0.8151 -0.5487
vn -0.6340 0.6215 -0.4602
vn -0.6993 0.1928 -0.6883
vn -0.8543 0.2297 -0.4663
vn -0.6679 0.1015 -0.7373
vn 0.8937 0.0560 -0.4452
vn 0.6810 -0.1392 -0.7189
vn 0.9159 0.0755 -0.3942
vn 0.3762 0.7809 -0.4987
vn -0.0081 0.8226 -0.5686
vn 0.0931 0.7998 -0.5930
vn -0.0087 0.8215 -0.5701
vn -0.4528 0.0260 -0.8912
vn -0.3618 0.0303 -0.9318
vn 0.4528 0.0260 -0.8912
vn 0.5713 0.0205 -0.8205
vn -0.5713 0.0205 -0.8205
vn -0.0523 0.2285 -0.9721
vn -0.0102 0.3719 -0.9282
vn -0.0386 0.8189 -0.5726
vn -0.2093 0.4024 -0.8912
vn -0.6824 0.5279 -0.5057
vn -0.9269 0.1754 -0.3318
vn -0.9056 -0.0000 -0.4242
vn 0.1226 0.7950 -0.5941
vn -0.0098 0.3836 -0.9235
vn 0.0513 0.3849 -0.9215
vn 0.5141 0.4860 -0.7068
vn 0.8721 0.0066 -0.4893
vn 0.3461 0.4099 -0.8439
vn 0.2344 0.0177 -0.9720
vn 0.3618 0.0303 -0.9318
vn -0.8279 0.0143 -0.5607
vn 0.8279 0.0143 -0.5607
vn 0.8630 -0.2263 -0.4516
vn 0.7626 0.4490 -0.4656
vn 0.9285 0.1705 -0.3298
vn -0.2344 0.0177 -0.9720
vn -0.4218 0.0107 -0.9066
vn 0.7078 0.0040 -0.7064
vn 0.4218 0.0107 -0.9066
vn -0.7078 0.0040 -0.7064
vn -0.8974 -0.0087 -0.4411
vn 0.9066 0.0089 -0.4219
vn 0.8974 -0.0087 -0.4411
vn -0.9837 0.0066 -0.1799
vn -0.9861 0.0083 -0.1657
vn -0.9381 0.0050 -0.3462
vn 0.9837 0.0066 -0.1799
vn 0.9381 0.0050 -0.3462
vn 0.9861 0.0083 -0.1657
vn -0.0098 0.3818 -0.9242
vn 0.5648 0.1433 -0.8127
vn -0.0106 -0.0000 -0.9999
vn -0.2463 -0.0057 -0.9692
vn -0.0107 0.0354 -0.9993
vn -0.0079 0.0154 -0.9998
vn 0.0062 0.0370 -0.9993
vn -0.8700 -0.0246 0.4925
vn -0.8699 -0.0246 0.4925
vn 0.8136 -0.0287 0.5807
vn 0.7067 -0.0353 0.7067
vn -0.7067 -0.0353 0.7067
vn -0.8136 -0.0287 0.5807
vn 0.8700 -0.0246 0.4925
vn 0.8699 -0.0246 0.4925
vn 0.0085 -0.0000 -1.0000
vn -0.5645 0.2671 -0.7810
vn -0.8135 -0.0289 0.5809
vn 0.0050 0.0162 -0.9999
vn -0.0338 0.0106 -0.9994
vn 0.3812 0.0270 -0.9241
vn 0.0344 0.0109 -0.9993
vn 0.0002 -0.0513 0.9987
vn 0.3824 -0.0463 0.9228
vn -0.9285 0.1705 -0.3298
vn -0.3812 0.0270 -0.9241
vn -0.6479 0.5683 -0.5072
vn -0.7626 0.4490 -0.4656
vn -0.0000 0.0250 -0.9997
vn -0.0000 0.2540 -0.9672
vn 0.0013 0.2531 -0.9674
vn 0.1438 0.0845 -0.9860
vn 0.2431 -0.0059 -0.9700
vn -0.2701 0.5483 -0.7915
vn -0.2302 0.5304 -0.8159
vn -0.2141 0.8665 -0.4509
vn -0.0000 0.8649 -0.5019
vn 0.2302 0.5304 -0.8159
vn 0.2150 0.8651 -0.4532
vn -0.1994 0.8168 -0.5414
vn -0.0368 0.8681 -0.4951
vn 0.6479 0.5683 -0.5072
vn 0.2232 0.8087 -0.5442
vn 0.2760 0.5012 -0.8201
vn -0.0292 0.5796 -0.8144
vn 0.0601 0.8671 -0.4946
vn 0.0414 0.5763 -0.8162
vn -0.0114 0.2232 -0.9747
vn 0.0155 0.2205 -0.9753
vn -0.3104 -0.0055 -0.9506
vn -0.2397 0.0193 -0.9707
vn 0.2397 0.0193 -0.9707
vn 0.3104 -0.0055 -0.9506
vn -0.6314 0.0255 -0.7751
vn -0.5667 0.0321 -0.8233
vn 0.5667 0.0321 -0.8233
vn 0.6314 0.0255 -0.7751
vn 0.9072 0.2115 -0.3637
vn 0.9127 0.1293 -0.3876
vn -0.2793 0.0518 -0.9588
vn -0.6656 0.1093 -0.7382
vn 0.6656 0.1093 -0.7382
vn 0.2793 0.0518 -0.9588
vn 0.3652 0.1304 -0.9217
vn 0.5934 -0.0010 -0.8049
vn -0.9066 0.0089 -0.4219
vn -0.9072 0.2115 -0.3637
vn -0.6922 0.2060 -0.6917
vn -0.5934 -0.0010 -0.8049
vn -0.3652 0.1304 -0.9217
vn -0.1453 0.0860 -0.9856
vn 0.6922 0.2060 -0.6917
vn -0.8590 0.0068 -0.5119
vn -0.8730 0.0177 -0.4874
vn -0.8278 0.0151 -0.5609
vn 0.8590 0.0068 -0.5119
vn 0.8278 0.0151 -0.5609
vn 0.8730 0.0177 -0.4874
vn -0.9965 0.0037 -0.0831
vn -0.9951 0.0004 -0.0986
vn -0.9835 0.0041 -0.1809
vn 0.9965 0.0037 -0.0831
vn 0.9835 0.0041 -0.1809
vn 0.9951 0.0004 -0.0986
vn -0.7024 -0.0443 0.7104
vn -0.3787 -0.0692 0.9229
vn -0.7067 -0.0345 0.7066
vn -0.8699 -0.0241 0.4927
vn 0.3742 -0.0514 0.9259
vn -0.3626 -0.0266 0.9315
vn 0.7024 -0.0443 0.7104
vn 0.8699 -0.0241 0.4927
vn 0.7067 -0.0345 0.7066
vn 0.3787 -0.0692 0.9229
vn 0.3626 -0.0266 0.9315
vn -0.3742 -0.0514 0.9259
vn 0.8135 -0.0289 0.5809
vn 0.8020 -0.2059 0.5608
vn 0.7846 -0.2062 0.5847
vn -0.3825 -0.0462 0.9228
vn -0.8020 -0.2059 0.5608
vn -0.3619 -0.2295 0.9035
vn -0.0005 -0.0502 0.9987
vn 0.3304 -0.0864 0.9399
vn 0.0135 -0.0604 0.9981
vn -0.0135 -0.0604 0.9981
vn -0.3304 -0.0864 0.9399
vn -0.0011 -0.2562 0.9666
vn -0.0000 -0.0512 0.9987
vn -0.0000 -0.2553 0.9669
vn 0.0009 -0.2557 0.9668
vn -0.5180 0.3701 -0.7712
vn -0.1342 0.3328 -0.9334
vn -0.0018 0.2528 -0.9675
vn 0.5180 0.3701 -0.7712
vn -0.9127 0.1293 -0.3876
vn -0.7509 0.4976 -0.4341
vn -0.7235 0.5120 -0.4631
vn 0.7235 0.5120 -0.4631
vn 0.7509 0.4976 -0.4341
vn -0.1752 0.0959 -0.9798
vn -0.1526 0.2475 -0.9568
vn -0.4184 0.3709 -0.8291
vn 0.4184 0.3709 -0.8291
vn 0.1526 0.2475 -0.9568
vn 0.1752 0.0959 -0.9798
vn -0.4445 0.0164 -0.8956
vn -0.4586 0.1126 -0.8815
vn -0.3453 0.1172 -0.9311
vn 0.4445 0.0164 -0.8956
vn 0.3453 0.1172 -0.9311
vn 0.4586 0.1126 -0.8815
vn -0.7222 0.0186 -0.6914
vn -0.7083 0.0645 -0.7030
vn -0.6100 0.0742 -0.7889
vn 0.7222 0.0186 -0.6914
vn 0.6100 0.0742 -0.7889
vn 0.7083 0.0645 -0.7030
vn -0.9501 0.0154 -0.3115
vn -0.9445 0.0553 -0.3240
vn -0.8686 0.0437 -0.4936
vn 0.9501 0.0154 -0.3115
vn 0.8686 0.0437 -0.4936
vn 0.9445 0.0553 -0.3240
vn -0.9925 -0.0060 0.1223
vn -0.9907 0.0584 0.1232
vn -0.9965 0.0489 -0.0683
vn 0.9925 -0.0060 0.1223
vn 0.9965 0.0489 -0.0683
vn 0.9907 0.0584 0.1232
vn 0.6489 -0.5848 0.4867
vn -0.7846 -0.2062 0.5847
vn -0.6489 -0.5848 0.4867
vn 0.3609 -0.2301 0.9038
vn 0.3975 -0.6730 0.6238
vn -0.0000 -0.8506 0.5257
vn -0.0000 -0.8507 0.5257
vn -0.3161 0.6523 -0.6889
vn 0.1342 0.3328 -0.9334
vn 0.3161 0.6523 -0.6889
vn 0.0459 0.6004 -0.7984
vn -0.2040 0.8086 -0.5519
vn -0.3031 0.7780 -0.5503
vn 0.4062 0.7703 -0.4915
vn 0.3031 0.7780 -0.5503
vn -0.1287 0.3415 -0.9310
vn -0.0205 0.3721 -0.9280
vn 0.0205 0.3721 -0.9280
vn 0.1287 0.3415 -0.9310
vn -0.4062 0.7703 -0.4915
vn -0.1037 0.8479 -0.5200
vn 0.1037 0.8479 -0.5200
vn -0.0459 0.6004 -0.7984
vn -0.0000 0.8506 -0.5258
vn -0.5449 0.0883 -0.8338
vn -0.4835 0.2238 -0.8463
vn -0.3771 0.2383 -0.8950
vn 0.5449 0.0883 -0.8338
vn 0.3771 0.2383 -0.8950
vn 0.4835 0.2238 -0.8463
vn -0.8212 0.0497 -0.5685
vn -0.7655 0.2179 -0.6054
vn -0.6408 0.2880 -0.7116
vn 0.8212 0.0497 -0.5685
vn 0.6408 0.2880 -0.7116
vn 0.7655 0.2179 -0.6054
vn 0.0605 0.8461 -0.5296
vn 0.2040 0.8086 -0.5519
vn -0.0605 0.8461 -0.5296
vn -0.0577 0.8123 -0.5804
vn -0.0000 0.8112 -0.5847
vn -0.9786 0.0327 -0.2029
vn -0.9384 0.2879 -0.1909
vn -0.9115 0.1898 -0.3648
vn 0.9786 0.0327 -0.2029
vn 0.9115 0.1898 -0.3648
vn 0.9384 0.2879 -0.1909
vn 0.0577 0.8123 -0.5804
vn 0.0325 0.6388 -0.7687
vn -0.8771 0.0106 0.4803
vn -0.3876 -0.0093 0.9218
vn -0.9188 0.1452 0.3671
vn -0.9797 0.1999 0.0185
vn 0.8771 0.0106 0.4803
vn 0.9797 0.1999 0.0185
vn 0.9188 0.1452 0.3671
vn 0.3876 -0.0093 0.9218
vn -0.0339 -0.0424 0.9985
vn -0.5661 0.1185 0.8158
vn 0.5661 0.1185 0.8158
vn 0.0339 -0.0424 0.9985
vn 0.2995 -0.4234 0.8550
vn 0.0095 -0.1665 0.9860
vn 0.2414 0.0981 0.9655
vn -0.0095 -0.1665 0.9860
vn -0.3997 -0.6722 0.6231
vn -0.1758 -0.8113 0.5576
vn -0.0015 -0.8501 0.5266
vn 0.0009 -0.8504 0.5261
vn 0.1734 -0.8104 0.5596
vn 0.0905 -0.5397 0.8370
vn -0.2995 -0.4234 0.8550
vn -0.0905 -0.5397 0.8370
vn -0.0000 0.6552 -0.7554
vn -0.0325 0.6388 -0.7687
vn -0.0000 0.3827 -0.9239
vn -0.0000 -0.5847 0.8112
vn -0.0000 -0.2500 0.9682
vn -0.0000 0.5019 -0.8649
vn -0.2807 0.3105 -0.9082
vn -0.1746 0.4832 -0.8579
vn -0.0771 0.5180 -0.8519
vn 0.2807 0.3105 -0.9082
vn 0.0771 0.5180 -0.8519
vn 0.1746 0.4832 -0.8579
vn -0.0000 0.2094 0.9778
vn -0.0000 0.5847 0.8112
vn -0.0256 0.5757 0.8173
vn -0.0219 0.2253 0.9741
vn -0.2414 0.0981 0.9655
vn -0.2662 0.4785 0.8367
vn 0.0219 0.2253 0.9741
vn 0.0256 0.5757 0.8173
vn 0.2662 0.4785 0.8367
vn -0.0062 0.5045 -0.8634
vn -0.0032 0.6650 -0.7469
vn -0.0000 0.6684 -0.7438
vn -0.0000 0.6340 -0.7733
vn 0.0062 0.5045 -0.8634
vn 0.0032 0.6650 -0.7469
vn -0.5384 0.2443 -0.8065
vn -0.4289 0.4669 -0.7733
vn -0.3608 0.4665 -0.8076
vn 0.5384 0.2443 -0.8065
vn 0.3608 0.4665 -0.8076
vn 0.4289 0.4669 -0.7733
vn -0.0022 0.6673 -0.7448
vn -0.0020 0.7924 -0.6100
vn -0.1957 0.5749 -0.7945
vn 0.0020 0.6674 -0.7447
vn 0.1956 0.5749 -0.7945
vn 0.0019 0.7923 -0.6101
vn -0.2658 0.4741 -0.8394
vn -0.1402 0.6809 -0.7189
vn -0.1036 0.6984 -0.7082
vn 0.2658 0.4741 -0.8394
vn 0.1036 0.6984 -0.7082
vn 0.1402 0.6809 -0.7189
vn -0.0416 0.6703 -0.7409
vn -0.0311 0.8005 -0.5986
vn 0.0063 0.7908 -0.6121
vn 0.0416 0.6703 -0.7409
vn -0.0063 0.7908 -0.6121
vn 0.0311 0.8005 -0.5986
vn -0.8463 0.1574 -0.5089
vn -0.6916 0.4760 -0.5432
vn -0.6193 0.4097 -0.6698
vn 0.8463 0.1574 -0.5089
vn 0.6193 0.4097 -0.6698
vn 0.6916 0.4760 -0.5432
vn -0.0000 0.7915 -0.6111
vn -0.0000 0.9008 -0.4343
vn -0.0097 0.8974 -0.4412
vn -0.4991 0.5065 -0.7031
vn -0.4810 0.4170 -0.7712
vn -0.1417 -0.3206 -0.9366
vn 0.1417 -0.3206 -0.9366
vn 0.0087 0.8978 -0.4403
vn -0.2177 0.6883 -0.6920
vn -0.3220 0.6484 -0.6899
vn -0.0940 0.8330 -0.5452
vn -0.0612 0.8313 -0.5525
vn 0.2177 0.6883 -0.6920
vn 0.0612 0.8313 -0.5525
vn 0.0940 0.8330 -0.5452
vn 0.3220 0.6484 -0.6899
vn -0.9654 0.2533 -0.0614
vn -0.7475 0.6509 -0.1328
vn -0.8445 0.5077 -0.1707
vn 0.9654 0.2533 -0.0614
vn 0.8445 0.5077 -0.1707
vn 0.7475 0.6509 -0.1328
vn 0.4810 0.4170 -0.7712
vn 0.2460 0.3604 -0.8998
vn 0.1818 0.8184 -0.5452
vn 0.5862 0.4662 -0.6626
vn 0.4991 0.5065 -0.7031
vn 0.1761 0.8329 -0.5246
vn -0.0646 0.8039 -0.5913
vn -0.0658 0.9099 -0.4096
vn -0.0268 0.9050 -0.4246
vn 0.0646 0.8039 -0.5913
vn 0.0268 0.9050 -0.4246
vn 0.0658 0.9099 -0.4096
vn -0.5084 0.4959 -0.7040
vn -0.3456 0.7280 -0.5921
vn 0.5084 0.4959 -0.7040
vn 0.3456 0.7280 -0.5921
vn -0.2460 0.3604 -0.8998
vn -0.1818 0.8184 -0.5452
vn -0.0825 0.8695 -0.4870
vn -0.0778 0.4961 -0.8648
vn 0.0778 0.4961 -0.8648
vn 0.0825 0.8695 -0.4870
vn 0.0156 0.9214 -0.3882
vn -0.5862 0.4662 -0.6626
vn -0.1761 0.8329 -0.5246
vn -0.4558 0.7154 -0.5296
vn 0.0029 0.9018 -0.4321
vn -0.0000 0.9615 -0.2747
vn -0.0160 0.9635 -0.2674
vn -0.2162 0.9081 -0.3586
vn 0.4558 0.7154 -0.5296
vn 0.2140 0.9084 -0.3593
vn -0.0029 0.9018 -0.4321
vn -0.1733 0.8353 -0.5217
vn -0.1347 0.9083 -0.3960
vn -0.0205 0.9112 -0.4114
vn 0.1733 0.8353 -0.5217
vn 0.0205 0.9112 -0.4114
vn 0.1347 0.9083 -0.3960
vn 0.3041 0.8019 -0.5144
vn 0.5653 0.7259 -0.3917
vn -0.0074 0.9216 -0.3880
vn 0.0471 0.9495 -0.3102
vn -0.0432 0.9591 -0.2797
vn 0.0074 0.9216 -0.3880
vn 0.0432 0.9591 -0.2797
vn -0.0471 0.9495 -0.3102
vn -0.7943 0.4904 -0.3586
vn -0.5168 0.7980 -0.3100
vn -0.3232 0.8274 -0.4594
vn 0.3232 0.8274 -0.4594
vn 0.5168 0.7980 -0.3100
vn 0.7943 0.4904 -0.3586
vn -0.5515 0.8198 -0.1543
vn 0.5515 0.8198 -0.1543
vn -0.3041 0.8018 -0.5144
vn -0.5653 0.7259 -0.3917
vn -0.3347 0.8673 -0.3686
vn 0.0078 0.9611 -0.2760
vn -0.0156 0.9214 -0.3882
vn -0.0078 0.9611 -0.2760
vn 0.3347 0.8673 -0.3686
vn -0.1353 0.9039 -0.4058
vn -0.0498 0.9576 -0.2838
vn -0.0736 0.9594 -0.2724
vn 0.1353 0.9039 -0.4058
vn 0.0736 0.9594 -0.2724
vn 0.0498 0.9576 -0.2838
vn -0.7555 0.6552 -0.0000
vn -0.6940 0.5923 0.4093
vn -0.3827 0.9239 -0.0000
vn 0.7555 0.6552 -0.0000
vn 0.3827 0.9239 -0.0000
vn 0.6940 0.5923 0.4093
vn -0.3528 0.8637 0.3600
vn 0.3528 0.8637 0.3600
vn -0.0172 0.9614 -0.2747
vn -0.0093 0.9895 -0.1441
vn -0.0000 0.9903 -0.1387
vn -0.3585 0.9230 -0.1397
vn 0.0134 0.9632 -0.2683
vn 0.3573 0.9237 -0.1381
vn 0.0172 0.9614 -0.2747
vn 0.0093 0.9895 -0.1441
vn 0.0082 0.9620 -0.2729
vn -0.0165 0.9965 -0.0825
vn 0.0106 0.9893 -0.1457
vn -0.0082 0.9620 -0.2729
vn -0.0106 0.9893 -0.1457
vn 0.0165 0.9965 -0.0825
vn -0.2332 0.9338 -0.2714
vn -0.1176 0.9858 -0.1201
vn -0.1104 0.9914 -0.0699
vn 0.2332 0.9338 -0.2714
vn 0.1104 0.9914 -0.0699
vn 0.1176 0.9858 -0.1201
vn -0.4188 0.9066 -0.0515
vn -0.1602 0.9871 -0.0000
vn -0.1326 0.9889 -0.0671
vn 0.4188 0.9066 -0.0515
vn 0.1326 0.9889 -0.0671
vn 0.1602 0.9871 -0.0000
vn -0.1446 0.8923 0.4277
vn -0.0000 0.8702 0.4927
vn -0.0351 0.8865 0.4614
vn 0.1446 0.8923 0.4277
vn -0.2280 0.9731 -0.0329
vn -0.4557 0.8891 -0.0419
vn -0.5923 0.7923 -0.1462
vn -0.0133 0.9903 -0.1383
vn 0.0133 0.9903 -0.1383
vn -0.0267 0.9992 -0.0283
vn 0.0267 0.9992 -0.0283
vn 0.5923 0.7923 -0.1462
vn 0.4557 0.8891 -0.0419
vn 0.2280 0.9731 -0.0329
vn -0.0197 0.9961 -0.0855
vn 0.0197 0.9961 -0.0855
vn -0.0000 0.9830 0.1836
vn -0.0000 -0.9322 0.3619
vn 0.0351 0.8865 0.4614
vn 0.1154 0.9931 0.0188
vn 0.1884 0.9746 0.1208
vn -0.2033 0.9787 0.0283
vn -0.2366 0.9666 -0.0984
vn -0.0029 0.9954 -0.0961
vn 0.2366 0.9666 -0.0984
vn -0.1154 0.9931 0.0188
vn -0.1884 0.9746 0.1208
vn 0.2033 0.9787 0.0283
vn -0.0000 0.9981 0.0621
vn -0.0000 0.9923 0.1240
vn 0.0029 0.9954 -0.0961
vn 0.7787 0.0918 0.6206
vt 0.521739 0.243209
vt 0.522450 0.122149
vt 0.522951 0.122165
vt 0.517732 0.123258
vt 0.517226 0.245296
vt 0.517226 0.123245
vt 0.055947 0.089663
vt 0.053710 0.090274
vt 0.051450 0.089767
vt 0.056356 0.089083
vt 0.060725 0.089516
vt 0.517732 0.122126
vt 0.517017 0.122110
vt 0.517732 0.000060
vt 0.521739 0.122133
vt 0.321846 0.573476
vt 0.319962 0.572837
vt 0.321458 0.571525
vt 0.323342 0.572164
vt 0.536162 0.421515
vt 0.537565 0.421515
vt 0.536862 0.538608
vt 0.531338 0.344459
vt 0.531338 0.225460
vt 0.532345 0.225469
vt 0.379999 0.538600
vt 0.380992 0.421513
vt 0.380992 0.538608
vt 0.320585 0.574098
vt 0.520863 0.123190
vt 0.520863 0.244253
vt 0.520361 0.123190
vt 0.319574 0.570885
vt 0.320026 0.569553
vt 0.321910 0.570192
vt 0.122126 0.462801
vt 0.121529 0.533389
vt 0.121529 0.414390
vt 0.790714 0.914382
vt 0.790714 0.846879
vt 0.835052 0.878741
vt 0.912910 0.359072
vt 0.912924 0.302193
vt 0.940923 0.325688
vt 0.325670 0.407983
vt 0.325284 0.423547
vt 0.290529 0.528170
vt 0.290529 0.407108
vt 0.041725 0.176405
vt 0.445091 0.711882
vt 0.445091 0.618000
vt 0.468673 0.671226
vt 0.296443 0.736400
vt 0.296443 0.764072
vt 0.289808 0.753092
vt 0.491637 0.601237
vt 0.482189 0.585675
vt 0.491637 0.494636
vt 0.384734 0.407591
vt 0.395606 0.512356
vt 0.384734 0.528170
vt 0.525039 0.240755
vt 0.525039 0.361160
vt 0.524547 0.240755
vt 0.812232 0.376798
vt 0.813343 0.377661
vt 0.812479 0.378772
vt 0.146225 0.580455
vt 0.147037 0.579593
vt 0.148222 0.674304
vt 0.148222 0.579562
vt 0.811705 0.380606
vt 0.813680 0.380360
vt 0.811880 0.382003
vt 0.001044 0.622106
vt 0.000205 0.622113
vt 0.000205 0.527390
vt 0.041725 0.001519
vt 0.053775 0.088514
vt 0.015230 0.117928
vt 0.017894 0.117153
vt 0.019067 0.118023
vt 0.015988 0.118387
vt 0.011410 0.118387
vt 0.062629 0.089219
vt 0.939713 0.320568
vt 0.060677 0.001136
vt 0.062629 0.006022
vt 0.060677 0.006397
vt 0.000514 0.630230
vt 0.001602 0.631726
vt 0.000514 0.719188
vt 0.527126 0.308969
vt 0.525660 0.190838
vt 0.527126 0.188869
vt 0.565878 0.072566
vt 0.592887 0.161190
vt 0.565878 0.183711
vt 0.021771 0.049622
vt 0.021771 0.046408
vt 0.022964 0.049392
vt 0.022482 0.050103
vt 0.294733 0.763377
vt 0.294311 0.763631
vt 0.289208 0.755185
vt 0.289631 0.754930
vt 0.288961 0.754732
vt 0.009939 0.661431
vt 0.010438 0.661431
vt 0.009939 0.749459
vt 0.142965 0.608310
vt 0.144046 0.695277
vt 0.142965 0.697268
vt 0.481232 0.584067
vt 0.918175 0.302496
vt 0.918730 0.299402
vt 0.919982 0.300342
vt 0.835676 0.107671
vt 0.836778 0.106796
vt 0.837653 0.107899
vt 0.836467 0.109497
vt 0.834490 0.109270
vt 0.523995 0.525039
vt 0.523296 0.525039
vt 0.523645 0.404459
vt 0.526083 0.000676
vt 0.526083 0.121082
vt 0.525589 0.121081
vt 0.499491 0.521907
vt 0.499491 0.401330
vt 0.499987 0.521907
vt 0.326332 0.414390
vt 0.327758 0.414399
vt 0.326332 0.533389
vt 0.120039 0.418380
vt 0.120039 0.535477
vt 0.119046 0.535477
vt 0.532382 0.120039
vt 0.532382 0.001035
vt 0.533389 0.120031
vt 0.838444 0.109725
vt 0.838283 0.111123
vt 0.397693 0.406727
vt 0.396501 0.527126
vt 0.396995 0.406722
vt 0.814454 0.378526
vt 0.815655 0.380113
vt 0.320930 0.566889
vt 0.322814 0.567528
vt 0.324698 0.568167
vt 0.323794 0.570831
vt 0.012671 0.118932
vt 0.542863 0.244865
vt 0.543827 0.244869
vt 0.542380 0.361160
vt 0.542380 0.244863
vt 0.813855 0.381756
vt 0.812229 0.384796
vt 0.151353 0.648209
vt 0.149677 0.648209
vt 0.149677 0.553491
vt 0.040587 0.000729
vt 0.021456 0.120571
vt 0.002088 0.632228
vt 0.061053 0.008350
vt 0.941521 0.318415
vt 0.735401 0.539314
vt 0.745284 0.539314
vt 0.735401 0.626289
vt 0.535477 0.241479
vt 0.535477 0.356985
vt 0.534821 0.356985
vt 0.034996 0.637432
vt 0.035490 0.637432
vt 0.034996 0.724407
vt 0.021376 0.646253
vt 0.031314 0.733716
vt 0.021376 0.734846
vt 0.836306 0.110895
vt 0.837960 0.113919
vt 0.835983 0.113691
vt 0.834006 0.113464
vt 0.834329 0.110668
vt 0.523501 0.396650
vt 0.522513 0.396650
vt 0.523501 0.276070
vt 0.523995 0.396650
vt 0.527126 0.407771
vt 0.525442 0.528170
vt 0.526139 0.407765
vt 0.815830 0.381509
vt 0.816179 0.384302
vt 0.396501 0.406718
vt 0.015692 0.119449
vt 0.012653 0.119903
vt 0.008301 0.118713
vt 0.378222 0.428562
vt 0.378905 0.428578
vt 0.378222 0.544871
vt 0.518225 0.182683
vt 0.519820 0.303750
vt 0.519108 0.303743
vt 0.518104 0.303750
vt 0.326194 0.566855
vt 0.536161 0.235721
vt 0.537565 0.235712
vt 0.537565 0.352809
vt 0.530328 0.241121
vt 0.530328 0.122122
vt 0.532345 0.122122
vt 0.536624 0.234858
vt 0.536624 0.117746
vt 0.538608 0.234824
vt 0.040709 0.237990
vt 0.019503 0.121985
vt 0.814204 0.384549
vt 0.814506 0.386968
vt 0.500570 0.293255
vt 0.502075 0.172202
vt 0.502075 0.293312
vt 0.320542 0.564937
vt 0.319035 0.560995
vt 0.323672 0.565247
vt 0.328369 0.562273
vt 0.523995 0.119098
vt 0.521041 0.121116
vt 0.519650 0.001056
vt 0.529214 0.067846
vt 0.529214 0.187887
vt 0.527223 0.186829
vt 0.525797 0.186797
vt 0.835705 0.116112
vt 0.838826 0.115711
vt 0.839227 0.118832
vt 0.833646 0.118031
vt 0.832756 0.115012
vt 0.811381 0.386596
vt 0.811010 0.389721
vt 0.077685 0.129714
vt 0.079330 0.128817
vt 0.079330 0.224420
vt 0.076500 0.129749
vt 0.489397 0.202016
vt 0.490593 0.322593
vt 0.489894 0.322594
vt 0.489397 0.323583
vt 0.002088 0.396352
vt 0.000421 0.517732
vt 0.001113 0.395351
vt 0.817443 0.385839
vt 0.817623 0.389816
vt 0.525442 0.407759
vt 0.382062 0.535477
vt 0.382062 0.417240
vt 0.383080 0.533577
vt 0.002697 0.119625
vt 0.010386 0.120802
vt 0.000586 0.120221
vt 0.530756 0.001304
vt 0.531239 0.000823
vt 0.531302 0.120039
vt 0.443968 0.249472
vt 0.443968 0.125869
vt 0.444665 0.126390
vt 0.319031 0.558567
vt 0.329082 0.559943
vt 0.519650 0.122126
vt 0.236919 0.142834
vt 0.234705 0.140658
vt 0.237990 0.015519
vt 0.237990 0.146134
vt 0.506250 0.507294
vt 0.504825 0.506285
vt 0.506250 0.383256
vt 0.006469 0.515644
vt 0.006469 0.393590
vt 0.010438 0.393590
vt 0.469690 0.348520
vt 0.475979 0.224577
vt 0.473724 0.348593
vt 0.839227 0.121136
vt 0.838648 0.126734
vt 0.834689 0.126324
vt 0.835269 0.120725
vt 0.482354 0.089952
vt 0.484330 0.089920
vt 0.484330 0.213982
vt 0.481874 0.090947
vt 0.000421 0.394849
vt 0.818293 0.392098
vt 0.811257 0.392147
vt 0.811295 0.397776
vt 0.030271 0.635683
vt 0.026918 0.635683
vt 0.026918 0.535081
vt 0.244253 0.132564
vt 0.239862 0.000836
vt 0.244253 0.000835
vt 0.592760 0.626289
vt 0.592760 0.525686
vt 0.593930 0.625430
vt 0.478147 0.223487
vt 0.480155 0.223487
vt 0.480155 0.347590
vt 0.530416 0.533389
vt 0.530416 0.414155
vt 0.532345 0.414188
vt 0.297527 0.243209
vt 0.297527 0.119105
vt 0.298531 0.242706
vt 0.319795 0.552991
vt 0.319031 0.549940
vt 0.329082 0.551316
vt 0.329845 0.554368
vt 0.159704 0.511438
vt 0.157730 0.511469
vt 0.157730 0.387583
vt 0.477079 0.222495
vt 0.478067 0.346539
vt 0.477079 0.346546
vt 0.160754 0.511469
vt 0.160754 0.387595
vt 0.161742 0.511461
vt 0.818332 0.397728
vt 0.818351 0.400542
vt 0.554509 0.407436
vt 0.555086 0.406974
vt 0.556709 0.407701
vt 0.556595 0.408536
vt 0.549986 0.427964
vt 0.270531 0.846177
vt 0.274464 0.856113
vt 0.272641 0.856467
vt 0.549986 0.388237
vt 0.554824 0.406596
vt 0.523460 0.267217
vt 0.524381 0.147120
vt 0.525039 0.147125
vt 0.338196 0.000378
vt 0.338196 0.090812
vt 0.337702 0.000381
vt 0.926135 0.579878
vt 0.926009 0.580973
vt 0.925367 0.579221
vt 0.928979 0.578965
vt 0.511469 0.287433
vt 0.510536 0.288093
vt 0.510536 0.166034
vt 0.523460 0.146458
vt 0.919862 0.607500
vt 0.061187 0.027263
vt 0.066804 0.052191
vt 0.060290 0.029380
vt 0.059048 0.028704
vt 0.057143 0.027742
vt 0.056985 0.026410
vt 0.066804 0.001710
vt 0.928920 0.577530
vt 0.919862 0.549676
vt 0.930640 0.577110
vt 0.933170 0.577933
vt 0.273136 0.857242
vt 0.270531 0.866366
vt 0.273632 0.856972
vt 0.031314 0.165458
vt 0.030815 0.165462
vt 0.030111 0.073936
vt 0.324461 0.255735
vt 0.324132 0.165301
vt 0.324626 0.165301
vt 0.136740 0.411985
vt 0.123048 0.531302
vt 0.123048 0.410414
vt 0.327324 0.000437
vt 0.274309 0.856548
vt 0.275567 0.856432
vt 0.101586 0.001416
vt 0.102294 0.001416
vt 0.101586 0.093943
vt 0.278000 0.160747
vt 0.278000 0.069325
vt 0.278698 0.069819
vt 0.030111 0.165967
vt 0.005219 0.393572
vt 0.005219 0.515644
vt 0.003001 0.515604
vt 0.001615 0.514587
vt 0.487461 0.365466
vt 0.487461 0.488505
vt 0.486047 0.366493
vt 0.837350 0.129600
vt 0.837600 0.132025
vt 0.834244 0.129103
vt 0.475979 0.348634
vt 0.025242 0.635683
vt 0.811314 0.400591
vt 0.816965 0.403699
vt 0.811034 0.403012
vt 0.478067 0.655515
vt 0.476907 0.654643
vt 0.478067 0.556560
vt 0.067622 0.248428
vt 0.197140 0.244698
vt 0.198235 0.246251
vt 0.199369 0.248428
vt 0.532662 0.394562
vt 0.532662 0.275824
vt 0.533742 0.275816
vt 0.534433 0.276287
vt 0.401720 0.446753
vt 0.401720 0.323617
vt 0.402841 0.446710
vt 0.320946 0.547444
vt 0.329022 0.548880
vt 0.517732 0.369510
vt 0.516419 0.369510
vt 0.516419 0.248098
vt 0.515491 0.122126
vt 0.514326 0.000067
vt 0.515644 0.000067
vt 0.514721 0.486799
vt 0.515644 0.365390
vt 0.515644 0.487461
vt 0.559045 0.408538
vt 0.561572 0.408910
vt 0.558016 0.409149
vt 0.299920 0.125693
vt 0.300619 0.125693
vt 0.299920 0.217113
vt 0.093943 0.101250
vt 0.093444 0.008723
vt 0.093943 0.008720
vt 0.303750 0.132997
vt 0.303423 0.224420
vt 0.303256 0.132997
vt 0.912652 0.207877
vt 0.912882 0.208502
vt 0.910529 0.209272
vt 0.911290 0.207785
vt 0.054209 0.027351
vt 0.890449 0.841734
vt 0.888555 0.840949
vt 0.890949 0.840715
vt 0.895593 0.858016
vt 0.081418 0.000415
vt 0.080938 0.011487
vt 0.080393 0.011452
vt 0.728967 0.602689
vt 0.730670 0.588646
vt 0.729276 0.603318
vt 0.727951 0.603432
vt 0.081418 0.012526
vt 0.080783 0.012126
vt 0.080237 0.012097
vt 0.915276 0.208627
vt 0.913020 0.209889
vt 0.900640 0.240077
vt 0.854797 0.546959
vt 0.863605 0.511797
vt 0.864384 0.513848
vt 0.900640 0.178171
vt 0.854797 0.476631
vt 0.866511 0.510539
vt 0.867019 0.512915
vt 0.866735 0.514474
vt 0.492531 0.328971
vt 0.494768 0.451672
vt 0.493843 0.452342
vt 0.492531 0.453016
vt 0.508068 0.176791
vt 0.509382 0.053410
vt 0.509381 0.177449
vt 0.885572 0.840412
vt 0.728014 0.605470
vt 0.016744 0.596476
vt 0.017745 0.595475
vt 0.017745 0.691005
vt 0.008350 0.589251
vt 0.008350 0.682655
vt 0.007373 0.681657
vt 0.006680 0.681155
vt 0.019832 0.618850
vt 0.019832 0.711882
vt 0.019129 0.619356
vt 0.833648 0.132498
vt 0.832756 0.183711
vt 0.575142 0.486418
vt 0.565749 0.471075
vt 0.575142 0.377157
vt 0.463454 0.242165
vt 0.451564 0.132224
vt 0.463454 0.118122
vt 0.008350 0.192675
vt 0.007652 0.315232
vt 0.007652 0.191687
vt 0.162835 0.510946
vt 0.453342 0.634471
vt 0.144046 0.499427
vt 0.144046 0.606456
vt 0.134505 0.576075
vt 0.132097 0.575602
vt 0.324626 0.544871
vt 0.297673 0.521656
vt 0.324626 0.429845
vt 0.438402 0.431653
vt 0.123170 0.056366
vt 0.120358 0.018404
vt 0.123170 0.015591
vt 0.456381 0.417261
vt 0.456041 0.388018
vt 0.823137 0.195972
vt 0.828789 0.272247
vt 0.823137 0.273479
vt 0.590799 0.165127
vt 0.590799 0.269304
vt 0.587418 0.166801
vt 0.872629 0.511524
vt 0.920026 0.209420
vt 0.920644 0.207929
vt 0.834732 0.183475
vt 0.059079 0.050103
vt 0.059079 0.035784
vt 0.060541 0.036328
vt 0.886761 0.839767
vt 0.895593 0.822144
vt 0.811010 0.455103
vt 0.729481 0.604963
vt 0.730670 0.626289
vt 0.882874 0.733625
vt 0.882012 0.731643
vt 0.883341 0.731950
vt 0.884905 0.732749
vt 0.883798 0.734294
vt 0.882981 0.737376
vt 0.881333 0.735481
vt 0.389272 0.283781
vt 0.393661 0.279199
vt 0.420766 0.286024
vt 0.390350 0.288811
vt 0.419642 0.280613
vt 0.426468 0.281220
vt 0.427496 0.288336
vt 0.423953 0.289070
vt 0.853080 0.744801
vt 0.857791 0.745091
vt 0.859606 0.750407
vt 0.854148 0.747873
vt 0.851105 0.745852
vt 0.430395 0.292129
vt 0.131521 0.512592
vt 0.131038 0.513557
vt 0.131038 0.484614
vt 0.798886 0.164923
vt 0.798886 0.083365
vt 0.801650 0.086226
vt 0.226485 0.526083
vt 0.226485 0.499063
vt 0.227552 0.524628
vt 0.884703 0.734291
vt 0.884679 0.737056
vt 0.844483 0.181624
vt 0.844483 0.107045
vt 0.847577 0.108556
vt 0.843357 0.626289
vt 0.843357 0.553159
vt 0.847577 0.619260
vt 0.885393 0.740451
vt 0.883927 0.740702
vt 0.866366 0.812088
vt 0.922164 0.824713
vt 0.922732 0.852870
vt 0.921695 0.853840
vt 0.921695 0.823693
vt 0.028430 0.348498
vt 0.030134 0.352311
vt 0.025208 0.349092
vt 0.024788 0.345787
vt 0.283055 0.962894
vt 0.280343 0.964485
vt 0.280343 0.922209
vt 0.286005 0.959880
vt 0.033661 0.351718
vt 0.967934 0.659691
vt 0.967934 0.621598
vt 0.970836 0.624659
vt 0.974923 0.626409
vt 0.142297 0.035490
vt 0.142298 0.001482
vt 0.146134 0.032177
vt 0.039759 0.351693
vt 0.038452 0.355743
vt 0.034459 0.355167
vt 0.128323 0.526083
vt 0.128323 0.499442
vt 0.129433 0.525553
vt 0.127101 0.003931
vt 0.127128 0.002314
vt 0.129024 0.002885
vt 0.128967 0.004863
vt 0.129433 0.006263
vt 0.127100 0.005796
vt 0.913881 0.282918
vt 0.954046 0.269739
vt 0.913629 0.286052
vt 0.116309 0.035490
vt 0.116309 0.001630
vt 0.118995 0.003264
vt 0.813641 0.281553
vt 0.798312 0.241943
vt 0.815320 0.279065
vt 0.824482 0.278999
vt 0.824466 0.282361
vt 0.815910 0.283677
vt 0.798312 0.321495
vt 0.510018 0.427964
vt 0.511684 0.305610
vt 0.513557 0.305641
vt 0.510642 0.512713
vt 0.512513 0.390353
vt 0.512513 0.513557
vt 0.982943 0.073067
vt 0.981484 0.072393
vt 0.982138 0.042853
vt 0.983451 0.042847
vt 0.984908 0.072402
vt 0.490171 0.203526
vt 0.492680 0.202671
vt 0.492680 0.326714
vt 0.510018 0.304751
vt 0.807912 0.964783
vt 0.807912 0.970748
vt 0.803827 0.967434
vt 0.805248 0.930851
vt 0.018817 0.198325
vt 0.018817 0.164289
vt 0.021934 0.164695
vt 0.025052 0.165102
vt 0.221616 0.746081
vt 0.217399 0.746008
vt 0.220308 0.657467
vt 0.223190 0.653298
vt 0.225978 0.654751
vt 0.225833 0.746152
vt 0.016701 0.802694
vt 0.013678 0.802584
vt 0.016701 0.718938
vt 0.152397 0.422881
vt 0.152397 0.539652
vt 0.148182 0.539500
vt 0.145091 0.537980
vt 0.033165 0.793299
vt 0.033165 0.710578
vt 0.036189 0.793225
vt 0.037577 0.792166
vt 0.007715 0.115863
vt 0.005207 0.001958
vt 0.008350 0.001958
vt 0.795387 0.632293
vt 0.793961 0.713969
vt 0.793961 0.632280
vt 0.215380 0.747371
vt 0.213391 0.747333
vt 0.215177 0.657366
vt 0.217165 0.657405
vt 0.507294 0.029227
vt 0.502180 0.001398
vt 0.505311 0.001106
vt 0.507294 0.000966
vt 0.169553 0.087410
vt 0.173273 0.059396
vt 0.173273 0.091856
vt 0.827652 0.394775
vt 0.821979 0.391256
vt 0.825194 0.383204
vt 0.831869 0.392454
vt 0.835052 0.419613
vt 0.830512 0.382118
vt 0.835052 0.387917
vt 0.043840 0.788206
vt 0.039758 0.791211
vt 0.039758 0.761619
vt 0.939433 0.588711
vt 0.934091 0.562349
vt 0.937025 0.563479
vt 0.939433 0.559019
vt 0.011662 0.802511
vt 0.539640 0.228595
vt 0.539640 0.111882
vt 0.542784 0.228528
vt 0.772963 0.371427
vt 0.769825 0.371237
vt 0.773180 0.326326
vt 0.777396 0.326478
vt 0.777178 0.371579
vt 0.780206 0.326580
vt 0.704217 0.434913
vt 0.705527 0.434765
vt 0.706501 0.443388
vt 0.704922 0.443043
vt 0.702638 0.434568
vt 0.783335 0.328020
vt 0.780306 0.373019
vt 0.494768 0.191018
vt 0.492254 0.191018
vt 0.493092 0.066978
vt 0.501443 0.461366
vt 0.501443 0.337315
vt 0.503119 0.337336
vt 0.155735 0.511469
vt 0.155735 0.387429
vt 0.156572 0.511469
vt 0.394562 0.033255
vt 0.393159 0.033341
vt 0.391171 0.001034
vt 0.332694 0.851753
vt 0.346815 0.814582
vt 0.348696 0.816583
vt 0.206649 0.225099
vt 0.210851 0.193003
vt 0.210851 0.225464
vt 0.807912 0.843202
vt 0.803699 0.843402
vt 0.803699 0.813809
vt 0.396650 0.822526
vt 0.392499 0.793124
vt 0.396650 0.791529
vt 0.612464 0.864278
vt 0.612464 0.833280
vt 0.613869 0.864215
vt 0.230195 0.654822
vt 0.231601 0.654848
vt 0.228644 0.746199
vt 0.391171 0.033402
vt 0.941621 0.590799
vt 0.941621 0.558428
vt 0.943608 0.590738
vt 0.346857 0.812281
vt 0.358182 0.813499
vt 0.356618 0.815677
vt 0.231788 0.746259
vt 0.233589 0.654886
vt 0.233194 0.746285
vt 0.466585 0.350722
vt 0.465576 0.350722
vt 0.465576 0.267022
vt 0.539652 0.471804
vt 0.536509 0.355146
vt 0.539652 0.355079
vt 0.002964 0.101250
vt 0.004772 0.017544
vt 0.005219 0.101250
vt 0.501031 0.188057
vt 0.499486 0.312101
vt 0.499157 0.188057
vt 0.987688 0.072380
vt 0.986222 0.072400
vt 0.986993 0.042841
vt 0.987922 0.042819
vt 0.988345 0.072356
vt 0.509382 0.302695
vt 0.508545 0.302706
vt 0.508545 0.178658
vt 0.362062 0.093062
vt 0.363247 0.217097
vt 0.362062 0.217113
vt 0.393421 0.783125
vt 0.421437 0.129043
vt 0.425825 0.132658
vt 0.423207 0.134526
vt 0.636827 0.835465
vt 0.638536 0.826738
vt 0.638815 0.835401
vt 0.638815 0.866366
vt 0.615851 0.864061
vt 0.878352 0.746874
vt 0.974923 0.447944
vt 0.968906 0.463454
vt 0.974923 0.421943
vt 0.952333 0.797342
vt 0.962990 0.812860
vt 0.960126 0.815939
vt 0.949123 0.800717
vt 0.875610 0.747371
vt 0.420205 0.252482
vt 0.392504 0.248561
vt 0.916239 0.920423
vt 0.922652 0.897875
vt 0.941674 0.920986
vt 0.916143 0.927939
vt 0.427314 0.253815
vt 0.939609 0.926465
vt 0.902265 0.936422
vt 0.434227 0.270258
vt 0.921858 0.937425
vt 0.777564 0.091215
vt 0.779045 0.077682
vt 0.780443 0.093980
vt 0.772287 0.094492
vt 0.866366 0.741913
vt 0.793299 0.059794
vt 0.906412 0.555995
vt 0.918557 0.595121
vt 0.906412 0.617938
vt 0.872172 0.000521
vt 0.874717 0.062420
vt 0.872172 0.066804
vt 0.793299 0.141959
vt 0.033419 0.361520
vt 0.038276 0.373234
vt 0.034849 0.377861
vt 0.052596 0.932036
vt 0.041948 0.928013
vt 0.039947 0.911809
vt 0.056366 0.876250
vt 0.056366 0.935258
vt 0.945794 0.073067
vt 0.945794 0.036453
vt 0.947784 0.071663
vt 0.507156 0.386185
vt 0.508338 0.385341
vt 0.508338 0.509382
vt 0.369510 0.044961
vt 0.369510 0.171186
vt 0.367590 0.171178
vt 0.513557 0.125227
vt 0.512021 0.248428
vt 0.511683 0.125227
vt 0.703594 0.443966
vt 0.701224 0.434990
vt 0.786478 0.327968
vt 0.783449 0.373055
vt 0.985526 0.042861
vt 0.837139 0.461592
vt 0.836815 0.466026
vt 0.814254 0.461254
vt 0.836926 0.458455
vt 0.427420 0.125358
vt 0.429870 0.130342
vt 0.432307 0.136011
vt 0.427179 0.137658
vt 0.367423 0.813740
vt 0.971836 0.884845
vt 0.967897 0.880967
vt 0.977462 0.881124
vt 0.979307 0.883577
vt 0.974095 0.890067
vt 0.967306 0.892912
vt 0.837139 0.280171
vt 0.770042 0.326136
vt 0.766686 0.371046
vt 0.768059 0.325988
vt 0.708970 0.434509
vt 0.709902 0.434542
vt 0.710059 0.443244
vt 0.708585 0.443278
vt 0.707494 0.434543
vt 0.501443 0.066992
vt 0.503119 0.066970
vt 0.503119 0.191018
vt 0.503531 0.193271
vt 0.505206 0.317297
vt 0.503531 0.317320
vt 0.490593 0.077407
vt 0.490593 0.201456
vt 0.488080 0.077441
vt 0.970748 0.746822
vt 0.970565 0.751036
vt 0.938379 0.746822
vt 0.332694 0.775198
vt 0.348053 0.810510
vt 0.247706 0.091856
vt 0.247706 0.059487
vt 0.250516 0.091733
vt 0.956134 0.501031
vt 0.953322 0.501031
vt 0.954728 0.470097
vt 0.906710 0.417526
vt 0.905307 0.386595
vt 0.908119 0.386595
vt 0.914572 0.445560
vt 0.941521 0.430313
vt 0.916812 0.449133
vt 0.236401 0.654942
vt 0.240618 0.655024
vt 0.236005 0.746341
vt 0.004175 0.000913
vt 0.001667 0.114820
vt 0.001032 0.000913
vt 0.786594 0.373003
vt 0.789404 0.372909
vt 0.013889 0.001999
vt 0.016701 0.001999
vt 0.013889 0.115863
vt 0.797308 0.083505
vt 0.797308 0.001814
vt 0.799562 0.001827
vt 0.795458 0.423789
vt 0.797424 0.342098
vt 0.797474 0.423789
vt 0.628570 0.853783
vt 0.630464 0.853783
vt 0.628570 0.914382
vt 0.210249 0.747270
vt 0.212033 0.657304
vt 0.185371 0.266168
vt 0.187887 0.298531
vt 0.184743 0.298531
vt 0.014362 0.156572
vt 0.014362 0.124205
vt 0.018789 0.155107
vt 0.601473 0.536801
vt 0.601620 0.532152
vt 0.613121 0.533363
vt 0.612982 0.538608
vt 0.442577 0.125865
vt 0.439261 0.134748
vt 0.434695 0.130278
vt 0.980671 0.042835
vt 0.980016 0.072375
vt 0.979205 0.042788
vt 0.836484 0.471970
vt 0.835983 0.475074
vt 0.813597 0.472098
vt 0.815476 0.468322
vt 0.836746 0.468838
vt 0.974949 0.894663
vt 0.979185 0.889480
vt 0.981188 0.894438
vt 0.981981 0.898021
vt 0.978184 0.901366
vt 0.971256 0.902021
vt 0.967296 0.898721
vt 0.975717 0.598738
vt 0.980143 0.599156
vt 0.978164 0.620152
vt 0.973960 0.619802
vt 0.972651 0.597169
vt 0.439328 0.141062
vt 0.433114 0.142108
vt 0.361605 0.811031
vt 0.971265 0.877694
vt 0.967296 0.870929
vt 0.977565 0.878379
vt 0.541377 0.427144
vt 0.542784 0.427161
vt 0.541377 0.543827
vt 0.411334 0.153441
vt 0.411334 0.069734
vt 0.413351 0.069758
vt 0.541740 0.236104
vt 0.540269 0.352809
vt 0.538928 0.236104
vt 0.765287 0.370916
vt 0.762487 0.370655
vt 0.422339 0.138448
vt 0.416596 0.131825
vt 0.425217 0.142726
vt 0.423773 0.146483
vt 0.420166 0.145152
vt 0.415130 0.134340
vt 0.054278 0.345787
vt 0.833210 0.325051
vt 0.817439 0.327758
vt 0.819485 0.298686
vt 0.832309 0.297207
vt 0.833813 0.294496
vt 0.834688 0.327473
vt 0.171147 0.112705
vt 0.172507 0.109871
vt 0.175341 0.111232
vt 0.179536 0.123170
vt 0.179536 0.109758
vt 0.075742 0.375272
vt 0.073133 0.373505
vt 0.075320 0.370006
vt 0.081418 0.384124
vt 0.042970 0.933230
vt 0.038541 0.925272
vt 0.298993 0.965442
vt 0.303280 0.955697
vt 0.304988 0.981618
vt 0.299987 0.976607
vt 0.297804 0.969034
vt 0.297362 0.958850
vt 0.828151 0.284226
vt 0.830306 0.290247
vt 0.817439 0.290607
vt 0.291625 0.957111
vt 0.833812 0.290618
vt 0.831342 0.294262
vt 0.819284 0.295674
vt 0.029227 0.107500
vt 0.026083 0.110644
vt 0.026083 0.104357
vt 0.066804 0.104610
vt 0.066804 0.139871
vt 0.061740 0.139647
vt 0.269304 0.865408
vt 0.249740 0.891418
vt 0.265729 0.862677
vt 0.488505 0.331933
vt 0.485854 0.331933
vt 0.487180 0.207889
vt 0.006263 0.190226
vt 0.006263 0.317320
vt 0.004546 0.317296
vt 0.978704 0.072324
vt 0.977237 0.072270
vt 0.977237 0.042701
vt 0.835229 0.479224
vt 0.813096 0.475202
vt 0.971061 0.621018
vt 0.967174 0.619379
vt 0.969421 0.598363
vt 0.814151 0.465470
vt 0.814041 0.458117
vt 0.981294 0.620447
vt 0.983273 0.599451
vt 0.983273 0.620634
vt 0.813811 0.456142
vt 0.836697 0.456480
vt 0.428821 0.143186
vt 0.431342 0.149191
vt 0.427358 0.152640
vt 0.988578 0.042795
vt 0.836458 0.455095
vt 0.835981 0.452323
vt 0.989889 0.042747
vt 0.989656 0.072308
vt 0.601306 0.786147
vt 0.599159 0.768866
vt 0.617377 0.803734
vt 0.604100 0.808502
vt 0.596876 0.804874
vt 0.968208 0.802868
vt 0.965877 0.813139
vt 0.966651 0.444412
vt 0.893505 0.747371
vt 0.345824 0.000872
vt 0.348634 0.000784
vt 0.348634 0.090812
vt 0.340161 0.005268
vt 0.984545 0.089542
vt 0.987449 0.091830
vt 0.980957 0.096537
vt 0.953659 0.086743
vt 0.985045 0.086743
vt 0.437182 0.148294
vt 0.968538 0.797474
vt 0.339240 0.340284
vt 0.312121 0.334591
vt 0.339240 0.213544
vt 0.198931 0.094987
vt 0.198931 0.000253
vt 0.219201 0.004508
vt 0.453715 0.519820
vt 0.455311 0.399835
vt 0.456147 0.519820
vt 0.310033 0.977010
vt 0.310034 0.972793
vt 0.342371 0.972794
vt 0.937345 0.271392
vt 0.907996 0.257174
vt 0.937345 0.212441
vt 0.922137 0.212539
vt 0.960181 0.671662
vt 0.972835 0.716741
vt 0.960181 0.718144
vt 0.960031 0.496856
vt 0.958827 0.450390
vt 0.962604 0.482750
vt 0.964485 0.487018
vt 0.983365 0.872925
vt 0.763859 0.325596
vt 0.642882 0.455003
vt 0.687874 0.452196
vt 0.687874 0.502890
vt 0.642882 0.502890
vt 0.867921 0.507294
vt 0.867922 0.472948
vt 0.896159 0.504274
vt 0.411220 0.730969
vt 0.415438 0.770335
vt 0.411220 0.770335
vt 0.711882 0.434542
vt 0.711882 0.453016
vt 0.288093 0.747371
vt 0.287091 0.655943
vt 0.440810 0.580062
vt 0.443621 0.671450
vt 0.439404 0.671450
vt 0.439404 0.580061
vt 0.069601 0.528170
vt 0.068196 0.528161
vt 0.070392 0.411475
vt 0.121082 0.411818
vt 0.791211 0.538856
vt 0.753847 0.622114
vt 0.753847 0.538407
vt 0.945103 0.438402
vt 0.945103 0.384881
vt 0.956134 0.393599
vt 0.026372 0.259028
vt 0.018527 0.217954
vt 0.039665 0.253830
vt 0.028239 0.260117
vt 0.018527 0.288093
vt 0.179529 0.297233
vt 0.183711 0.329300
vt 0.179529 0.329845
vt 0.936443 0.505965
vt 0.968660 0.511025
vt 0.936443 0.559485
vt 0.941521 0.488505
vt 0.257745 0.859080
vt 0.267274 0.855276
vt 0.478067 0.222332
vt 0.474633 0.218124
vt 0.478067 0.098288
vt 0.267384 0.186843
vt 0.267384 0.059758
vt 0.269304 0.059763
vt 0.701603 0.444589
vt 0.964979 0.598170
vt 0.964033 0.619238
vt 0.962233 0.596639
vt 0.700144 0.444375
vt 0.699344 0.435609
vt 0.790694 0.327826
vt 0.794343 0.309426
vt 0.794343 0.392474
vt 0.945696 0.165271
vt 0.939742 0.179108
vt 0.937796 0.179249
vt 0.990794 0.886094
vt 0.986273 0.889992
vt 0.813096 0.451986
vt 0.827867 0.405130
vt 0.743196 0.808787
vt 0.704605 0.837139
vt 0.704605 0.758630
vt 0.991624 0.072236
vt 0.489122 0.492664
vt 0.491637 0.368640
vt 0.491637 0.492681
vt 0.658749 0.739021
vt 0.658749 0.655972
vt 0.660735 0.738925
vt 0.054278 0.183711
vt 0.052290 0.183690
vt 0.054278 0.092266
vt 0.518884 0.401784
vt 0.521907 0.463292
vt 0.521907 0.522951
vt 0.517094 0.465262
vt 0.430895 0.538743
vt 0.435271 0.444552
vt 0.435271 0.558441
vt 0.920902 0.460930
vt 0.926907 0.494987
vt 0.920929 0.498943
vt 0.318876 0.916131
vt 0.344459 0.888014
vt 0.344096 0.915456
vt 0.344459 0.943608
vt 0.964485 0.308969
vt 0.958957 0.271836
vt 0.964485 0.270799
vt 0.249740 0.823229
vt 0.262751 0.854267
vt 0.618364 0.533128
vt 0.621117 0.519586
vt 0.622640 0.527396
vt 0.618951 0.537294
vt 0.895578 0.272162
vt 0.895630 0.268126
vt 0.900806 0.269969
vt 0.912196 0.298531
vt 0.845490 0.026580
vt 0.834853 0.066767
vt 0.830724 0.062715
vt 0.976492 0.133608
vt 0.959466 0.111313
vt 0.616309 0.516082
vt 0.601473 0.507540
vt 0.902840 0.409431
vt 0.906031 0.423978
vt 0.883447 0.425876
vt 0.879990 0.417771
vt 0.901214 0.401067
vt 0.267411 0.853757
vt 0.588711 0.490593
vt 0.587880 0.489749
vt 0.588711 0.383311
vt 0.535477 0.536521
vt 0.532972 0.456368
vt 0.533617 0.418746
vt 0.535477 0.446910
vt 0.927080 0.176527
vt 0.933244 0.184679
vt 0.922369 0.180954
vt 0.989077 0.896925
vt 0.912294 0.472948
vt 0.912294 0.470931
vt 0.916469 0.764072
vt 0.914452 0.764072
vt 0.916469 0.718692
vt 0.122615 0.943608
vt 0.122615 0.880339
vt 0.169098 0.880339
vt 0.729380 0.911150
vt 0.730670 0.910451
vt 0.730670 0.949871
vt 0.656147 0.740065
vt 0.656147 0.657046
vt 0.657603 0.728820
vt 0.068071 0.370575
vt 0.067868 0.361074
vt 0.070787 0.371244
vt 0.299298 0.600258
vt 0.300619 0.601744
vt 0.299298 0.624201
vt 0.960153 0.642990
vt 0.959820 0.619049
vt 0.836109 0.482242
vt 0.901699 0.395334
vt 0.877754 0.414753
vt 0.889949 0.395283
vt 0.893303 0.388318
vt 0.902383 0.390322
vt 0.626289 0.535506
vt 0.673964 0.085075
vt 0.675348 0.083646
vt 0.675348 0.172229
vt 0.900517 0.561305
vt 0.901856 0.619995
vt 0.900517 0.620026
vt 0.146153 0.747371
vt 0.146153 0.660181
vt 0.149265 0.745898
vt 0.898083 0.267756
vt 0.896727 0.266145
vt 0.899314 0.265504
vt 0.902835 0.268998
vt 0.991624 0.906031
vt 0.359602 0.917116
vt 0.359233 0.907796
vt 0.383877 0.921136
vt 0.382173 0.924816
vt 0.359686 0.921649
vt 0.428177 0.783345
vt 0.429965 0.779038
vt 0.440490 0.791211
vt 0.380102 0.933827
vt 0.358084 0.935258
vt 0.440490 0.763768
vt 0.716057 0.507553
vt 0.714449 0.579317
vt 0.714449 0.496332
vt 0.987940 0.984351
vt 0.993712 0.993965
vt 0.993002 0.995799
vt 0.989896 0.995652
vt 0.985959 0.986748
vt 0.986868 0.983465
vt 0.988850 0.981069
vt 0.480155 0.858016
vt 0.477033 0.856560
vt 0.480031 0.786298
vt 0.196237 0.837139
vt 0.192264 0.765530
vt 0.196237 0.765364
vt 0.866366 0.194931
vt 0.862151 0.265129
vt 0.862151 0.194763
vt 0.186805 0.000565
vt 0.191018 0.000370
vt 0.191018 0.091856
vt 0.619758 0.829913
vt 0.624201 0.895309
vt 0.621183 0.895514
vt 0.619758 0.895593
vt 0.048314 0.183647
vt 0.415130 0.156572
vt 0.175873 0.910577
vt 0.177449 0.924820
vt 0.175260 0.917576
vt 0.177412 0.876858
vt 0.292268 0.563943
vt 0.277497 0.599885
vt 0.276095 0.601299
vt 0.272433 0.604093
vt 0.957556 0.864544
vt 0.962397 0.832325
vt 0.962397 0.878892
vt 0.038008 0.918707
vt 0.028437 0.925826
vt 0.028192 0.920746
vt 0.035740 0.914141
vt 0.263277 0.852626
vt 0.066943 0.043840
vt 0.066943 0.009030
vt 0.068892 0.009428
vt 0.625917 0.900323
vt 0.626289 0.933170
vt 0.622714 0.901151
vt 0.623041 0.899222
vt 0.626289 0.897315
vt 0.622723 0.897349
vt 0.215026 0.940548
vt 0.211894 0.941449
vt 0.211681 0.938085
vt 0.603107 0.233557
vt 0.606456 0.233690
vt 0.603107 0.339240
vt 0.518831 0.495631
vt 0.523995 0.601187
vt 0.521481 0.601210
vt 0.518831 0.601237
vt 0.586018 0.488883
vt 0.472292 0.027139
vt 0.472292 0.001294
vt 0.473892 0.001364
vt 0.855928 0.166271
vt 0.855928 0.237990
vt 0.852809 0.167732
vt 0.968016 0.532254
vt 0.963425 0.531708
vt 0.968644 0.531381
vt 0.968658 0.534516
vt 0.072266 0.360972
vt 0.960765 0.597980
vt 0.025543 0.915757
vt 0.616674 0.809310
vt 0.617249 0.820031
vt 0.609809 0.812758
vt 0.940714 0.941521
vt 0.937473 0.951666
vt 0.942778 0.934282
vt 0.944624 0.939831
vt 0.947282 0.947110
vt 0.950457 0.952213
vt 0.317320 0.993712
vt 0.301180 0.982816
vt 0.297891 0.990472
vt 0.289830 0.988031
vt 0.290403 0.980758
vt 0.036226 0.933411
vt 0.081418 0.351543
vt 0.020264 0.932290
vt 0.027134 0.925162
vt 0.288906 0.974171
vt 0.064088 0.085593
vt 0.063457 0.083620
vt 0.064716 0.085264
vt 0.971967 0.992935
vt 0.971172 0.991136
vt 0.845490 0.102294
vt 0.833345 0.067992
vt 0.828381 0.067440
vt 0.828630 0.065120
vt 0.965005 0.530104
vt 0.974923 0.508407
vt 0.016073 0.933184
vt 0.024834 0.921794
vt 0.974923 0.549047
vt 0.069139 0.374563
vt 0.835052 0.292297
vt 0.064086 0.083291
vt 0.064716 0.082963
vt 0.964261 0.991052
vt 0.925961 0.827396
vt 0.926907 0.885155
vt 0.924067 0.885155
vt 0.922173 0.885155
vt 0.745934 0.627333
vt 0.745934 0.541386
vt 0.751547 0.626965
vt 0.155345 0.903202
vt 0.158523 0.900137
vt 0.157870 0.904504
vt 0.009806 0.648182
vt 0.011482 0.542593
vt 0.011482 0.648209
vt 0.780773 0.620025
vt 0.779760 0.620026
vt 0.779233 0.595214
vt 0.863221 0.328370
vt 0.866366 0.397333
vt 0.863221 0.398737
vt 0.649821 0.728583
vt 0.650840 0.703265
vt 0.651340 0.728583
vt 0.861134 0.340284
vt 0.861134 0.269914
vt 0.864278 0.271318
vt 0.335063 0.829833
vt 0.266157 0.825584
vt 0.335064 0.827021
vt 0.078286 0.224334
vt 0.075475 0.224420
vt 0.075475 0.132975
vt 0.860103 0.263041
vt 0.858089 0.197516
vt 0.860103 0.197422
vt 0.208157 0.937462
vt 0.208460 0.941021
vt 0.204845 0.938222
vt 0.197401 0.912974
vt 0.208861 0.936390
vt 0.595945 0.264085
vt 0.595945 0.158469
vt 0.597621 0.158495
vt 0.616894 0.158801
vt 0.795814 0.507294
vt 0.795814 0.427054
vt 0.810000 0.504702
vt 0.768106 0.620025
vt 0.859114 0.877419
vt 0.857212 0.876746
vt 0.880980 0.815617
vt 0.880980 0.885155
vt 0.906530 0.677293
vt 0.926907 0.684976
vt 0.906530 0.739021
vt 0.734161 0.451753
vt 0.769291 0.536413
vt 0.736971 0.537472
vt 0.734161 0.537565
vt 0.693093 0.825278
vt 0.693093 0.883067
vt 0.691200 0.825341
vt 0.162023 0.901121
vt 0.161562 0.899906
vt 0.175361 0.872966
vt 0.164646 0.902245
vt 0.161928 0.904754
vt 0.025977 0.920236
vt 0.018014 0.921912
vt 0.624201 0.823294
vt 0.615414 0.822797
vt 0.286311 0.993712
vt 0.286719 0.991518
vt 0.288321 0.982040
vt 0.175361 0.931083
vt 0.857184 0.879643
vt 0.876372 0.905020
vt 0.863865 0.912322
vt 0.901279 0.264599
vt 0.912294 0.233767
vt 0.985860 0.980211
vt 0.027139 0.127345
vt 0.025366 0.118482
vt 0.027139 0.114543
vt 0.995799 0.554453
vt 0.991974 0.579877
vt 0.973639 0.555518
vt 0.973531 0.553266
vt 0.964261 0.958319
vt 0.987842 0.977814
vt 0.959569 0.530206
vt 0.439450 0.885378
vt 0.442577 0.885696
vt 0.439450 0.916469
vt 0.869323 0.192328
vt 0.899768 0.201762
vt 0.894875 0.204712
vt 0.865866 0.230300
vt 0.861403 0.968660
vt 0.861403 0.932814
vt 0.866366 0.943844
vt 0.863884 0.401527
vt 0.000466 0.156572
vt 0.000466 0.122829
vt 0.006263 0.122829
vt 0.897430 0.359984
vt 0.901550 0.387154
vt 0.064350 0.902043
vt 0.064628 0.896253
vt 0.116464 0.901466
vt 0.118995 0.907391
vt 0.064155 0.906257
vt 0.974923 0.313144
vt 0.970705 0.313144
vt 0.970705 0.272347
vt 0.906031 0.384189
vt 0.963373 0.344949
vt 0.962134 0.340696
vt 0.968443 0.341471
vt 0.967566 0.347862
vt 0.960888 0.349099
vt 0.956600 0.954047
vt 0.952287 0.952379
vt 0.954754 0.949108
vt 0.958222 0.952257
vt 0.058506 0.074190
vt 0.060541 0.071410
vt 0.060541 0.083505
vt 0.063802 0.079681
vt 0.975052 0.700014
vt 0.989536 0.670792
vt 0.988353 0.704578
vt 0.974032 0.702990
vt 0.973064 0.699998
vt 0.975322 0.669081
vt 0.197401 0.964485
vt 0.971726 0.700430
vt 0.961766 0.669661
vt 0.973576 0.704319
vt 0.153654 0.516514
vt 0.155528 0.516514
vt 0.153654 0.622114
vt 0.680567 0.451427
vt 0.594803 0.451972
vt 0.680547 0.448283
vt 0.559857 0.882101
vt 0.554219 0.881626
vt 0.554451 0.880024
vt 0.560666 0.881474
vt 0.567835 0.912294
vt 0.335050 0.794652
vt 0.266157 0.794652
vt 0.335050 0.791508
vt 0.734833 0.217580
vt 0.737977 0.217580
vt 0.737977 0.308969
vt 0.734833 0.308969
vt 0.702465 0.217580
vt 0.890100 0.237944
vt 0.612285 0.824571
vt 0.596876 0.843402
vt 0.605640 0.824084
vt 0.623053 0.827894
vt 0.559125 0.879698
vt 0.567835 0.850528
vt 0.877916 0.907654
vt 0.768097 0.595218
vt 0.766974 0.620026
vt 0.945696 0.731465
vt 0.917962 0.772423
vt 0.943773 0.730287
vt 0.897945 0.204390
vt 0.611140 0.821434
vt 0.604875 0.822200
vt 0.368342 0.903441
vt 0.362887 0.902438
vt 0.358084 0.875772
vt 0.544909 0.970748
vt 0.544909 0.939499
vt 0.551134 0.940384
vt 0.394562 0.913839
vt 0.391481 0.919702
vt 0.945696 0.219201
vt 0.883067 0.508997
vt 0.880259 0.546959
vt 0.878849 0.508997
vt 0.883619 0.614966
vt 0.877048 0.615388
vt 0.880738 0.563604
vt 0.888268 0.563283
vt 0.889279 0.615851
vt 0.133608 0.062629
vt 0.127811 0.062629
vt 0.127811 0.028886
vt 0.964485 0.449031
vt 0.847669 0.941850
vt 0.860103 0.911830
vt 0.849242 0.942564
vt 0.844093 0.944135
vt 0.872841 0.612864
vt 0.874030 0.564279
vt 0.957356 0.816312
vt 0.958305 0.821405
vt 0.946041 0.898972
vt 0.951586 0.897875
vt 0.953814 0.947591
vt 0.947924 0.941452
vt 0.964033 0.363629
vt 0.960034 0.356476
vt 0.972034 0.349940
vt 0.975683 0.355906
vt 0.964702 0.365414
vt 0.603190 0.813749
vt 0.973830 0.811313
vt 0.981392 0.813277
vt 0.968878 0.822019
vt 0.965773 0.818061
vt 0.970884 0.811179
vt 0.601077 0.810677
vt 0.970493 0.808613
vt 0.959579 0.353716
vt 0.977397 0.359237
vt 0.963583 0.369510
vt 0.976203 0.356932
vt 0.978465 0.357543
vt 0.974850 0.580700
vt 0.972884 0.581805
vt 0.069684 0.736904
vt 0.067596 0.738011
vt 0.064537 0.735506
vt 0.067362 0.732642
vt 0.074111 0.734486
vt 0.869881 0.414037
vt 0.852474 0.943606
vt 0.860103 0.955860
vt 0.858633 0.956268
vt 0.851062 0.945269
vt 0.847820 0.944798
vt 0.866354 0.407549
vt 0.064923 0.889972
vt 0.065273 0.882409
vt 0.115777 0.886050
vt 0.116803 0.894305
vt 0.975675 0.823452
vt 0.983273 0.813401
vt 0.976790 0.823676
vt 0.891991 0.243489
vt 0.891019 0.241978
vt 0.894976 0.245094
vt 0.892436 0.251382
vt 0.892942 0.238514
vt 0.979390 0.824104
vt 0.972392 0.345159
vt 0.973892 0.347371
vt 0.977448 0.354176
vt 0.649308 0.275930
vt 0.651366 0.281176
vt 0.648588 0.282749
vt 0.647808 0.276599
vt 0.662822 0.244962
vt 0.586624 0.589784
vt 0.586624 0.617938
vt 0.565555 0.599261
vt 0.060837 0.741078
vt 0.066675 0.763019
vt 0.048766 0.764753
vt 0.059152 0.740007
vt 0.964434 0.823223
vt 0.960792 0.826028
vt 0.949123 0.831353
vt 0.956813 0.324833
vt 0.973673 0.340290
vt 0.974357 0.341622
vt 0.896045 0.242682
vt 0.899768 0.258866
vt 0.896518 0.253073
vt 0.966920 0.824386
vt 0.962263 0.826180
vt 0.813551 0.710104
vt 0.813799 0.706127
vt 0.838712 0.708047
vt 0.833474 0.713550
vt 0.810447 0.713613
vt 0.809339 0.709538
vt 0.810525 0.707715
vt 0.808363 0.710339
vt 0.988663 0.708008
vt 0.989536 0.709794
vt 0.808550 0.707079
vt 0.821683 0.064812
vt 0.373160 0.903943
vt 0.371121 0.901159
vt 0.391036 0.894515
vt 0.044440 0.767204
vt 0.052908 0.742219
vt 0.863681 0.915859
vt 0.878892 0.908633
vt 0.864750 0.917597
vt 0.862309 0.920034
vt 0.917962 0.714474
vt 0.971511 0.554266
vt 0.971511 0.584536
vt 0.266157 0.791508
vt 0.266157 0.749306
vt 0.806512 0.376169
vt 0.807912 0.376169
vt 0.806512 0.455103
vt 0.383833 0.528897
vt 0.393518 0.630585
vt 0.383833 0.631508
vt 0.413351 0.040884
vt 0.401543 0.164923
vt 0.383800 0.040884
vt 0.698061 0.240212
vt 0.711018 0.248150
vt 0.698061 0.269304
vt 0.177445 0.386211
vt 0.090753 0.386205
vt 0.177448 0.346177
vt 0.594783 0.448829
vt 0.594510 0.406626
vt 0.680440 0.431412
vt 0.651689 0.283533
vt 0.648934 0.288385
vt 0.644392 0.284604
vt 0.643460 0.281746
vt 0.987449 0.324833
vt 0.953077 0.845490
vt 0.953218 0.074331
vt 0.949194 0.096031
vt 0.950235 0.084012
vt 0.950717 0.044543
vt 0.956134 0.062903
vt 0.979889 0.356280
vt 0.639203 0.275617
vt 0.618134 0.276975
vt 0.834235 0.729377
vt 0.812594 0.730541
vt 0.293525 0.631508
vt 0.293525 0.528319
vt 0.295360 0.526945
vt 0.304794 0.529932
vt 0.400825 0.345631
vt 0.398859 0.469717
vt 0.398859 0.345538
vt 0.711882 0.248679
vt 0.857184 0.937346
vt 0.680312 0.411679
vt 0.677471 0.407480
vt 0.369789 0.883051
vt 0.367157 0.878353
vt 0.386711 0.879602
vt 0.057216 0.733280
vt 0.039631 0.730026
vt 0.049843 0.726622
vt 0.059732 0.731477
vt 0.655198 0.286635
vt 0.949321 0.675781
vt 0.958222 0.677731
vt 0.949321 0.726495
vt 0.028558 0.052191
vt 0.028558 0.001481
vt 0.035490 0.003312
vt 0.662822 0.342371
vt 0.644181 0.289497
vt 0.214697 0.168992
vt 0.227552 0.161118
vt 0.227552 0.189974
vt 0.213841 0.169517
vt 0.090754 0.346171
vt 0.090754 0.343502
vt 0.177448 0.343508
vt 0.017745 0.000030
vt 0.017745 0.102294
vt 0.015394 0.100559
vt 0.399433 0.515605
vt 0.400825 0.393509
vt 0.400825 0.515644
vt 0.832200 0.190616
vt 0.833626 0.190590
vt 0.833382 0.254137
vt 0.831102 0.240057
vt 0.031590 0.652384
vt 0.031590 0.551801
vt 0.033402 0.551841
vt 0.273479 0.060604
vt 0.270120 0.182668
vt 0.272088 0.060550
vt 0.835052 0.190563
vt 0.835052 0.267217
vt 0.949194 0.044524
vt 0.053411 0.341614
vt 0.053410 0.339728
vt 0.177448 0.339737
vt 0.177447 0.341622
vt 0.220666 0.181831
vt 0.594507 0.401826
vt 0.594520 0.399837
vt 0.677543 0.404337
vt 0.594491 0.403813
vt 0.632050 0.282316
vt 0.841629 0.728900
vt 0.833021 0.732753
vt 0.810408 0.735569
vt 0.810904 0.738700
vt 0.834764 0.737613
vt 0.811333 0.741499
vt 0.080071 0.119660
vt 0.081692 0.119665
vt 0.081413 0.220245
vt 0.270120 0.060519
vt 0.384516 0.875427
vt 0.366975 0.874899
vt 0.385619 0.870966
vt 0.392307 0.878149
vt 0.036075 0.729648
vt 0.629863 0.284667
vt 0.842632 0.731984
vt 0.062511 0.728643
vt 0.064321 0.873347
vt 0.066027 0.867460
vt 0.113669 0.871868
vt 0.114723 0.878959
vt 0.328482 0.416875
vt 0.329845 0.462193
vt 0.328482 0.535477
vt 0.494839 0.192221
vt 0.496856 0.316243
vt 0.494839 0.316276
vt 0.001041 0.311057
vt 0.001041 0.182364
vt 0.003131 0.311023
vt 0.053410 0.337060
vt 0.366778 0.871778
vt 0.376461 0.854899
vt 0.405000 0.834270
vt 0.144789 0.725011
vt 0.124458 0.765867
vt 0.117215 0.766146
vt 0.949324 0.893505
vt 0.949324 0.845004
vt 0.962397 0.891264
vt 0.042306 0.719386
vt 0.051451 0.721942
vt 0.074111 0.682826
vt 0.072870 0.805825
vt 0.111217 0.773960
vt 0.111038 0.783006
vt 0.402188 0.846936
vt 0.405000 0.846936
vt 0.402188 0.910206
vt 0.400782 0.846936
vt 0.099579 0.008532
vt 0.100206 0.008537
vt 0.099579 0.101250
vt 0.529112 0.387255
vt 0.529112 0.267267
vt 0.530258 0.267272
vt 0.073903 0.093943
vt 0.074434 0.001227
vt 0.075155 0.093943
vt 0.687874 0.505702
vt 0.067580 0.411456
vt 0.066207 0.528154
vt 0.066174 0.411457
vt 0.687874 0.507108
vt 0.642882 0.505702
vt 0.642882 0.507108
vt 0.867922 0.470931
vt 0.867923 0.469923
vt 0.912293 0.469923
vt 0.177448 0.337068
vt 0.176118 0.290387
vt 0.594673 0.397031
vt 0.595894 0.347816
vt 0.646456 0.350516
vt 0.677695 0.401529
vt 0.342371 0.970804
vt 0.310033 0.970804
vt 0.342371 0.967993
vt 0.856846 0.957739
vt 0.437415 0.671451
vt 0.196237 0.198203
vt 0.194252 0.198325
vt 0.194252 0.165927
vt 0.219527 0.619599
vt 0.263400 0.620233
vt 0.264199 0.623066
vt 0.139157 0.093943
vt 0.139157 0.061487
vt 0.141959 0.093700
vt 0.434603 0.671450
vt 0.437415 0.580061
vt 0.912293 0.467906
vt 0.966643 0.271940
vt 0.968660 0.271940
vt 0.968660 0.317320
vt 0.906024 0.354897
vt 0.903219 0.291632
vt 0.906031 0.291632
vt 0.389378 0.820416
vt 0.390387 0.775047
vt 0.390387 0.820438
vt 0.274697 0.604318
vt 0.277095 0.602327
vt 0.277934 0.604624
vt 0.275494 0.606499
vt 0.272645 0.607692
vt 0.273920 0.609210
vt 0.496278 0.317374
vt 0.497900 0.317374
vt 0.497900 0.437358
vt 0.071815 0.092900
vt 0.071815 0.000175
vt 0.073067 0.000193
vt 0.529214 0.410278
vt 0.528068 0.530258
vt 0.528068 0.410268
vt 0.310034 0.967992
vt 0.310034 0.966004
vt 0.342371 0.966005
vt 0.687874 0.509920
vt 0.063362 0.411458
vt 0.063395 0.528155
vt 0.061406 0.528155
vt 0.061373 0.411458
vt 0.687874 0.511908
vt 0.642882 0.509920
vt 0.642882 0.511909
vt 0.867923 0.467906
vt 0.867921 0.466480
vt 0.912294 0.466480
vt 0.434604 0.580061
vt 0.432616 0.671451
vt 0.432616 0.580061
vt 0.848959 0.947622
vt 0.855386 0.959080
vt 0.847749 0.948544
vt 0.846111 0.946904
vt 0.908218 0.297894
vt 0.910206 0.297894
vt 0.910206 0.361160
vt 0.872629 0.514083
vt 0.872629 0.559485
vt 0.871204 0.559440
vt 0.244352 0.878892
vt 0.244352 0.815622
vt 0.246340 0.878892
vt 0.098119 0.092900
vt 0.097231 0.092900
vt 0.097231 0.000186
vt 0.528068 0.308969
vt 0.528068 0.188979
vt 0.529214 0.188991
vt 0.095145 0.097075
vt 0.095145 0.004359
vt 0.096031 0.097075
vt 0.266106 0.625046
vt 0.255421 0.642069
vt 0.274808 0.609566
vt 0.267547 0.625295
vt 0.292268 0.661778
vt 0.192062 0.859082
vt 0.192062 0.891418
vt 0.190074 0.891418
vt 0.110070 0.139269
vt 0.111688 0.119660
vt 0.808759 0.954769
vt 0.816986 0.938091
vt 0.820079 0.956134
vt 0.229639 0.890179
vt 0.220880 0.904202
vt 0.223735 0.897419
vt 0.439082 0.424320
vt 0.450928 0.424320
vt 0.439082 0.542784
vt 0.237827 0.512591
vt 0.270348 0.605512
vt 0.237827 0.616894
vt 0.265129 0.064144
vt 0.265129 0.193106
vt 0.231182 0.183446
vt 0.492772 0.585580
vt 0.492772 0.473400
vt 0.501031 0.585580
vt 0.356910 0.337603
vt 0.345548 0.336100
vt 0.360821 0.220662
vt 0.372184 0.222167
vt 0.400825 0.343415
vt 0.296443 0.252603
vt 0.262495 0.242943
vt 0.296443 0.123642
vt 0.827190 0.754103
vt 0.849665 0.769296
vt 0.809023 0.928678
vt 0.820803 0.924111
vt 0.821108 0.931429
vt 0.808363 0.782861
vt 0.680567 0.349587
vt 0.424232 0.250515
vt 0.413084 0.218265
vt 0.436315 0.218265
vt 0.749810 0.458235
vt 0.719201 0.442442
vt 0.746450 0.431693
vt 0.855928 0.887631
vt 0.855928 0.914382
vt 0.842951 0.913126
vt 0.842950 0.886375
vt 0.842543 0.851227
vt 0.342526 0.834270
vt 0.457345 0.916681
vt 0.465541 0.964485
vt 0.452277 0.964485
vt 0.955532 0.321495
vt 0.955532 0.273423
vt 0.964485 0.320548
vt 0.822109 0.920571
vt 0.825638 0.917826
vt 0.836271 0.927361
vt 0.808759 0.902049
vt 0.951567 0.467629
vt 0.951567 0.419659
vt 0.964485 0.420731
vt 0.786493 0.962397
vt 0.795494 0.914593
vt 0.797474 0.962397
vt 0.829504 0.914321
vt 0.839606 0.924161
vt 0.090168 0.748798
vt 0.140920 0.791418
vt 0.137764 0.796389
vt 0.950708 0.097216
vt 0.958222 0.147292
vt 0.950708 0.148222
vt 0.821181 0.109216
vt 0.809234 0.157758
vt 0.813925 0.109301
vt 0.810055 0.083253
vt 0.817931 0.083540
vt 0.830358 0.106002
vt 0.057719 0.105937
vt 0.064716 0.107498
vt 0.057719 0.156572
vt 0.111038 0.788871
vt 0.135837 0.805825
vt 0.435089 0.891805
vt 0.436088 0.918052
vt 0.428924 0.917798
vt 0.427924 0.891551
vt 0.802728 0.158660
vt 0.892884 0.564761
vt 0.906031 0.551774
vt 0.802728 0.082488
vt 0.419622 0.891039
vt 0.420622 0.917285
vt 0.412320 0.916772
vt 0.412634 0.889440
vt 0.066834 0.909196
vt 0.118735 0.913009
vt 0.118539 0.917222
vt 0.066639 0.913409
vt 0.406356 0.890886
vt 0.406356 0.916849
vt 0.215778 0.500208
vt 0.209031 0.477827
vt 0.217073 0.475314
vt 0.222882 0.499064
vt 0.842146 0.946840
vt 0.843750 0.948069
vt 0.844552 0.950215
vt 0.866321 0.614261
vt 0.863113 0.613765
vt 0.865296 0.565628
vt 0.868947 0.564466
vt 0.868743 0.613425
vt 0.276615 0.607250
vt 0.275988 0.610768
vt 0.065127 0.915319
vt 0.115547 0.920195
vt 0.066345 0.918541
vt 0.854114 0.960310
vt 0.342371 0.964016
vt 0.310033 0.964015
vt 0.317063 0.928866
vt 0.496011 0.000857
vt 0.504078 0.041144
vt 0.496906 0.056930
vt 0.465108 0.123170
vt 0.465108 0.039515
vt 0.855893 0.615851
vt 0.863682 0.565433
vt 0.912293 0.465054
vt 0.867922 0.465054
vt 0.912293 0.439843
vt 0.568382 0.950419
vt 0.593593 0.950419
vt 0.593593 0.995799
vt 0.568382 0.995799
vt 0.566956 0.950419
vt 0.687874 0.513897
vt 0.059384 0.411458
vt 0.059418 0.528155
vt 0.024269 0.528166
vt 0.024234 0.411469
vt 0.687874 0.549046
vt 0.642882 0.513897
vt 0.430627 0.580060
vt 0.430627 0.671450
vt 0.395477 0.678479
vt 0.395477 0.580060
vt 0.107395 0.772317
vt 0.108557 0.773930
vt 0.081151 0.791211
vt 0.081151 0.747898
vt 0.245915 0.361160
vt 0.253184 0.341812
vt 0.371598 0.361160
vt 0.692250 0.098119
vt 0.692250 0.000999
vt 0.707706 0.003526
vt 0.505672 0.184755
vt 0.505672 0.060718
vt 0.507294 0.183135
vt 0.505403 0.044676
vt 0.859417 0.715595
vt 0.880979 0.723008
vt 0.849929 0.743196
vt 0.847342 0.742306
vt 0.856829 0.714706
vt 0.869874 0.676755
vt 0.872462 0.677645
vt 0.115459 0.921598
vt 0.064155 0.931083
vt 0.236382 0.499168
vt 0.234626 0.499214
vt 0.231508 0.473376
vt 0.232953 0.473058
vt 0.257822 0.426729
vt 0.257822 0.542784
vt 0.362284 0.488304
vt 0.375583 0.438669
vt 0.375773 0.554266
vt 0.791211 0.636879
vt 0.791211 0.709794
vt 0.789861 0.638177
vt 0.069633 0.748745
vt 0.071800 0.748464
vt 0.071742 0.761978
vt 0.069633 0.764072
vt 0.000526 0.867788
vt 0.008351 0.884307
vt 0.000526 0.926907
vt 0.851255 0.548622
vt 0.726104 0.835518
vt 0.718611 0.854645
vt 0.714410 0.854777
vt 0.553185 0.152175
vt 0.557397 0.125643
vt 0.557397 0.152397
vt 0.388496 0.764112
vt 0.450928 0.806163
vt 0.399517 0.790162
vt 0.397953 0.790096
vt 0.052874 0.070979
vt 0.052874 0.042798
vt 0.054278 0.070909
vt 0.240269 0.981186
vt 0.240269 0.950052
vt 0.250516 0.978836
vt 0.830917 0.885160
vt 0.831339 0.911870
vt 0.148222 0.790205
vt 0.596618 0.995799
vt 0.596618 0.950419
vt 0.598045 0.995799
vt 0.151510 0.580965
vt 0.152397 0.580961
vt 0.152397 0.674304
vt 0.163879 0.511469
vt 0.162739 0.390676
vt 0.163879 0.389050
vt 0.606663 0.345503
vt 0.606663 0.250906
vt 0.608544 0.345490
vt 0.020051 0.528168
vt 0.003089 0.594346
vt 0.007307 0.594408
vt 0.003089 0.689961
vt 0.274652 0.156572
vt 0.274652 0.060945
vt 0.276611 0.063778
vt 0.700499 0.573054
vt 0.701486 0.480231
vt 0.702487 0.573054
vt 0.018062 0.528168
vt 0.020016 0.411470
vt 0.015657 0.581839
vt 0.012845 0.677436
vt 0.012845 0.579026
vt 0.505947 0.047897
vt 0.507636 0.047059
vt 0.508048 0.050013
vt 0.507615 0.050368
vt 0.498688 0.060717
vt 0.497570 0.058696
vt 0.173928 0.211559
vt 0.171862 0.210271
vt 0.172523 0.134128
vt 0.175361 0.135481
vt 0.175361 0.212938
vt 0.073890 0.759936
vt 0.074306 0.747706
vt 0.076700 0.758849
vt 0.077436 0.760331
vt 0.074937 0.761580
vt 0.496087 0.190260
vt 0.497900 0.190260
vt 0.497537 0.311057
vt 0.015657 0.626881
vt 0.015657 0.720232
vt 0.014256 0.720215
vt 0.013629 0.720205
vt 0.521907 0.246622
vt 0.521907 0.367423
vt 0.520761 0.246633
vt 0.509382 0.051031
vt 0.078493 0.759200
vt 0.668823 0.075239
vt 0.670811 0.075282
vt 0.668823 0.168054
vt 0.687874 0.000085
vt 0.687874 0.092900
vt 0.686467 0.092878
vt 0.683325 0.092808
vt 0.504150 0.710818
vt 0.507294 0.618033
vt 0.507294 0.710838
vt 0.868655 0.676337
vt 0.855609 0.714288
vt 0.866726 0.675673
vt 0.598045 0.950419
vt 0.600299 0.950419
vt 0.600299 0.995799
vt 0.846122 0.741886
vt 0.018029 0.411471
vt 0.014917 0.528168
vt 0.014884 0.411471
vt 0.844193 0.741224
vt 0.853681 0.713624
vt 0.843331 0.740927
vt 0.852818 0.713328
vt 0.865864 0.675378
vt 0.519950 0.246641
vt 0.033192 0.700400
vt 0.033192 0.607055
vt 0.034446 0.607064
vt 0.506919 0.612719
vt 0.506919 0.508659
vt 0.514601 0.612669
vt 0.508734 0.052390
vt 0.502489 0.065665
vt 0.500358 0.063188
vt 0.864138 0.674783
vt 0.601308 0.950419
vt 0.603325 0.950419
vt 0.603325 0.995799
vt 0.601308 0.995799
vt 0.841606 0.740335
vt 0.010666 0.411473
vt 0.013478 0.411472
vt 0.010700 0.528170
vt 0.199385 0.750503
vt 0.199385 0.663987
vt 0.210851 0.663987
vt 0.457516 0.540696
vt 0.457516 0.422979
vt 0.472848 0.538663
vt 0.106830 0.683523
vt 0.100843 0.683128
vt 0.106560 0.665400
vt 0.851093 0.712734
vt 0.100287 0.664866
vt 0.841606 0.709474
vt 0.854651 0.671523
vt 0.672217 0.075312
vt 0.715332 0.461323
vt 0.718144 0.368578
vt 0.718144 0.461366
vt 0.013512 0.528169
vt 0.078971 0.758329
vt 0.077002 0.746487
vt 0.079330 0.745311
vt 0.732758 0.583492
vt 0.717294 0.583258
vt 0.732758 0.490687
vt 0.168964 0.209051
vt 0.165768 0.207770
vt 0.167893 0.133018
vt 0.171120 0.134220
vt 0.780773 0.071818
vt 0.778851 0.073067
vt 0.778851 0.000164
vt 0.199010 0.832964
vt 0.199010 0.756841
vt 0.200412 0.756945
vt 0.860103 0.051575
vt 0.860103 0.123170
vt 0.857387 0.052750
vt 0.815584 0.233463
vt 0.816263 0.240077
vt 0.781478 0.237480
vt 0.781901 0.229913
vt 0.810269 0.197930
vt 0.023141 0.344459
vt 0.023141 0.299736
vt 0.147178 0.300563
vt 0.288093 0.423789
vt 0.164695 0.423789
vt 0.179420 0.384509
vt 0.141959 0.613320
vt 0.141327 0.706663
vt 0.135067 0.613320
vt 0.846673 0.562218
vt 0.849665 0.560971
vt 0.849665 0.632552
vt 0.797474 0.319407
vt 0.795415 0.244638
vt 0.797474 0.243338
vt 0.661924 0.650301
vt 0.737977 0.650028
vt 0.661945 0.743106
vt 0.717294 0.490453
vt 0.825740 0.081086
vt 0.839227 0.103121
vt 0.519910 0.911134
vt 0.527059 0.910597
vt 0.528560 0.937927
vt 0.518007 0.940965
vt 0.509358 0.914171
vt 0.843162 0.920891
vt 0.811354 0.958158
vt 0.819224 0.960452
vt 0.811354 0.987449
vt 0.089469 0.519820
vt 0.089469 0.490531
vt 0.098119 0.493028
vt 0.446753 0.920670
vt 0.439168 0.947784
vt 0.124737 0.579369
vt 0.133608 0.578496
vt 0.133608 0.677436
vt 0.533886 0.240077
vt 0.533886 0.121590
vt 0.535477 0.140551
vt 0.010557 0.767204
vt 0.012526 0.684507
vt 0.012526 0.767204
vt 0.801650 0.425876
vt 0.800385 0.425876
vt 0.800385 0.348119
vt 0.436639 0.443128
vt 0.438402 0.555309
vt 0.436577 0.555309
vt 0.473892 0.125433
vt 0.473892 0.249472
vt 0.464760 0.125433
vt 0.914320 0.993589
vt 0.903897 0.956050
vt 0.913336 0.956006
vt 0.915394 0.976881
vt 0.917454 0.991514
vt 0.920574 0.997887
vt 0.903897 0.993589
vt 0.835439 0.930990
vt 0.849665 0.928774
vt 0.333037 0.482242
vt 0.333037 0.454297
vt 0.340284 0.456491
vt 0.844691 0.937153
vt 0.833312 0.937558
vt 0.229639 0.928511
vt 0.227547 0.945696
vt 0.222736 0.939170
vt 0.224377 0.921926
vt 0.831052 0.944509
vt 0.759486 0.431375
vt 0.755958 0.404893
vt 0.768052 0.404701
vt 0.771166 0.431272
vt 0.428504 0.945165
vt 0.421340 0.944911
vt 0.213818 0.914228
vt 0.217934 0.904677
vt 0.221613 0.898670
vt 0.889371 0.548836
vt 0.700105 0.854204
vt 0.695828 0.836204
vt 0.707358 0.855039
vt 0.702447 0.885391
vt 0.695732 0.884482
vt 0.695255 0.853243
vt 0.131987 0.130540
vt 0.137784 0.131947
vt 0.131987 0.158660
vt 0.414174 0.944655
vt 0.202005 0.478540
vt 0.193418 0.455210
vt 0.201392 0.453885
vt 0.408132 0.815984
vt 0.720967 0.853647
vt 0.722752 0.884836
vt 0.721575 0.885874
vt 0.895593 0.361580
vt 0.892579 0.363248
vt 0.892579 0.333588
vt 0.228006 0.473046
vt 0.229423 0.497540
vt 0.223374 0.474176
vt 0.221473 0.447789
vt 0.225853 0.446372
vt 0.874969 0.547778
vt 0.712089 0.835518
vt 0.711053 0.886289
vt 0.208613 0.451870
vt 0.215705 0.449328
vt 0.229831 0.446206
vt 0.729114 0.782861
vt 0.705186 0.746295
vt 0.734845 0.746295
vt 0.698926 0.552374
vt 0.699910 0.581833
vt 0.667467 0.551400
vt 0.696990 0.549567
vt 0.828064 0.109763
vt 0.830876 0.108359
vt 0.830876 0.185799
vt 0.286005 0.467629
vt 0.282804 0.466358
vt 0.286005 0.438069
vt 0.783873 0.866329
vt 0.783910 0.895888
vt 0.781923 0.895958
vt 0.288781 0.607500
vt 0.288781 0.577808
vt 0.290180 0.607367
vt 0.121771 0.629998
vt 0.123170 0.630132
vt 0.121771 0.659691
vt 0.237653 0.872642
vt 0.239641 0.902268
vt 0.237653 0.902201
vt 0.428938 0.398737
vt 0.428938 0.369178
vt 0.432139 0.397466
vt 0.839227 0.625042
vt 0.836017 0.626289
vt 0.836017 0.550253
vt 0.367423 0.000477
vt 0.367423 0.126302
vt 0.350625 0.000589
vt 0.789124 0.868931
vt 0.789100 0.897087
vt 0.787112 0.897155
vt 0.054278 0.203505
vt 0.052243 0.231727
vt 0.052243 0.202168
vt 0.839255 0.130617
vt 0.841315 0.131916
vt 0.839255 0.206675
vt 0.358312 0.220331
vt 0.343038 0.335768
vt 0.355506 0.219959
vt 0.915421 0.956008
vt 0.917748 0.955888
vt 0.918304 0.975740
vt 0.083743 0.643628
vt 0.117951 0.649762
vt 0.066161 0.658429
vt 0.778262 0.193380
vt 0.760265 0.181747
vt 0.775838 0.175839
vt 0.812697 0.183448
vt 0.065675 0.681341
vt 0.303807 0.131186
vt 0.361160 0.093815
vt 0.361160 0.219201
vt 0.162722 0.091856
vt 0.162722 0.000748
vt 0.185799 0.000748
vt 0.035441 0.726495
vt 0.053346 0.678226
vt 0.440490 0.680691
vt 0.384117 0.767204
vt 0.384117 0.680690
vt 0.737977 0.744240
vt 0.676095 0.194333
vt 0.676093 0.100121
vt 0.704245 0.100541
vt 0.705650 0.194774
vt 0.217666 0.900887
vt 0.088898 0.003281
vt 0.093943 0.001418
vt 0.092465 0.008753
vt 0.088784 0.018639
vt 0.085061 0.001418
vt 0.092708 0.019651
vt 0.092210 0.109601
vt 0.259306 0.450864
vt 0.259600 0.439552
vt 0.273901 0.446763
vt 0.274669 0.458302
vt 0.263627 0.542784
vt 0.793299 0.478067
vt 0.791099 0.396377
vt 0.793299 0.396330
vt 0.835724 0.277538
vt 0.847577 0.202831
vt 0.847577 0.277655
vt 0.388299 0.828789
vt 0.380687 0.828789
vt 0.380687 0.751031
vt 0.451972 0.424176
vt 0.451972 0.491419
vt 0.445453 0.490781
vt 0.579364 0.485374
vt 0.579364 0.373193
vt 0.581405 0.373193
vt 0.798972 0.425876
vt 0.340232 0.335397
vt 0.340232 0.219215
vt 0.930261 0.954443
vt 0.930751 0.972217
vt 0.919976 0.985887
vt 0.932709 0.979479
vt 0.866359 0.970748
vt 0.869920 0.953360
vt 0.879627 0.951747
vt 0.935027 0.986631
vt 0.922099 0.992631
vt 0.546959 0.152349
vt 0.543884 0.219201
vt 0.543884 0.152207
vt 0.546134 0.103291
vt 0.548150 0.269991
vt 0.555309 0.383902
vt 0.548150 0.385168
vt 0.447149 0.540696
vt 0.937346 0.969896
vt 0.331740 0.629420
vt 0.328627 0.620591
vt 0.341510 0.619357
vt 0.343037 0.627228
vt 0.922796 0.996628
vt 0.928105 0.996394
vt 0.907925 0.953079
vt 0.901341 0.951183
vt 0.906296 0.943757
vt 0.912294 0.942668
vt 0.911209 0.953919
vt 0.275567 0.436711
vt 0.259306 0.432045
vt 0.263680 0.425016
vt 0.423645 0.965725
vt 0.422403 0.947787
vt 0.433035 0.964647
vt 0.427573 0.975584
vt 0.138872 0.162039
vt 0.142857 0.168731
vt 0.137360 0.180346
vt 0.725433 0.424582
vt 0.722128 0.423613
vt 0.726567 0.400295
vt 0.744279 0.405030
vt 0.213120 0.906272
vt 0.210631 0.914354
vt 0.208666 0.912442
vt 0.201569 0.904448
vt 0.873422 0.942138
vt 0.883273 0.942558
vt 0.898383 0.958747
vt 0.217013 0.932767
vt 0.209941 0.926707
vt 0.509358 0.943462
vt 0.989536 0.156702
vt 0.989488 0.165705
vt 0.961391 0.157429
vt 0.989481 0.149131
vt 0.826701 0.964097
vt 0.775554 0.403672
vt 0.772527 0.375751
vt 0.975055 0.269304
vt 0.947130 0.265716
vt 0.975923 0.260343
vt 0.977010 0.249416
vt 0.947941 0.257559
vt 0.949029 0.246632
vt 0.976308 0.242281
vt 0.535709 0.937390
vt 0.535336 0.909770
vt 0.542859 0.936863
vt 0.543231 0.964485
vt 0.988032 0.183711
vt 0.959913 0.183634
vt 0.961338 0.176608
vt 0.989458 0.176686
vt 0.140274 0.206300
vt 0.046732 0.240077
vt 0.132469 0.201226
vt 0.142386 0.185609
vt 0.144945 0.186461
vt 0.145355 0.203290
vt 0.239034 0.240077
vt 0.377861 0.772643
vt 0.377861 0.845490
vt 0.372293 0.845490
vt 0.383011 0.111123
vt 0.386211 0.064397
vt 0.384798 0.111160
vt 0.383192 0.188901
vt 0.134159 0.548003
vt 0.134159 0.481062
vt 0.135696 0.481098
vt 0.818954 0.191898
vt 0.822526 0.114222
vt 0.822526 0.192062
vt 0.557992 0.383080
vt 0.557992 0.269168
vt 0.561572 0.383080
vt 0.306304 0.622086
vt 0.306215 0.618139
vt 0.328538 0.616645
vt 0.936124 0.953231
vt 0.145719 0.170563
vt 0.543612 0.908931
vt 0.551134 0.936026
vt 0.615851 0.031314
vt 0.607532 0.031314
vt 0.609910 0.003795
vt 0.574419 0.640520
vt 0.580361 0.668041
vt 0.572043 0.668041
vt 0.975605 0.235147
vt 0.948326 0.239497
vt 0.947728 0.231201
vt 0.975006 0.226851
vt 0.988032 0.137122
vt 0.961361 0.149230
vt 0.959913 0.138529
vt 0.630108 0.307371
vt 0.649132 0.307695
vt 0.630213 0.313900
vt 0.740568 0.377153
vt 0.753601 0.376835
vt 0.974262 0.219583
vt 0.947130 0.222904
vt 0.715290 0.614891
vt 0.699717 0.609681
vt 0.703228 0.603855
vt 0.555309 0.125068
vt 0.548543 0.152397
vt 0.548003 0.125068
vt 0.409064 0.815961
vt 0.435810 0.825850
vt 0.085593 0.379949
vt 0.083605 0.350357
vt 0.085593 0.350357
vt 0.388496 0.843402
vt 0.228574 0.446525
vt 0.218361 0.428520
vt 0.068892 0.045595
vt 0.068892 0.075155
vt 0.066905 0.075088
vt 0.224499 0.427345
vt 0.339827 0.614415
vt 0.347402 0.611442
vt 0.867051 0.948192
vt 0.869372 0.938495
vt 0.904092 0.940533
vt 0.885750 0.930758
vt 0.803296 0.325750
vt 0.820741 0.335646
vt 0.802689 0.345379
vt 0.799308 0.344158
vt 0.799852 0.323488
vt 0.717527 0.886795
vt 0.739021 0.902425
vt 0.667037 0.312062
vt 0.682448 0.313936
vt 0.681522 0.320516
vt 0.721456 0.903943
vt 0.139871 0.029227
vt 0.134248 0.029227
vt 0.135654 0.001105
vt 0.717765 0.589637
vt 0.701959 0.596582
vt 0.702316 0.590072
vt 0.557131 0.743196
vt 0.557131 0.715042
vt 0.561572 0.742986
vt 0.543611 0.327835
vt 0.544699 0.260921
vt 0.544827 0.327855
vt 0.544030 0.376817
vt 0.009707 0.000906
vt 0.012526 0.114820
vt 0.009696 0.114820
vt 0.135284 0.432106
vt 0.327224 0.613490
vt 0.338805 0.611154
vt 0.386211 0.111186
vt 0.042248 0.000253
vt 0.077000 0.114102
vt 0.076253 0.115995
vt 0.032138 0.101768
vt 0.032898 0.054994
vt 0.033402 0.101789
vt 0.032138 0.179536
vt 0.545915 0.260941
vt 0.545915 0.327873
vt 0.384803 0.188930
vt 0.306297 0.614992
vt 0.306283 0.612202
vt 0.327651 0.610640
vt 0.101242 0.113246
vt 0.101863 0.114347
vt 0.078898 0.118555
vt 0.042248 0.227552
vt 0.535229 0.067939
vt 0.535229 0.001016
vt 0.566791 0.067939
vt 0.535229 0.116907
vt 0.556353 0.384124
vt 0.553822 0.270240
vt 0.556353 0.270184
vt 0.429594 0.980848
vt 0.437170 0.973711
vt 0.439420 0.978482
vt 0.430209 0.983371
vt 0.422403 0.990471
vt 0.122126 0.113230
vt 0.631066 0.326335
vt 0.622653 0.323324
vt 0.631268 0.324318
vt 0.648264 0.325830
vt 0.648116 0.327123
vt 0.632686 0.328651
vt 0.622046 0.331913
vt 0.197490 0.911473
vt 0.723452 0.400718
vt 0.720198 0.399562
vt 0.722454 0.373848
vt 0.724431 0.373627
vt 0.425368 0.991624
vt 0.433633 0.985694
vt 0.803099 0.549193
vt 0.811509 0.553396
vt 0.804501 0.626289
vt 0.790486 0.626289
vt 0.790486 0.546390
vt 0.103499 0.116503
vt 0.292503 0.070705
vt 0.325670 0.086347
vt 0.305145 0.128389
vt 0.803970 0.078825
vt 0.803970 0.001581
vt 0.841315 0.030351
vt 0.804625 0.079330
vt 0.826701 0.187887
vt 0.826069 0.187887
vt 0.826069 0.110129
vt 0.501531 0.431067
vt 0.502075 0.497990
vt 0.501531 0.497990
vt 0.325670 0.000377
vt 0.219201 0.508287
vt 0.165680 0.542784
vt 0.165680 0.425249
vt 0.501531 0.546959
vt 0.145036 0.639858
vt 0.145036 0.541061
vt 0.146134 0.639846
vt 0.209662 0.112911
vt 0.210483 0.113630
vt 0.195446 0.125926
vt 0.196237 0.920645
vt 0.178674 0.920645
vt 0.179772 0.858068
vt 0.306215 0.531215
vt 0.445992 0.966456
vt 0.449460 0.974554
vt 0.877238 0.931829
vt 0.872726 0.929635
vt 0.872076 0.922097
vt 0.826334 0.332109
vt 0.828977 0.339618
vt 0.810000 0.809087
vt 0.798801 0.812088
vt 0.798856 0.731919
vt 0.917136 0.058612
vt 0.924820 0.118995
vt 0.917136 0.118995
vt 0.858015 0.330169
vt 0.858015 0.400825
vt 0.851823 0.333741
vt 0.339267 0.608401
vt 0.345466 0.605197
vt 0.346380 0.608181
vt 0.352809 0.603599
vt 0.866998 0.935601
vt 0.870080 0.928725
vt 0.196808 0.908505
vt 0.627490 0.340084
vt 0.636780 0.338951
vt 0.630220 0.345122
vt 0.440079 0.980769
vt 0.450880 0.980198
vt 0.451023 0.982583
vt 0.440697 0.984346
vt 0.815715 0.559001
vt 0.819922 0.567410
vt 0.824190 0.582872
vt 0.825559 0.603897
vt 0.974918 0.041283
vt 0.967029 0.073067
vt 0.957718 0.053110
vt 0.968748 0.037512
vt 0.974317 0.037914
vt 0.989536 0.034839
vt 0.845009 0.338053
vt 0.840295 0.345638
vt 0.837347 0.342911
vt 0.058454 0.095704
vt 0.056054 0.104381
vt 0.056054 0.093673
vt 0.351896 0.600616
vt 0.463454 0.978420
vt 0.113849 0.131521
vt 0.113849 0.115245
vt 0.118995 0.116338
vt 0.462672 0.987331
vt 0.866359 0.919452
vt 0.834935 0.341921
vt 0.839588 0.337120
vt 0.833138 0.357680
vt 0.828134 0.356347
vt 0.834369 0.335435
vt 0.961368 0.165627
vt 0.811443 0.787810
vt 0.812770 0.780712
vt 0.843277 0.791439
vt 0.812237 0.794874
vt 0.764401 0.376844
vt 0.343714 0.772423
vt 0.332958 0.771364
vt 0.343361 0.744246
vt 0.350935 0.744009
vt 0.351916 0.772138
vt 0.683679 0.368467
vt 0.682811 0.358382
vt 0.717101 0.367720
vt 0.844047 0.783768
vt 0.360116 0.771852
vt 0.359937 0.743615
vt 0.701354 0.645077
vt 0.667467 0.644441
vt 0.702183 0.634895
vt 0.820160 0.352486
vt 0.821071 0.376302
vt 0.802867 0.372299
vt 0.702307 0.628054
vt 0.670272 0.633948
vt 0.671568 0.626951
vt 0.702726 0.619876
vt 0.822695 0.565948
vt 0.829076 0.579699
vt 0.827227 0.581271
vt 0.450382 0.985300
vt 0.646791 0.315774
vt 0.813638 0.818085
vt 0.813100 0.805322
vt 0.848393 0.809589
vt 0.843290 0.822101
vt 0.814878 0.834287
vt 0.683208 0.902424
vt 0.681760 0.335199
vt 0.664477 0.340061
vt 0.679557 0.327326
vt 0.711365 0.333521
vt 0.711857 0.343217
vt 0.682199 0.343499
vt 0.480375 0.502103
vt 0.488505 0.503859
vt 0.480375 0.530258
vt 0.672658 0.619711
vt 0.673102 0.609932
vt 0.648761 0.329347
vt 0.652288 0.339608
vt 0.638426 0.343789
vt 0.701301 0.903166
vt 0.664648 0.326553
vt 0.711593 0.326053
vt 0.683143 0.309578
vt 0.672395 0.296726
vt 0.684709 0.307461
vt 0.714888 0.308999
vt 0.713758 0.313122
vt 0.669693 0.303689
vt 0.043987 0.039333
vt 0.045928 0.067421
vt 0.043987 0.068892
vt 0.701293 0.583672
vt 0.700248 0.586281
vt 0.669555 0.585078
vt 0.668986 0.583267
vt 0.711512 0.569586
vt 0.718144 0.597637
vt 0.672841 0.602387
vt 0.671460 0.594961
vt 0.670619 0.589306
vt 0.714411 0.579566
vt 0.835109 0.359023
vt 0.837864 0.360222
vt 0.835944 0.380956
vt 0.833141 0.380874
vt 0.304308 0.764924
vt 0.302318 0.764934
vt 0.305152 0.738162
vt 0.320968 0.742064
vt 0.319954 0.770263
vt 0.832964 0.601976
vt 0.829836 0.602179
vt 0.696467 0.939951
vt 0.690428 0.933888
vt 0.697899 0.936956
vt 0.702406 0.939654
vt 0.704602 0.957749
vt 0.264085 0.763012
vt 0.244141 0.769989
vt 0.238027 0.748250
vt 0.838395 0.382557
vt 0.814189 0.836256
vt 0.842709 0.837693
vt 0.842001 0.839033
vt 0.814144 0.839470
vt 0.200751 0.749676
vt 0.218259 0.748683
vt 0.208659 0.775244
vt 0.299182 0.763504
vt 0.299182 0.736766
vt 0.303162 0.738173
vt 0.719201 0.372717
vt 0.654250 0.344295
vt 0.153651 0.916976
vt 0.162048 0.914802
vt 0.160826 0.940141
vt 0.153173 0.941058
vt 0.149125 0.918119
vt 0.655516 0.346546
vt 0.639434 0.346546
vt 0.829030 0.379170
vt 0.226940 0.748880
vt 0.231611 0.748960
vt 0.232914 0.772240
vt 0.225247 0.773097
vt 0.145994 0.917807
vt 0.148003 0.942057
vt 0.144872 0.941744
vt 0.142723 0.918894
vt 0.234592 0.747939
vt 0.241161 0.771010
vt 0.238181 0.772030
vt 0.843388 0.798497
vt 0.933170 0.052114
vt 0.932304 0.058711
vt 0.911792 0.044800
vt 0.916897 0.037498
vt 0.859659 0.790119
vt 0.714283 0.357325
vt 0.682653 0.351603
vt 0.712970 0.350391
vt 0.679341 0.949299
vt 0.672214 0.947005
vt 0.679488 0.917060
vt 0.688084 0.920758
vt 0.686632 0.954047
vt 0.350582 0.715832
vt 0.358780 0.715494
vt 0.914382 0.131521
vt 0.879723 0.126194
vt 0.911554 0.122701
vt 0.332603 0.743186
vt 0.331693 0.715055
vt 0.342450 0.716115
vt 0.667276 0.945925
vt 0.671863 0.914852
vt 0.717101 0.275603
vt 0.686074 0.276640
vt 0.687988 0.273839
vt 0.780516 0.894552
vt 0.783338 0.866399
vt 0.780504 0.924112
vt 0.743958 0.898752
vt 0.715928 0.305980
vt 0.683971 0.306018
vt 0.909533 0.116276
vt 0.882191 0.117632
vt 0.880457 0.111200
vt 0.908055 0.109464
vt 0.668534 0.582009
vt 0.241046 0.900862
vt 0.277609 0.905015
vt 0.241094 0.930420
vt 0.238188 0.872711
vt 0.787088 0.925310
vt 0.783947 0.925448
vt 0.787075 0.867596
vt 0.234453 0.903471
vt 0.234453 0.873912
vt 0.237652 0.931761
vt 0.234511 0.931627
vt 0.232465 0.903406
vt 0.232406 0.875250
vt 0.281882 0.081085
vt 0.283918 0.109307
vt 0.281882 0.110644
vt 0.907918 0.099833
vt 0.877551 0.102778
vt 0.878377 0.094035
vt 0.908287 0.092032
vt 0.712935 0.318706
vt 0.382543 0.945686
vt 0.383086 0.939046
vt 0.409993 0.945371
vt 0.408999 0.952970
vt 0.380493 0.953828
vt 0.816263 0.171288
vt 0.436457 0.000285
vt 0.453016 0.000174
vt 0.453016 0.124214
vt 0.371052 0.125258
vt 0.371052 0.000226
vt 0.388299 0.002413
vt 0.388199 0.360116
vt 0.265356 0.342870
vt 0.390387 0.342870
vt 0.053854 0.653766
vt 0.043512 0.672635
vt 0.044364 0.652307
vt 0.035441 0.632241
vt 0.768045 0.158872
vt 0.782064 0.168673
vt 0.051354 0.634239
vt 0.911172 0.078364
vt 0.909374 0.084248
vt 0.880460 0.078829
vt 0.881980 0.071858
vt 0.912784 0.073884
vt 0.715441 0.307198
vt 0.382964 0.931955
vt 0.382707 0.930611
vt 0.411094 0.931896
vt 0.410865 0.933788
vt 0.383137 0.934017
vt 0.913588 0.071977
vt 0.882809 0.067592
vt 0.883173 0.065731
vt 0.914204 0.070703
vt 0.204443 0.774953
vt 0.210643 0.801027
vt 0.207597 0.801827
vt 0.305835 0.711584
vt 0.488505 0.497537
vt 0.476911 0.498943
vt 0.476911 0.470824
vt 0.301949 0.327758
vt 0.301949 0.298636
vt 0.313144 0.301962
vt 0.862191 0.840056
vt 0.842820 0.843533
vt 0.860255 0.855928
vt 0.110644 0.016701
vt 0.108742 0.001641
vt 0.110644 0.000946
vt 0.177448 0.938443
vt 0.177448 0.965254
vt 0.811443 0.854887
vt 0.229800 0.798065
vt 0.213957 0.801049
vt 0.161555 0.965655
vt 0.153901 0.966572
vt 0.241770 0.796121
vt 0.237464 0.797258
vt 0.149456 0.966346
vt 0.146346 0.966033
vt 0.141741 0.941432
vt 0.721094 0.939407
vt 0.730670 0.958222
vt 0.244751 0.795101
vt 0.341539 0.687984
vt 0.349601 0.687704
vt 0.930386 0.064717
vt 0.908454 0.051309
vt 0.881057 0.044186
vt 0.189675 0.559485
vt 0.189675 0.530194
vt 0.198325 0.532692
vt 0.407088 0.001086
vt 0.406188 0.029227
vt 0.396107 0.001086
vt 0.909800 0.024631
vt 0.922639 0.018345
vt 0.881876 0.035482
vt 0.879956 0.023504
vt 0.907104 0.013806
vt 0.320050 0.714014
vt 0.319183 0.687300
vt 0.330782 0.686925
vt 0.663200 0.914820
vt 0.658005 0.946913
vt 0.405539 0.967030
vt 0.377722 0.960106
vt 0.408749 0.960351
vt 0.423789 0.981186
vt 0.444944 0.816569
vt 0.440094 0.838603
vt 0.436531 0.834339
vt 0.646148 0.896280
vt 0.865257 0.126229
vt 0.881334 0.295878
vt 0.887242 0.322603
vt 0.880212 0.324009
vt 0.863348 0.112678
vt 0.465541 0.849863
vt 0.464000 0.857681
vt 0.438593 0.849400
vt 0.781910 0.924113
vt 0.237983 0.986512
vt 0.236636 0.988541
vt 0.208425 0.986373
vt 0.208431 0.984967
vt 0.237990 0.985106
vt 0.239688 0.930423
vt 0.491083 0.732701
vt 0.490624 0.734030
vt 0.462685 0.724378
vt 0.463144 0.723049
vt 0.490484 0.730341
vt 0.879562 0.086354
vt 0.470982 0.789160
vt 0.470261 0.796431
vt 0.443732 0.787000
vt 0.444453 0.779731
vt 0.471704 0.781891
vt 0.205854 0.373959
vt 0.328802 0.390387
vt 0.203769 0.390387
vt 0.235410 0.993712
vt 0.207256 0.993544
vt 0.207198 0.991556
vt 0.236756 0.991682
vt 0.789124 0.926646
vt 0.232477 0.932965
vt 0.491038 0.725056
vt 0.491637 0.727417
vt 0.463702 0.717753
vt 0.464415 0.715896
vt 0.741776 0.239486
vt 0.766912 0.239486
vt 0.743030 0.323582
vt 0.733802 0.100981
vt 0.733802 0.195193
vt 0.860876 0.853465
vt 0.903426 0.001470
vt 0.877291 0.012718
vt 0.148473 0.051976
vt 0.141863 0.037044
vt 0.150309 0.036371
vt 0.150309 0.052191
vt 0.410382 0.938180
vt 0.463340 0.874010
vt 0.463872 0.878981
vt 0.437419 0.870757
vt 0.437050 0.865001
vt 0.462887 0.865865
vt 0.473724 0.775157
vt 0.445175 0.772461
vt 0.446791 0.767074
vt 0.475002 0.770899
vt 0.743947 0.926907
vt 0.235353 0.948537
vt 0.207198 0.948405
vt 0.464612 0.882427
vt 0.438144 0.878992
vt 0.437944 0.877838
vt 0.464233 0.881067
vt 0.411274 0.930611
vt 0.883425 0.064452
vt 0.476033 0.767665
vt 0.475573 0.768994
vt 0.448962 0.759801
vt 0.449421 0.758472
vt 0.277655 0.933170
vt 0.220276 0.826770
vt 0.216943 0.826541
vt 0.277521 0.306882
vt 0.277521 0.279066
vt 0.290180 0.306882
vt 0.181026 0.922086
vt 0.198325 0.929784
vt 0.181026 0.968660
vt 0.040348 0.933719
vt 0.060541 0.979098
vt 0.040347 0.979098
vt 0.768165 0.323583
vt 0.358479 0.589187
vt 0.382036 0.589187
vt 0.358479 0.686830
vt 0.774222 0.711882
vt 0.774222 0.667418
vt 0.784949 0.667418
vt 0.653878 0.295399
vt 0.677435 0.197758
vt 0.677436 0.295399
vt 0.772209 0.709622
vt 0.772744 0.712925
vt 0.740927 0.708728
vt 0.741774 0.705241
vt 0.771074 0.693805
vt 0.241801 0.822437
vt 0.238765 0.823276
vt 0.126583 0.963858
vt 0.773923 0.657681
vt 0.770720 0.677508
vt 0.746909 0.657374
vt 0.745370 0.655789
vt 0.775131 0.656226
vt 0.951524 0.026229
vt 0.952541 0.024993
vt 0.968020 0.035264
vt 0.989487 0.033796
vt 0.988682 0.029970
vt 0.400825 0.916469
vt 0.397415 0.916469
vt 0.397415 0.855276
vt 0.198325 0.840569
vt 0.198325 0.901856
vt 0.194921 0.901666
vt 0.024225 0.062629
vt 0.024225 0.001436
vt 0.025052 0.062629
vt 0.197107 0.126572
vt 0.217579 0.112992
vt 0.202379 0.127011
vt 0.691139 0.932814
vt 0.694107 0.928362
vt 0.954831 0.598549
vt 0.953637 0.619184
vt 0.926326 0.616579
vt 0.928431 0.593339
vt 0.956134 0.595172
vt 0.770818 0.685625
vt 0.742279 0.687104
vt 0.742748 0.683967
vt 0.770741 0.680885
vt 0.817834 0.271392
vt 0.817834 0.193591
vt 0.820438 0.193679
vt 0.547232 0.230776
vt 0.547232 0.163851
vt 0.548003 0.230776
vt 0.547232 0.279742
vt 0.609957 0.303750
vt 0.609957 0.197874
vt 0.614807 0.197874
vt 0.545915 0.497990
vt 0.543672 0.546959
vt 0.543672 0.497990
vt 0.543672 0.431067
vt 0.974035 0.033590
vt 0.969386 0.030939
vt 0.972597 0.031043
vt 0.988032 0.027535
vt 0.936176 0.366773
vt 0.937346 0.427964
vt 0.936176 0.427964
vt 0.934522 0.366773
vt 0.002088 0.803737
vt 0.000823 0.803737
vt 0.000823 0.725980
vt 0.545870 0.349650
vt 0.546959 0.416573
vt 0.545870 0.416573
vt 0.370704 0.814175
vt 0.370704 0.736418
vt 0.371598 0.814175
vt 0.060541 0.897681
vt 0.059372 0.897681
vt 0.059372 0.836489
vt 0.219535 0.113325
vt 0.237990 0.009922
vt 0.545870 0.465541
vt 0.524774 0.599150
vt 0.527116 0.493273
vt 0.527126 0.599150
vt 0.220148 0.115247
vt 0.204082 0.127557
vt 0.700264 0.933362
vt 0.695604 0.926988
vt 0.702731 0.931370
vt 0.704851 0.933683
vt 0.703956 0.938137
vt 0.720800 0.937900
vt 0.988937 0.024993
vt 0.973983 0.028544
vt 0.793299 0.628956
vt 0.787334 0.639682
vt 0.752217 0.629084
vt 0.934522 0.427964
vt 0.909715 0.427964
vt 0.909715 0.366773
vt 0.205902 0.129014
vt 0.237990 0.150448
vt 0.222760 0.160747
vt 0.697568 0.925098
vt 0.730670 0.903523
vt 0.705344 0.929852
vt 0.025526 0.644950
vt 0.025125 0.640993
vt 0.027139 0.643787
vt 0.025125 0.659691
vt 0.785022 0.644830
vt 0.775509 0.651239
vt 0.775426 0.649353
vt 0.775704 0.647939
vt 0.025052 0.065459
vt 0.022358 0.079330
vt 0.022358 0.064651
vt 0.972708 0.027505
vt 0.273655 0.404998
vt 0.397693 0.374746
vt 0.397693 0.405000
vt 0.901856 0.295268
vt 0.901856 0.361160
vt 0.884713 0.295268
vt 0.137017 0.258212
vt 0.151353 0.298531
vt 0.023622 0.298531
vt 0.597112 0.654472
vt 0.597112 0.548154
vt 0.632552 0.548154
vt 0.632552 0.654472
vt 0.891418 0.384124
vt 0.875095 0.384124
vt 0.875095 0.317199
vt 0.706198 0.932222
vt 0.719996 0.928751
vt 0.720499 0.930143
vt 0.720776 0.932081
vt 0.747603 0.646663
vt 0.784052 0.648414
vt 0.954927 0.626894
vt 0.955614 0.628799
vt 0.927775 0.630018
vt 0.927999 0.627832
vt 0.953452 0.620853
vt 0.748481 0.643734
vt 0.736454 0.628956
vt 0.977010 0.421701
vt 0.959262 0.399635
vt 0.977010 0.378483
vt 0.547416 0.476401
vt 0.588712 0.494258
vt 0.547416 0.589755
vt 0.640902 0.557397
vt 0.595910 0.453356
vt 0.640902 0.453355
vt 0.188930 0.794722
vt 0.188449 0.818351
vt 0.144037 0.808976
vt 0.151381 0.783719
vt 0.177709 0.773125
vt 0.932532 0.642483
vt 0.919831 0.647165
vt 0.928719 0.631153
vt 0.956134 0.630114
vt 0.877291 0.053261
vt 0.594411 0.706735
vt 0.602991 0.709630
vt 0.593436 0.733783
vt 0.587347 0.705078
vt 0.904235 0.059112
vt 0.613863 0.974923
vt 0.613863 0.945032
vt 0.624201 0.971220
vt 0.613882 0.712924
vt 0.601456 0.736967
vt 0.695180 0.896280
vt 0.932403 0.086699
vt 0.938311 0.059971
vt 0.939433 0.088104
vt 0.932403 0.114820
vt 0.615456 0.739180
vt 0.664905 0.750317
vt 0.673827 0.748364
vt 0.671724 0.775323
vt 0.663418 0.776917
vt 0.653542 0.752465
vt 0.342371 0.450928
vt 0.331390 0.450928
vt 0.332290 0.422787
vt 0.691679 0.747435
vt 0.702487 0.745265
vt 0.690698 0.768925
vt 0.679812 0.774553
vt 0.681018 0.747486
vt 0.576803 0.703899
vt 0.585444 0.732407
vt 0.575113 0.729597
vt 0.566176 0.700646
vt 0.352042 0.077242
vt 0.352042 0.049123
vt 0.359072 0.075837
vt 0.622431 0.936273
vt 0.626289 0.941521
vt 0.593073 0.941521
vt 0.590642 0.934341
vt 0.618242 0.928177
vt 0.442317 0.796431
vt 0.863348 0.097288
vt 0.553857 0.697997
vt 0.564754 0.727559
vt 0.235789 0.560420
vt 0.220372 0.567835
vt 0.220083 0.559488
vt 0.235902 0.559255
vt 0.740299 0.710573
vt 0.215152 0.827595
vt 0.911697 0.633723
vt 0.911405 0.635883
vt 0.881770 0.637739
vt 0.885965 0.625038
vt 0.918557 0.620711
vt 0.200751 0.828789
vt 0.437736 0.857311
vt 0.410314 0.865728
vt 0.410385 0.856581
vt 0.208482 0.988361
vt 0.940506 0.773965
vt 0.943709 0.775234
vt 0.940518 0.803532
vt 0.938530 0.803600
vt 0.938518 0.774032
vt 0.463856 0.721193
vt 0.328671 0.407584
vt 0.329361 0.406619
vt 0.350132 0.429975
vt 0.348960 0.431524
vt 0.328438 0.410039
vt 0.615843 0.920547
vt 0.587548 0.926940
vt 0.585107 0.918198
vt 0.614305 0.912976
vt 0.437667 0.875024
vt 0.409329 0.883235
vt 0.409500 0.879021
vt 0.448069 0.762816
vt 0.616469 0.902438
vt 0.615220 0.906731
vt 0.584047 0.903740
vt 0.586807 0.900491
vt 0.275567 0.935927
vt 0.262767 0.962964
vt 0.272490 0.935841
vt 0.235275 0.557329
vt 0.219373 0.558244
vt 0.219569 0.556405
vt 0.219778 0.546944
vt 0.235670 0.546273
vt 0.910139 0.639448
vt 0.916293 0.658752
vt 0.883974 0.662138
vt 0.880153 0.642202
vt 0.880403 0.640256
vt 0.053859 0.199789
vt 0.073067 0.158675
vt 0.073067 0.208763
vt 0.450928 0.124214
vt 0.433543 0.124214
vt 0.434369 0.000175
vt 0.382036 0.088844
vt 0.382036 0.213982
vt 0.364804 0.211681
vt 0.002310 0.376047
vt 0.125258 0.392474
vt 0.000225 0.392474
vt 0.662640 0.047280
vt 0.672626 0.025066
vt 0.671518 0.047562
vt 0.681611 0.098119
vt 0.404667 0.563660
vt 0.404667 0.446965
vt 0.434227 0.446965
vt 0.619550 0.167010
vt 0.644386 0.068960
vt 0.644385 0.167010
vt 0.649531 0.042978
vt 0.662158 0.025621
vt 0.646889 0.024263
vt 0.634256 0.008342
vt 0.305838 0.333468
vt 0.258570 0.318965
vt 0.275839 0.308229
vt 0.681611 0.000068
vt 0.747772 0.644778
vt 0.735693 0.632414
vt 0.157254 0.546959
vt 0.157254 0.524463
vt 0.158660 0.524463
vt 0.926251 0.618706
vt 0.916232 0.630031
vt 0.183490 0.753976
vt 0.175978 0.770070
vt 0.170062 0.759120
vt 0.911623 0.615873
vt 0.742951 0.680868
vt 0.235902 0.542585
vt 0.235851 0.544433
vt 0.220010 0.543254
vt 0.220524 0.529905
vt 0.235709 0.528312
vt 0.787036 0.509382
vt 0.762812 0.507865
vt 0.766785 0.482207
vt 0.918557 0.664190
vt 0.895177 0.682655
vt 0.888114 0.666218
vt 0.917385 0.661562
vt 0.928899 0.590575
vt 0.583643 0.762110
vt 0.574503 0.760608
vt 0.687392 0.804383
vt 0.678393 0.804747
vt 0.651389 0.776604
vt 0.667933 0.806327
vt 0.656389 0.808993
vt 0.644743 0.782560
vt 0.627747 0.772258
vt 0.887242 0.350722
vt 0.563880 0.758565
vt 0.508995 0.637215
vt 0.532836 0.626597
vt 0.539715 0.633692
vt 0.514846 0.650745
vt 0.872644 0.615947
vt 0.926150 0.001449
vt 0.937345 0.027245
vt 0.926150 0.030571
vt 0.196237 0.427188
vt 0.187944 0.455103
vt 0.184558 0.427188
vt 0.698473 0.769215
vt 0.409084 0.840844
vt 0.410004 0.848017
vt 0.618697 0.747442
vt 0.625846 0.747939
vt 0.611039 0.772471
vt 0.604735 0.768647
vt 0.634639 0.739685
vt 0.632319 0.751830
vt 0.617393 0.777121
vt 0.515885 0.653090
vt 0.544996 0.646414
vt 0.546857 0.647283
vt 0.516382 0.654697
vt 0.867068 0.633525
vt 0.941521 0.421701
vt 0.939538 0.395056
vt 0.941521 0.394908
vt 0.868654 0.628024
vt 0.637523 0.785956
vt 0.649542 0.812152
vt 0.642581 0.816119
vt 0.630541 0.789140
vt 0.937122 0.802196
vt 0.937112 0.774033
vt 0.937089 0.831761
vt 0.900554 0.803559
vt 0.900546 0.775450
vt 0.038411 0.676392
vt 0.038411 0.651226
vt 0.039665 0.651289
vt 0.436073 0.715185
vt 0.231094 0.937678
vt 0.271311 0.935475
vt 0.258370 0.962640
vt 0.350284 0.428319
vt 0.384124 0.406619
vt 0.374734 0.437047
vt 0.600875 0.347590
vt 0.600875 0.243535
vt 0.602281 0.327904
vt 0.138014 0.968777
vt 0.139871 0.985496
vt 0.136425 0.969339
vt 0.154485 0.511469
vt 0.153475 0.511469
vt 0.153475 0.387432
vt 0.289645 0.747371
vt 0.289645 0.681476
vt 0.290180 0.681481
vt 0.290264 0.279968
vt 0.321495 0.159925
vt 0.321495 0.288093
vt 0.584536 0.257683
vt 0.548919 0.270348
vt 0.548919 0.157509
vt 0.526834 0.121082
vt 0.526834 0.000731
vt 0.528170 0.039512
vt 0.855928 0.065724
vt 0.854790 0.137784
vt 0.854747 0.065724
vt 0.128598 0.877170
vt 0.128613 0.875776
vt 0.150913 0.877408
vt 0.176884 0.771396
vt 0.187738 0.766729
vt 0.157510 0.773911
vt 0.157379 0.772220
vt 0.186374 0.764059
vt 0.530357 0.576654
vt 0.532345 0.599150
vt 0.530357 0.599150
vt 0.736964 0.641542
vt 0.568667 0.944925
vt 0.551295 0.966389
vt 0.557923 0.940956
vt 0.562891 0.922599
vt 0.564325 0.924162
vt 0.570990 0.943268
vt 0.597062 0.948340
vt 0.548962 0.966572
vt 0.554603 0.940675
vt 0.548962 0.916491
vt 0.155871 0.770476
vt 0.146939 0.759317
vt 0.169145 0.755647
vt 0.762812 0.482362
vt 0.219959 0.545102
vt 0.517022 0.675608
vt 0.517897 0.671881
vt 0.546590 0.670023
vt 0.545651 0.673049
vt 0.516144 0.679099
vt 0.885462 0.663681
vt 0.879864 0.681919
vt 0.614007 0.897681
vt 0.599501 0.877134
vt 0.600463 0.874795
vt 0.877449 0.677675
vt 0.409524 0.873327
vt 0.253249 0.059525
vt 0.258866 0.059806
vt 0.253249 0.087680
vt 0.279389 0.900360
vt 0.303177 0.917283
vt 0.294678 0.921026
vt 0.722320 0.617483
vt 0.720426 0.645077
vt 0.715014 0.617483
vt 0.583518 0.909362
vt 0.570288 0.914794
vt 0.864016 0.822123
vt 0.873470 0.806489
vt 0.884103 0.806180
vt 0.569427 0.897389
vt 0.943660 0.803397
vt 0.945696 0.775167
vt 0.945696 0.804735
vt 0.943673 0.832964
vt 0.940470 0.831695
vt 0.347208 0.433989
vt 0.327247 0.411008
vt 0.372492 0.439695
vt 0.371799 0.442822
vt 0.346804 0.436294
vt 0.370759 0.444484
vt 0.330996 0.526083
vt 0.679553 0.290180
vt 0.678147 0.195979
vt 0.707706 0.195979
vt 0.793299 0.239486
vt 0.409173 0.886073
vt 0.409084 0.887242
vt 0.056366 0.085593
vt 0.054960 0.085593
vt 0.056366 0.057441
vt 0.895693 0.620026
vt 0.895693 0.591870
vt 0.897681 0.591940
vt 0.085593 0.506278
vt 0.085593 0.534433
vt 0.082450 0.506348
vt 0.259818 0.963145
vt 0.275567 0.983273
vt 0.912294 0.820947
vt 0.896307 0.804524
vt 0.897997 0.804462
vt 0.251384 0.982121
vt 0.266905 0.342371
vt 0.240846 0.318860
vt 0.241471 0.264638
vt 0.262443 0.259967
vt 0.566109 0.781817
vt 0.799198 0.629184
vt 0.818558 0.646269
vt 0.808501 0.647442
vt 0.557701 0.774555
vt 0.937345 0.056366
vt 0.131520 0.535540
vt 0.131521 0.563660
vt 0.120813 0.563660
vt 0.696044 0.798546
vt 0.702487 0.819816
vt 0.593732 0.764792
vt 0.695180 0.825657
vt 0.509302 0.785992
vt 0.501627 0.760155
vt 0.516716 0.783311
vt 0.850923 0.641033
vt 0.857163 0.646346
vt 0.834063 0.661361
vt 0.825207 0.654087
vt 0.840766 0.634404
vt 0.959110 0.381803
vt 0.957449 0.399473
vt 0.957602 0.381969
vt 0.103865 0.965811
vt 0.103497 0.963975
vt 0.108434 0.966759
vt 0.109340 0.977011
vt 0.150943 0.874619
vt 0.159266 0.878892
vt 0.152400 0.775862
vt 0.151078 0.773747
vt 0.528514 0.780701
vt 0.511546 0.756833
vt 0.523354 0.754091
vt 0.536362 0.778235
vt 0.542755 0.608002
vt 0.152200 0.204588
vt 0.152200 0.175465
vt 0.162835 0.180081
vt 0.550435 0.625693
vt 0.939538 0.368264
vt 0.176247 0.609674
vt 0.187218 0.626663
vt 0.172187 0.631186
vt 0.951959 0.357234
vt 0.951301 0.386211
vt 0.938811 0.362599
vt 0.938811 0.332379
vt 0.538881 0.696166
vt 0.508995 0.701375
vt 0.569376 0.683782
vt 0.544728 0.703531
vt 0.115395 0.945500
vt 0.123638 0.948688
vt 0.120520 0.950655
vt 0.111690 0.947670
vt 0.103497 0.928851
vt 0.144037 0.756346
vt 0.172732 0.858346
vt 0.172040 0.862473
vt 0.165719 0.857170
vt 0.166860 0.853950
vt 0.192918 0.828084
vt 0.196237 0.852433
vt 0.819385 0.004766
vt 0.843402 0.000277
vt 0.843402 0.027139
vt 0.162780 0.737006
vt 0.544834 0.651556
vt 0.569438 0.659175
vt 0.569059 0.662221
vt 0.546618 0.666774
vt 0.868610 0.651378
vt 0.600483 0.855499
vt 0.615851 0.871163
vt 0.597945 0.870831
vt 0.570133 0.860660
vt 0.568952 0.857581
vt 0.598905 0.852991
vt 0.612136 0.829020
vt 0.713120 0.645077
vt 0.706351 0.617748
vt 0.288906 0.923855
vt 0.296245 0.951845
vt 0.288519 0.956134
vt 0.282748 0.926102
vt 0.623268 0.781817
vt 0.636129 0.820171
vt 0.554266 0.774163
vt 0.545293 0.776028
vt 0.538904 0.749260
vt 0.548226 0.747199
vt 0.868194 0.807775
vt 0.868654 0.777169
vt 0.711882 0.427964
vt 0.704576 0.427964
vt 0.709988 0.400369
vt 0.571078 0.935705
vt 0.569923 0.677926
vt 0.569770 0.681091
vt 0.569037 0.879222
vt 0.568952 0.877177
vt 0.569113 0.874692
vt 0.278716 0.586624
vt 0.277384 0.558501
vt 0.281830 0.558501
vt 0.923232 0.091187
vt 0.923232 0.062891
vt 0.928995 0.090557
vt 0.927638 0.118995
vt 0.602130 0.686982
vt 0.622257 0.688365
vt 0.619707 0.694234
vt 0.308548 0.919085
vt 0.310040 0.950005
vt 0.329845 0.900360
vt 0.889449 0.804897
vt 0.882838 0.822526
vt 0.883988 0.774069
vt 0.890888 0.773604
vt 0.899655 0.822235
vt 0.576211 0.883125
vt 0.938495 0.831763
vt 0.158957 0.733909
vt 0.156970 0.733981
vt 0.158895 0.704350
vt 0.160300 0.704348
vt 0.160362 0.733906
vt 0.373763 0.438126
vt 0.615403 0.173144
vt 0.615405 0.171738
vt 0.644966 0.171793
vt 0.644962 0.173198
vt 0.615332 0.175130
vt 0.196918 0.733829
vt 0.196978 0.761985
vt 0.196859 0.705674
vt 0.622059 0.663921
vt 0.628145 0.679408
vt 0.627241 0.680552
vt 0.198265 0.705672
vt 0.198325 0.733827
vt 0.844740 0.515274
vt 0.855928 0.489403
vt 0.846105 0.515561
vt 0.841118 0.543914
vt 0.839936 0.543838
vt 0.803979 0.531454
vt 0.813417 0.497698
vt 0.438544 0.298708
vt 0.455103 0.298708
vt 0.454277 0.422745
vt 0.445634 0.125433
vt 0.461366 0.249472
vt 0.444807 0.249472
vt 0.076401 0.108557
vt 0.076401 0.000604
vt 0.090812 0.108461
vt 0.151779 0.732786
vt 0.151779 0.704632
vt 0.153766 0.704562
vt 0.153766 0.732717
vt 0.945660 0.832897
vt 0.635734 0.041380
vt 0.668041 0.167010
vt 0.668041 0.068960
vt 0.117951 0.420867
vt 0.117951 0.537565
vt 0.089796 0.537565
vt 0.608544 0.000959
vt 0.580945 0.109601
vt 0.580945 0.000627
vt 0.144046 0.713404
vt 0.133404 0.728126
vt 0.103959 0.693839
vt 0.119897 0.688073
vt 0.099047 0.717748
vt 0.072052 0.704120
vt 0.222676 0.342371
vt 0.212459 0.313519
vt 0.119282 0.656729
vt 0.688949 0.369241
vt 0.717101 0.369661
vt 0.688949 0.463454
vt 0.617958 0.274523
vt 0.616528 0.180320
vt 0.644683 0.180313
vt 0.633650 0.661778
vt 0.633651 0.563853
vt 0.660735 0.654088
vt 0.109208 0.964833
vt 0.104394 0.961890
vt 0.111157 0.963571
vt 0.113720 0.967312
vt 0.112183 0.968368
vt 0.115508 0.966449
vt 0.149398 0.772548
vt 0.161144 0.873628
vt 0.161145 0.875601
vt 0.150942 0.872647
vt 0.150941 0.870674
vt 0.113047 0.975861
vt 0.234685 0.032789
vt 0.235902 0.044059
vt 0.233091 0.044013
vt 0.128626 0.872657
vt 0.144659 0.775410
vt 0.584636 0.181130
vt 0.585493 0.169826
vt 0.586624 0.181106
vt 0.586624 0.264085
vt 0.004175 0.779729
vt 0.002204 0.696787
vt 0.004175 0.695357
vt 0.233091 0.128389
vt 0.347878 0.912294
vt 0.347878 0.846402
vt 0.356985 0.912294
vt 0.737016 0.889330
vt 0.737016 0.865428
vt 0.776384 0.887924
vt 0.578273 0.640902
vt 0.551241 0.608540
vt 0.550642 0.606783
vt 0.303388 0.603325
vt 0.303388 0.562551
vt 0.304794 0.603325
vt 0.137171 0.983602
vt 0.138489 0.986893
vt 0.135064 0.985658
vt 0.125354 0.982234
vt 0.119080 0.964249
vt 0.170389 0.545003
vt 0.187887 0.537671
vt 0.182211 0.551762
vt 0.168190 0.546544
vt 0.501031 0.186843
vt 0.498777 0.186843
vt 0.498777 0.062806
vt 0.733648 0.885155
vt 0.733648 0.819250
vt 0.734845 0.819274
vt 0.368207 0.379948
vt 0.245338 0.362966
vt 0.370554 0.362966
vt 0.548192 0.604278
vt 0.548904 0.606600
vt 0.547186 0.605561
vt 0.480934 0.623196
vt 0.869499 0.306074
vt 0.870541 0.375773
vt 0.867901 0.375773
vt 0.578273 0.541933
vt 0.780602 0.865428
vt 0.737016 0.862284
vt 0.780602 0.862284
vt 0.696917 0.993712
vt 0.694974 0.991810
vt 0.702538 0.987601
vt 0.475467 0.559925
vt 0.469003 0.559737
vt 0.481745 0.537684
vt 0.485374 0.538638
vt 0.126400 0.953181
vt 0.263181 0.225256
vt 0.258336 0.240572
vt 0.256366 0.218248
vt 0.257885 0.217839
vt 0.116690 0.974628
vt 0.742152 0.188930
vt 0.740164 0.188930
vt 0.741158 0.105971
vt 0.296443 0.121322
vt 0.178205 0.215026
vt 0.178205 0.132060
vt 0.195193 0.214906
vt 0.050174 0.017172
vt 0.049525 0.001998
vt 0.052968 0.016355
vt 0.052181 0.018051
vt 0.049525 0.018789
vt 0.125859 0.983540
vt 0.133402 0.986890
vt 0.126442 0.985100
vt 0.119991 0.993712
vt 0.187887 0.565748
vt 0.182142 0.553449
vt 0.119080 0.988229
vt 0.476927 0.537369
vt 0.467818 0.560528
vt 0.475149 0.536540
vt 0.475994 0.535188
vt 0.478256 0.535521
vt 0.547464 0.606728
vt 0.626289 0.876804
vt 0.624618 0.876804
vt 0.625453 0.808283
vt 0.467818 0.446588
vt 0.506656 0.908119
vt 0.506656 0.839511
vt 0.517815 0.852001
vt 0.520914 0.907448
vt 0.128625 0.870684
vt 0.128618 0.853831
vt 0.798317 0.672060
vt 0.870841 0.460938
vt 0.852664 0.464804
vt 0.853169 0.458354
vt 0.870265 0.454969
vt 0.912294 0.507294
vt 0.902287 0.503484
vt 0.912294 0.477204
vt 0.481406 0.769707
vt 0.495611 0.757069
vt 0.494976 0.730183
vt 0.502189 0.729178
vt 0.835061 0.629183
vt 0.805105 0.675889
vt 0.129433 0.952172
vt 0.259700 0.243283
vt 0.249599 0.240488
vt 0.248219 0.238176
vt 0.432603 0.083505
vt 0.416194 0.000543
vt 0.433183 0.000543
vt 0.005418 0.764072
vt 0.005418 0.681106
vt 0.009394 0.764026
vt 0.970748 0.020474
vt 0.967612 0.021504
vt 0.968770 0.018187
vt 0.054529 0.001411
vt 0.058454 0.015004
vt 0.969683 0.001732
vt 0.964305 0.017453
vt 0.954845 0.003609
vt 0.954602 0.001732
vt 0.152328 0.853820
vt 0.128617 0.851860
vt 0.152328 0.851848
vt 0.164284 0.111630
vt 0.163994 0.127345
vt 0.160630 0.127338
vt 0.160389 0.110510
vt 0.721627 0.970760
vt 0.717547 0.972108
vt 0.720730 0.968973
vt 0.724384 0.969235
vt 0.167010 0.110510
vt 0.191917 0.663008
vt 0.178296 0.664692
vt 0.162027 0.635388
vt 0.155983 0.614843
vt 0.839267 0.666558
vt 0.864278 0.651850
vt 0.845153 0.671436
vt 0.828510 0.693061
vt 0.823120 0.688408
vt 0.530646 0.751690
vt 0.522809 0.725996
vt 0.530509 0.722445
vt 0.704442 0.983741
vt 0.724407 0.990885
vt 0.703949 0.986192
vt 0.701674 0.983218
vt 0.706126 0.968432
vt 0.550098 0.635146
vt 0.865354 0.441125
vt 0.878892 0.441556
vt 0.868294 0.448862
vt 0.852167 0.451348
vt 0.847739 0.443922
vt 0.865226 0.440319
vt 0.877018 0.436873
vt 0.189349 0.625552
vt 0.192582 0.623980
vt 0.204272 0.651008
vt 0.202312 0.652292
vt 0.189296 0.607498
vt 0.864271 0.437586
vt 0.847980 0.443400
vt 0.848135 0.441938
vt 0.860519 0.429873
vt 0.206268 0.619432
vt 0.208636 0.617769
vt 0.220211 0.644318
vt 0.207773 0.649211
vt 0.304485 0.950378
vt 0.615821 0.701744
vt 0.642426 0.719923
vt 0.638051 0.725498
vt 0.612583 0.707069
vt 0.875462 0.776027
vt 0.554266 0.745351
vt 0.546218 0.718371
vt 0.552972 0.716094
vt 0.865929 0.758056
vt 0.721863 0.967981
vt 0.718214 0.969183
vt 0.720004 0.966776
vt 0.521154 0.851864
vt 0.523516 0.851803
vt 0.522583 0.907380
vt 0.860124 0.426257
vt 0.860290 0.427972
vt 0.844129 0.430515
vt 0.841852 0.404858
vt 0.863248 0.405897
vt 0.935258 0.681230
vt 0.935258 0.722320
vt 0.929222 0.717748
vt 0.128616 0.849069
vt 0.128598 0.805810
vt 0.897680 0.563784
vt 0.625919 0.682418
vt 0.618499 0.667073
vt 0.651520 0.697555
vt 0.647529 0.702653
vt 0.610945 0.675237
vt 0.156907 0.704421
vt 0.961445 0.189069
vt 0.960730 0.185867
vt 0.989222 0.187716
vt 0.989217 0.189783
vt 0.961589 0.191345
vt 0.644892 0.175184
vt 0.673111 0.173829
vt 0.673041 0.175812
vt 0.644753 0.178327
vt 0.616598 0.178334
vt 0.896747 0.772727
vt 0.898405 0.755338
vt 0.596191 0.819808
vt 0.582294 0.818093
vt 0.582906 0.812689
vt 0.912294 0.756072
vt 0.898469 0.772996
vt 0.147899 0.277328
vt 0.103486 0.103338
vt 0.103486 0.020372
vt 0.106298 0.103338
vt 0.965481 0.022964
vt 0.964328 0.020364
vt 0.674304 0.179037
vt 0.251819 0.243894
vt 0.296443 0.297487
vt 0.760941 0.358238
vt 0.719430 0.371598
vt 0.719430 0.284448
vt 0.106298 0.020372
vt 0.123170 0.103338
vt 0.705527 0.965297
vt 0.705377 0.962329
vt 0.537687 0.851438
vt 0.524945 0.907319
vt 0.217731 0.264986
vt 0.197822 0.260042
vt 0.453016 0.422635
vt 0.436455 0.422745
vt 0.436455 0.298703
vt 0.591843 0.477807
vt 0.591843 0.586624
vt 0.576834 0.584720
vt 0.414756 0.124214
vt 0.414756 0.000166
vt 0.432139 0.123984
vt 0.952929 0.018894
vt 0.950919 0.022603
vt 0.174896 0.584249
vt 0.178706 0.582333
vt 0.177444 0.586151
vt 0.166022 0.597208
vt 0.951755 0.003242
vt 0.561572 0.906355
vt 0.903943 0.751547
vt 0.877230 0.685465
vt 0.903943 0.685465
vt 0.708429 0.000079
vt 0.774510 0.000079
vt 0.774510 0.028235
vt 0.708429 0.028235
vt 0.884319 0.137150
vt 0.912294 0.133975
vt 0.912294 0.196237
vt 0.857556 0.125147
vt 0.899768 0.174533
vt 0.881568 0.186259
vt 0.857556 0.194149
vt 0.166099 0.575170
vt 0.182298 0.580525
vt 0.180623 0.586142
vt 0.180123 0.552990
vt 0.181292 0.554699
vt 0.179172 0.553817
vt 0.166605 0.600195
vt 0.168410 0.599307
vt 0.174060 0.610788
vt 0.172256 0.611675
vt 0.699883 0.985317
vt 0.693359 0.990676
vt 0.698315 0.983546
vt 0.182469 0.554185
vt 0.505887 0.185975
vt 0.507294 0.310013
vt 0.505868 0.310013
vt 0.152552 0.066804
vt 0.152552 0.000912
vt 0.158660 0.066804
vt 0.737016 0.860296
vt 0.737016 0.844265
vt 0.780602 0.860296
vt 0.847577 0.096031
vt 0.846820 0.096031
vt 0.846820 0.030137
vt 0.178723 0.589061
vt 0.180261 0.601844
vt 0.702590 0.967504
vt 0.699234 0.965546
vt 0.701904 0.963046
vt 0.182272 0.601760
vt 0.503780 0.343582
vt 0.505206 0.343598
vt 0.503780 0.467629
vt 0.795387 0.066804
vt 0.794629 0.000911
vt 0.795387 0.000911
vt 0.463454 0.250691
vt 0.463454 0.374729
vt 0.451955 0.250691
vt 0.780602 0.844265
vt 0.737016 0.842277
vt 0.780602 0.842277
vt 0.789097 0.845259
vt 0.693359 0.967457
vt 0.789038 0.860296
vt 0.182811 0.602267
vt 0.695830 0.961846
vt 0.791868 0.843534
vt 0.780602 0.839132
vt 0.694721 0.954059
vt 0.842647 0.467116
vt 0.842090 0.461090
vt 0.188263 0.682049
vt 0.181208 0.685014
vt 0.170218 0.673158
vt 0.154569 0.641780
vt 0.813174 0.681647
vt 0.805117 0.705619
vt 0.787036 0.495812
vt 0.767745 0.475341
vt 0.774299 0.469164
vt 0.854446 0.473373
vt 0.842394 0.478067
vt 0.854379 0.469468
vt 0.511232 0.727197
vt 0.158423 0.682883
vt 0.165533 0.677005
vt 0.161975 0.700723
vt 0.154569 0.703531
vt 0.508568 0.704585
vt 0.208904 0.585196
vt 0.223411 0.502576
vt 0.795387 0.715564
vt 0.795387 0.798518
vt 0.767232 0.715564
vt 0.236946 0.590120
vt 0.233259 0.611125
vt 0.205216 0.606202
vt 0.737016 0.839133
vt 0.737016 0.816637
vt 0.780602 0.816637
vt 0.797474 0.816637
vt 0.797474 0.843350
vt 0.585580 0.697150
vt 0.574905 0.689107
vt 0.588302 0.674412
vt 0.600443 0.681876
vt 0.588784 0.700400
vt 0.840260 0.453035
vt 0.318741 0.834103
vt 0.324846 0.850972
vt 0.322571 0.853115
vt 0.843473 0.441418
vt 0.221033 0.654508
vt 0.540696 0.806571
vt 0.521002 0.809285
vt 0.518496 0.807290
vt 0.210670 0.660398
vt 0.729473 0.821340
vt 0.730670 0.821361
vt 0.729473 0.887242
vt 0.488337 0.457191
vt 0.488337 0.333132
vt 0.490593 0.333174
vt 0.632331 0.899768
vt 0.632331 0.833876
vt 0.640902 0.899768
vt 0.897349 0.180765
vt 0.572943 0.686267
vt 0.583091 0.672366
vt 0.574031 0.687910
vt 0.224420 0.642185
vt 0.221853 0.643537
vt 0.210885 0.616188
vt 0.845995 0.432967
vt 0.840260 0.432790
vt 0.316394 0.900243
vt 0.323572 0.879817
vt 0.324457 0.882880
vt 0.317781 0.901058
vt 0.844487 0.432173
vt 0.319731 0.901856
vt 0.324950 0.884791
vt 0.328685 0.880461
vt 0.367423 0.959355
vt 0.346536 0.964485
vt 0.346536 0.914776
vt 0.584859 0.673314
vt 0.834315 0.698402
vt 0.850390 0.676933
vt 0.631664 0.728996
vt 0.640774 0.748415
vt 0.129433 0.691005
vt 0.121183 0.664122
vt 0.129433 0.663061
vt 0.279843 0.638815
vt 0.279843 0.610871
vt 0.288093 0.637753
vt 0.538693 0.720342
vt 0.541649 0.703010
vt 0.569708 0.847578
vt 0.533866 0.847578
vt 0.538267 0.841510
vt 0.572622 0.840588
vt 0.152397 0.388983
vt 0.152397 0.409175
vt 0.028358 0.409175
vt 0.430052 0.468462
vt 0.430052 0.579317
vt 0.412471 0.576454
vt 0.277139 0.551134
vt 0.277139 0.434828
vt 0.292268 0.551134
vt 0.644684 0.708173
vt 0.895370 0.514215
vt 0.902220 0.514396
vt 0.902131 0.541120
vt 0.894231 0.542866
vt 0.886137 0.511962
vt 0.579231 0.824988
vt 0.587053 0.844532
vt 0.573101 0.832076
vt 0.546639 0.826012
vt 0.548313 0.818893
vt 0.595314 0.834325
vt 0.882537 0.755972
vt 0.652974 0.695908
vt 0.654472 0.694348
vt 0.911062 0.513168
vt 0.912943 0.512300
vt 0.919653 0.542329
vt 0.917406 0.542974
vt 0.908911 0.513812
vt 0.654472 0.657115
vt 0.989536 0.227552
vt 0.961350 0.193171
vt 0.989536 0.191824
vt 0.937346 0.496819
vt 0.921325 0.541457
vt 0.855928 0.565748
vt 0.582933 0.809956
vt 0.597062 0.809741
vt 0.550717 0.805363
vt 0.550769 0.803246
vt 0.582670 0.808005
vt 0.596063 0.808192
vt 0.550651 0.801145
vt 0.578688 0.772018
vt 0.596526 0.769273
vt 0.819794 0.559718
vt 0.206785 0.739021
vt 0.206785 0.709327
vt 0.208763 0.738821
vt 0.466130 0.840617
vt 0.464458 0.841555
vt 0.448028 0.821743
vt 0.450575 0.819807
vt 0.470118 0.839130
vt 0.478067 0.866366
vt 0.153717 0.675002
vt 0.674235 0.181020
vt 0.497988 0.982554
vt 0.498578 0.980652
vt 0.524452 0.987634
vt 0.523862 0.989536
vt 0.594836 0.059296
vt 0.620467 0.051637
vt 0.623157 0.149151
vt 0.594836 0.157616
vt 0.643835 0.274523
vt 0.473178 0.835559
vt 0.471460 0.837324
vt 0.451872 0.818216
vt 0.452241 0.815928
vt 0.478067 0.792390
vt 0.499170 0.973360
vt 0.534433 0.945229
vt 0.527194 0.981266
vt 0.525791 0.982679
vt 0.498791 0.975320
vt 0.673227 0.171844
vt 0.356332 0.697913
vt 0.383080 0.604100
vt 0.383080 0.698312
vt 0.246726 0.774321
vt 0.263041 0.770580
vt 0.263041 0.845490
vt 0.579317 0.112732
vt 0.553760 0.006804
vt 0.579317 0.000638
vt 0.868454 0.000052
vt 0.850838 0.073067
vt 0.849958 0.000052
vt 0.196638 0.309140
vt 0.179911 0.341227
vt 0.066694 0.746327
vt 0.098740 0.737649
vt 0.965281 0.868454
vt 0.965281 0.826848
vt 0.983273 0.868454
vt 0.034243 0.571268
vt 0.057808 0.567422
vt 0.060258 0.627997
vt 0.041354 0.637771
vt 0.356645 0.588711
vt 0.356645 0.476917
vt 0.380992 0.583129
vt 0.686830 0.819807
vt 0.686830 0.846557
vt 0.641838 0.819807
vt 0.128346 0.746327
vt 0.328425 0.875820
vt 0.338335 0.877793
vt 0.344459 0.880768
vt 0.968660 0.594974
vt 0.958114 0.589052
vt 0.943176 0.557234
vt 0.968660 0.545265
vt 0.176643 0.077242
vt 0.176643 0.044899
vt 0.179536 0.077242
vt 0.767232 0.798518
vt 0.764088 0.798518
vt 0.764088 0.715564
vt 0.593930 0.070122
vt 0.593930 0.179536
vt 0.591942 0.070122
vt 0.352826 0.658763
vt 0.353035 0.662359
vt 0.310583 0.666523
vt 0.310105 0.638811
vt 0.356985 0.630512
vt 0.310553 0.669792
vt 0.294892 0.663740
vt 0.291831 0.634419
vt 0.585244 0.666557
vt 0.590059 0.667812
vt 0.842932 0.439921
vt 0.320288 0.855814
vt 0.316394 0.840444
vt 0.331653 0.859863
vt 0.326733 0.872163
vt 0.655516 0.914287
vt 0.647508 0.926907
vt 0.643916 0.920242
vt 0.643916 0.896673
vt 0.593246 0.669187
vt 0.607746 0.673657
vt 0.522880 0.810757
vt 0.514952 0.818989
vt 0.602344 0.684058
vt 0.144215 0.153215
vt 0.148431 0.146243
vt 0.156323 0.150017
vt 0.150383 0.158771
vt 0.148163 0.159643
vt 0.334313 0.857780
vt 0.511138 0.818816
vt 0.507203 0.817296
vt 0.497667 0.800852
vt 0.511496 0.793489
vt 0.530123 0.789328
vt 0.843217 0.473639
vt 0.781194 0.464507
vt 0.768001 0.451771
vt 0.778127 0.445942
vt 0.154562 0.135228
vt 0.159871 0.144447
vt 0.151648 0.141364
vt 0.170038 0.695370
vt 0.496459 0.774677
vt 0.503859 0.785197
vt 0.489221 0.791430
vt 0.481712 0.782061
vt 0.491383 0.767480
vt 0.551882 0.095596
vt 0.557397 0.123170
vt 0.550228 0.123170
vt 0.404233 0.247022
vt 0.411263 0.220308
vt 0.411263 0.248428
vt 0.691386 0.996777
vt 0.684221 0.996834
vt 0.684844 0.970855
vt 0.759744 0.482867
vt 0.740763 0.464004
vt 0.751653 0.459548
vt 0.494225 0.587731
vt 0.505206 0.587731
vt 0.494225 0.615851
vt 0.520624 0.702727
vt 0.037577 0.968037
vt 0.035606 0.978839
vt 0.013612 0.973910
vt 0.011438 0.962349
vt 0.037397 0.960870
vt 0.576186 0.208763
vt 0.569016 0.208763
vt 0.574531 0.181189
vt 0.649198 0.736632
vt 0.886137 0.542210
vt 0.666396 0.997601
vt 0.657738 0.997887
vt 0.659292 0.968926
vt 0.669088 0.969804
vt 0.675913 0.997102
vt 0.034410 0.184323
vt 0.043840 0.182908
vt 0.043840 0.210851
vt 0.543115 0.833940
vt 0.037577 0.943018
vt 0.037392 0.952552
vt 0.009868 0.946627
vt 0.008667 0.936859
vt 0.037577 0.934351
vt 0.909983 0.543841
vt 0.913433 0.558618
vt 0.922206 0.711882
vt 0.928795 0.682241
vt 0.934351 0.678263
vt 0.890784 0.559485
vt 0.550240 0.811602
vt 0.202112 0.847827
vt 0.202475 0.840806
vt 0.231888 0.843731
vt 0.231526 0.850752
vt 0.201805 0.853616
vt 0.611417 0.989825
vt 0.608523 0.991065
vt 0.609623 0.987238
vt 0.613327 0.989266
vt 0.525414 0.984635
vt 0.498200 0.977222
vt 0.528160 0.986178
vt 0.137378 0.414307
vt 0.152397 0.416112
vt 0.137378 0.534433
vt 0.394562 0.122455
vt 0.394562 0.247384
vt 0.378941 0.245507
vt 0.037603 0.156572
vt 0.038444 0.018262
vt 0.039665 0.156572
vt 0.606612 0.991624
vt 0.606729 0.988478
vt 0.446235 0.822589
vt 0.641838 0.846557
vt 0.686830 0.849701
vt 0.641838 0.849701
vt 0.528170 0.849665
vt 0.526181 0.849665
vt 0.526181 0.810525
vt 0.915812 0.451211
vt 0.918557 0.505206
vt 0.915812 0.505206
vt 0.901632 0.851753
vt 0.901632 0.812613
vt 0.918557 0.851753
vt 0.337864 0.875452
vt 0.590736 0.660631
vt 0.593027 0.662006
vt 0.589577 0.655393
vt 0.572943 0.607603
vt 0.733352 0.983273
vt 0.733352 0.931252
vt 0.736496 0.931252
vt 0.736496 0.983273
vt 0.593386 0.655719
vt 0.148826 0.164231
vt 0.001584 0.862958
vt 0.010180 0.868255
vt 0.009982 0.871008
vt 0.342693 0.861108
vt 0.596448 0.663627
vt 0.611637 0.666905
vt 0.512353 0.826141
vt 0.787036 0.438385
vt 0.780539 0.432819
vt 0.160747 0.151969
vt 0.154694 0.161479
vt 0.498266 0.821053
vt 0.488546 0.803231
vt 0.338021 0.873143
vt 0.010697 0.884419
vt 0.018906 0.888177
vt 0.011989 0.888078
vt 0.598174 0.656242
vt 0.017315 0.892608
vt 0.012040 0.890189
vt 0.087680 0.039665
vt 0.083704 0.039665
vt 0.083704 0.004518
vt 0.342888 0.053251
vt 0.346546 0.085593
vt 0.342888 0.085593
vt 0.001584 0.928995
vt 0.015242 0.893162
vt 0.972208 0.774341
vt 0.995799 0.773080
vt 0.994971 0.775919
vt 0.972557 0.778084
vt 0.484330 0.345503
vt 0.481478 0.345503
vt 0.481478 0.221466
vt 0.538194 0.457377
vt 0.540696 0.566791
vt 0.538181 0.566791
vt 0.496856 0.063850
vt 0.496856 0.187887
vt 0.494602 0.063850
vt 0.236389 0.611675
vt 0.295108 0.666899
vt 0.310335 0.674007
vt 0.294914 0.670764
vt 0.774510 0.031378
vt 0.774510 0.035354
vt 0.708429 0.031378
vt 0.760135 0.455415
vt 0.855711 0.967689
vt 0.857998 0.976764
vt 0.847776 0.973549
vt 0.845770 0.965186
vt 0.760633 0.445091
vt 0.471603 0.930625
vt 0.466913 0.913135
vt 0.478909 0.925678
vt 0.480599 0.935908
vt 0.473346 0.940754
vt 0.466449 0.934554
vt 0.014749 0.983273
vt 0.818578 0.614924
vt 0.826701 0.634639
vt 0.817699 0.634639
vt 0.677679 0.970911
vt 0.674287 0.960102
vt 0.681452 0.960046
vt 0.011258 0.955183
vt 0.000517 0.959314
vt 0.957592 0.959515
vt 0.959797 0.970787
vt 0.952308 0.968468
vt 0.948745 0.957348
vt 0.760111 0.715564
vt 0.760112 0.798518
vt 0.746773 0.715564
vt 0.994127 0.780073
vt 0.994801 0.793225
vt 0.974224 0.791581
vt 0.266110 0.581800
vt 0.274523 0.472709
vt 0.274523 0.582449
vt 0.353257 0.666646
vt 0.354056 0.681363
vt 0.708429 0.035354
vt 0.774510 0.048692
vt 0.708429 0.048692
vt 0.740473 0.931252
vt 0.753811 0.931252
vt 0.740473 0.983273
vt 0.614807 0.659965
vt 0.509785 0.836905
vt 0.508128 0.827074
vt 0.018670 0.874422
vt 0.017663 0.870172
vt 0.044064 0.073181
vt 0.048015 0.073628
vt 0.044064 0.108557
vt 0.017241 0.277655
vt 0.017241 0.245105
vt 0.020876 0.245516
vt 0.058454 0.871888
vt 0.746773 0.798518
vt 0.742796 0.798518
vt 0.742796 0.715564
vt 0.192062 0.382036
vt 0.179787 0.382036
vt 0.179787 0.349693
vt 0.974007 0.796154
vt 0.488505 0.206675
vt 0.485653 0.206675
vt 0.485653 0.082638
vt 0.592887 0.465541
vt 0.590370 0.356127
vt 0.592887 0.356127
vt 0.433039 0.296751
vt 0.442577 0.173082
vt 0.442577 0.297487
vt 0.309415 0.687607
vt 0.449039 0.964485
vt 0.449039 0.920898
vt 0.453016 0.920898
vt 0.291831 0.725451
vt 0.305826 0.689093
vt 0.293179 0.681473
vt 0.774510 0.052670
vt 0.708429 0.052670
vt 0.757788 0.931252
vt 0.753811 0.983273
vt 0.933887 0.669883
vt 0.964485 0.657516
vt 0.964028 0.665246
vt 0.921463 0.666076
vt 0.921144 0.657516
vt 0.933352 0.663267
vt 0.230931 0.835117
vt 0.201445 0.833573
vt 0.229902 0.827884
vt 0.440249 0.752667
vt 0.441534 0.759623
vt 0.430559 0.759785
vt 0.429378 0.751148
vt 0.439021 0.744365
vt 0.506868 0.837679
vt 0.504679 0.838172
vt 0.929079 0.556199
vt 0.953151 0.720432
vt 0.958222 0.693095
vt 0.955141 0.721042
vt 0.949928 0.730797
vt 0.968787 0.480855
vt 0.969247 0.470645
vt 0.974575 0.471081
vt 0.975927 0.481509
vt 0.968586 0.507294
vt 0.231219 0.856541
vt 0.438885 0.731946
vt 0.439039 0.737557
vt 0.428063 0.737528
vt 0.427995 0.732083
vt 0.438861 0.730021
vt 0.231089 0.858525
vt 0.201675 0.855600
vt 0.934892 0.554158
vt 0.650718 0.958443
vt 0.651340 0.988035
vt 0.649314 0.958539
vt 0.956528 0.722144
vt 0.951831 0.731441
vt 0.427971 0.730158
vt 0.438844 0.728660
vt 0.230978 0.859926
vt 0.201545 0.857584
vt 0.614602 0.987736
vt 0.610140 0.985315
vt 0.611266 0.980784
vt 0.427893 0.727114
vt 0.242165 0.862232
vt 0.208352 0.897681
vt 0.201445 0.894274
vt 0.527010 0.989470
vt 0.530359 0.988638
vt 0.499975 0.716026
vt 0.496835 0.714611
vt 0.499627 0.621815
vt 0.502771 0.621846
vt 0.503119 0.716057
vt 0.499183 0.438402
vt 0.499183 0.314358
vt 0.501031 0.314376
vt 0.040736 0.144046
vt 0.040736 0.005734
vt 0.042796 0.143120
vt 0.607329 0.985082
vt 0.607787 0.983224
vt 0.530026 0.985481
vt 0.534433 0.983933
vt 0.532172 0.987814
vt 0.739652 0.715564
vt 0.994831 0.797114
vt 0.995049 0.800012
vt 0.973691 0.799453
vt 0.950903 0.194149
vt 0.950903 0.150558
vt 0.954046 0.150558
vt 0.938385 0.722320
vt 0.938385 0.678626
vt 0.941521 0.722093
vt 0.769772 0.511230
vt 0.772474 0.511795
vt 0.769772 0.528161
vt 0.292100 0.683966
vt 0.774510 0.055813
vt 0.708429 0.055813
vt 0.760932 0.931252
vt 0.757788 0.983273
vt 0.148320 0.169995
vt 0.150631 0.170983
vt 0.248885 0.025051
vt 0.253785 0.025892
vt 0.253331 0.056738
vt 0.248602 0.056064
vt 0.245598 0.024359
vt 0.015511 0.865312
vt 0.760932 0.983273
vt 0.765378 0.931252
vt 0.765378 0.983273
vt 0.500195 0.839613
vt 0.062756 0.627220
vt 0.060585 0.567112
vt 0.065100 0.626626
vt 0.515644 0.274523
vt 0.513990 0.274523
vt 0.513990 0.151313
vt 0.496815 0.621815
vt 0.852080 0.565799
vt 0.853840 0.565799
vt 0.852080 0.638815
vt 0.596018 0.597062
vt 0.593082 0.488134
vt 0.596018 0.488055
vt 0.849788 0.150309
vt 0.849788 0.077268
vt 0.851753 0.150256
vt 0.027912 0.655034
vt 0.032358 0.655034
vt 0.032358 0.737977
vt 0.790168 0.523995
vt 0.785722 0.441036
vt 0.790168 0.441035
vt 0.739653 0.798518
vt 0.245422 0.055626
vt 0.973079 0.803717
vt 0.482242 0.220245
vt 0.479054 0.220245
vt 0.479054 0.096206
vt 0.402912 0.464648
vt 0.402912 0.574098
vt 0.400100 0.574026
vt 0.495645 0.498943
vt 0.495645 0.374906
vt 0.497900 0.498943
vt 0.505206 0.567835
vt 0.503218 0.567835
vt 0.503218 0.458421
vt 0.883249 0.905860
vt 0.883249 0.862275
vt 0.887696 0.862275
vt 0.887696 0.905860
vt 0.776998 0.512100
vt 0.773085 0.527896
vt 0.939067 0.213222
vt 0.941521 0.213222
vt 0.941521 0.267217
vt 0.121082 0.862675
vt 0.121082 0.901856
vt 0.119305 0.901775
vt 0.063372 0.567665
vt 0.034280 0.548501
vt 0.064972 0.566444
vt 0.066827 0.626301
vt 0.686830 0.852513
vt 0.515106 0.489138
vt 0.517732 0.489138
vt 0.515106 0.598106
vt 0.806670 0.400866
vt 0.807912 0.473871
vt 0.806670 0.473892
vt 0.592075 0.272436
vt 0.592075 0.163454
vt 0.593930 0.272405
vt 0.686830 0.854502
vt 0.641838 0.852513
vt 0.240077 0.137784
vt 0.238773 0.137784
vt 0.238773 0.000398
vt 0.513431 0.515644
vt 0.513431 0.392428
vt 0.514601 0.392439
vt 0.034472 0.181624
vt 0.034472 0.044236
vt 0.036534 0.181624
vt 0.607045 0.980662
vt 0.641838 0.854502
vt 0.686830 0.857645
vt 0.641838 0.857645
vt 0.949871 0.206675
vt 0.947163 0.206675
vt 0.947163 0.153380
vt 0.947131 0.054278
vt 0.947131 0.000214
vt 0.949871 0.000353
vt 0.029227 0.758334
vt 0.029227 0.797474
vt 0.027969 0.758334
vt 0.916406 0.183711
vt 0.915299 0.178568
vt 0.918475 0.181344
vt 0.494847 0.714611
vt 0.491704 0.714612
vt 0.494827 0.621815
vt 0.159474 0.106602
vt 0.119672 0.199369
vt 0.155381 0.099721
vt 0.194927 0.101079
vt 0.197281 0.106614
vt 0.995799 0.803737
vt 0.778057 0.528166
vt 0.786971 0.512235
vt 0.787036 0.530258
vt 0.774510 0.060259
vt 0.774510 0.069692
vt 0.708429 0.060259
vt 0.770221 0.439548
vt 0.841988 0.954873
vt 0.836432 0.959929
vt 0.831530 0.949154
vt 0.773829 0.428104
vt 0.490711 0.931131
vt 0.490653 0.921112
vt 0.503119 0.926752
vt 0.502490 0.934358
vt 0.491141 0.938734
vt 0.069690 0.625829
vt 0.067986 0.565899
vt 0.104910 0.621422
vt 0.562156 0.266774
vt 0.587316 0.273403
vt 0.562156 0.377379
vt 0.045280 0.244253
vt 0.181746 0.222104
vt 0.182668 0.244253
vt 0.511709 0.124214
vt 0.511709 0.001003
vt 0.513557 0.124214
vt 0.628497 0.849665
vt 0.628497 0.776623
vt 0.630464 0.849611
vt 0.491683 0.621816
vt 0.457930 0.713214
vt 0.665954 0.549734
vt 0.665954 0.647165
vt 0.634275 0.561442
vt 0.858016 0.321495
vt 0.836884 0.321494
vt 0.858016 0.248480
vt 0.532543 0.467180
vt 0.535477 0.576107
vt 0.532543 0.576186
vt 0.566438 0.378390
vt 0.279419 0.861715
vt 0.281096 0.859054
vt 0.310833 0.877794
vt 0.309157 0.880454
vt 0.266172 0.893285
vt 0.606612 0.946817
vt 0.314797 0.887330
vt 0.954933 0.732709
vt 0.958222 0.741108
vt 0.951792 0.735952
vt 0.309966 0.897681
vt 0.104877 0.558805
vt 0.059119 0.529796
vt 0.630595 0.900751
vt 0.659691 0.954047
vt 0.630595 0.954047
vt 0.126419 0.529796
vt 0.106532 0.559550
vt 0.109216 0.622419
vt 0.686830 0.891418
vt 0.354897 0.588711
vt 0.323360 0.588711
vt 0.354897 0.479744
vt 0.849800 0.225464
vt 0.849787 0.152450
vt 0.851753 0.152450
vt 0.259063 0.570967
vt 0.259063 0.461960
vt 0.261997 0.570888
vt 0.739725 0.196719
vt 0.742263 0.196200
vt 0.739725 0.239034
vt 0.641838 0.891418
vt 0.941763 0.156843
vt 0.915299 0.133708
vt 0.917369 0.131341
vt 0.943832 0.154476
vt 0.193095 0.000524
vt 0.196237 0.000416
vt 0.196237 0.091856
vt 0.420321 0.730400
vt 0.422254 0.720608
vt 0.441534 0.681684
vt 0.159590 0.163597
vt 0.786731 0.413097
vt 0.111780 0.805308
vt 0.124461 0.818403
vt 0.103714 0.811657
vt 0.106718 0.796237
vt 0.160747 0.175361
vt 0.155485 0.173084
vt 0.264513 0.027037
vt 0.274810 0.025368
vt 0.275872 0.059710
vt 0.263874 0.058089
vt 0.373016 0.715995
vt 0.383080 0.717225
vt 0.373016 0.799562
vt 0.119672 0.000663
vt 0.161638 0.093510
vt 0.017707 0.792255
vt 0.017707 0.709305
vt 0.027139 0.792255
vt 0.465044 0.141091
vt 0.471804 0.265129
vt 0.465039 0.265129
vt 0.002991 0.587292
vt 0.009394 0.478065
vt 0.009394 0.587668
vt 0.897127 0.862275
vt 0.907266 0.862275
vt 0.897127 0.905861
vt 0.582753 0.368490
vt 0.588712 0.368815
vt 0.582753 0.478067
vt 0.708429 0.069692
vt 0.774510 0.079830
vt 0.708429 0.079830
vt 0.774810 0.931252
vt 0.784949 0.931252
vt 0.774810 0.983273
vt 0.784949 0.983273
vt 0.491171 0.842200
vt 0.481712 0.845490
vt 0.489374 0.823799
vt 0.388812 0.966763
vt 0.407088 0.976901
vt 0.388812 0.976901
vt 0.369126 0.968713
vt 0.369118 0.960515
vt 0.848882 0.983351
vt 0.860103 0.988244
vt 0.693093 0.961691
vt 0.690145 0.956141
vt 0.844534 0.987826
vt 0.842335 0.978729
vt 0.002653 0.971012
vt 0.005159 0.980632
vt 0.467429 0.948496
vt 0.474240 0.948822
vt 0.467759 0.955037
vt 0.969899 0.977195
vt 0.964029 0.979823
vt 0.970748 0.968839
vt 0.196726 0.095793
vt 0.024008 0.530599
vt 0.024008 0.551688
vt 0.013026 0.530599
vt 0.888572 0.293268
vt 0.877681 0.292227
vt 0.888376 0.253847
vt 0.462229 0.001424
vt 0.463454 0.029778
vt 0.455100 0.125258
vt 0.454969 0.001007
vt 0.907266 0.905861
vt 0.911243 0.862275
vt 0.918247 0.905865
vt 0.907266 0.922732
vt 0.897127 0.922732
vt 0.840213 0.970243
vt 0.835501 0.975386
vt 0.830227 0.966356
vt 0.481127 0.943660
vt 0.491066 0.947822
vt 0.481084 0.950912
vt 0.824110 0.956513
vt 0.118648 0.825802
vt 0.125258 0.834729
vt 0.110699 0.834362
vt 0.095788 0.819409
vt 0.369126 0.978851
vt 0.388812 0.987881
vt 0.369113 0.989831
vt 0.502541 0.944990
vt 0.502597 0.956192
vt 0.665700 0.958971
vt 0.657738 0.957641
vt 0.665328 0.953162
vt 0.672804 0.954329
vt 0.944200 0.965877
vt 0.948677 0.973249
vt 0.941308 0.971414
vt 0.893505 0.961075
vt 0.890928 0.966102
vt 0.885820 0.959375
vt 0.433032 0.767204
vt 0.939507 0.954302
vt 0.093391 0.796155
vt 0.282553 0.020409
vt 0.288458 0.005032
vt 0.294094 0.016112
vt 0.296044 0.051183
vt 0.286994 0.057666
vt 0.935677 0.001964
vt 0.943608 0.001964
vt 0.943608 0.056366
vt 0.361717 0.782861
vt 0.361717 0.699033
vt 0.373686 0.700778
vt 0.302706 0.129433
vt 0.249152 0.329455
vt 0.247469 0.340560
vt 0.228104 0.337622
vt 0.875686 0.313144
vt 0.865685 0.291083
vt 0.013026 0.551688
vt 0.024008 0.634639
vt 0.881139 0.255971
vt 0.886546 0.251306
vt 0.889330 0.249301
vt 0.019497 0.001155
vt 0.020876 0.004203
vt 0.019497 0.093943
vt 0.563660 0.195193
vt 0.558631 0.083856
vt 0.560234 0.080173
vt 0.563660 0.080071
vt 0.501581 0.904765
vt 0.505206 0.914707
vt 0.484106 0.903557
vt 0.481966 0.891328
vt 0.499718 0.892774
vt 0.436417 0.215164
vt 0.428859 0.214801
vt 0.438402 0.173866
vt 0.774510 0.090812
vt 0.708429 0.090812
vt 0.430844 0.173503
vt 0.004097 0.851287
vt 0.005876 0.839815
vt 0.053761 0.848996
vt 0.054740 0.859941
vt 0.001697 0.860103
vt 0.053671 0.836569
vt 0.407088 0.987881
vt 0.407088 0.999974
vt 0.837869 0.984088
vt 0.841236 0.991624
vt 0.833823 0.989770
vt 0.829863 0.982315
vt 0.473678 0.955806
vt 0.480438 0.959996
vt 0.473507 0.962423
vt 0.102294 0.110644
vt 0.095264 0.110644
vt 0.098076 0.103475
vt 0.467227 0.959751
vt 0.920071 0.669416
vt 0.981186 0.470631
vt 0.980450 0.466348
vt 0.068654 0.110143
vt 0.073067 0.109601
vt 0.073067 0.116907
vt 0.020876 0.329659
vt 0.013517 0.332345
vt 0.014270 0.327486
vt 0.428045 0.744335
vt 0.424535 0.751945
vt 0.423742 0.744438
vt 0.913315 0.859911
vt 0.910726 0.857640
vt 0.912003 0.857054
vt 0.184877 0.125972
vt 0.190116 0.127650
vt 0.175539 0.130091
vt 0.174186 0.128532
vt 0.920645 0.863584
vt 0.918271 0.865092
vt 0.062629 0.056366
vt 0.060570 0.055090
vt 0.062629 0.044876
vt 0.447074 0.918557
vt 0.451181 0.906319
vt 0.824203 0.972952
vt 0.119488 0.841806
vt 0.124967 0.849977
vt 0.113524 0.850703
vt 0.104659 0.844349
vt 0.490903 0.956883
vt 0.503119 0.965761
vt 0.491192 0.966572
vt 0.678925 0.954124
vt 0.064775 0.358396
vt 0.065057 0.364457
vt 0.061278 0.363354
vt 0.061817 0.350837
vt 0.065775 0.347750
vt 0.954389 0.975849
vt 0.959263 0.982440
vt 0.948289 0.977329
vt 0.888120 0.248597
vt 0.877225 0.252496
vt 0.877809 0.243988
vt 0.739475 0.092851
vt 0.747491 0.094217
vt 0.740348 0.095918
vt 0.736639 0.179536
vt 0.227552 0.029142
vt 0.193567 0.128195
vt 0.326748 0.100195
vt 0.327758 0.010450
vt 0.327758 0.100206
vt 0.000875 0.520573
vt 0.002088 0.520573
vt 0.002088 0.628376
vt 0.188186 0.133787
vt 0.227552 0.225464
vt 0.755722 0.179536
vt 0.135551 0.111969
vt 0.102951 0.212938
vt 0.125864 0.105099
vt 0.146022 0.112350
vt 0.878952 0.254219
vt 0.868611 0.260406
vt 0.866633 0.259001
vt 0.089902 0.835280
vt 0.079290 0.839949
vt 0.074635 0.826650
vt 0.301059 0.000561
vt 0.302202 0.014904
vt 0.081763 0.824354
vt 0.226678 0.347019
vt 0.979098 0.953924
vt 0.965102 0.954047
vt 0.967002 0.929256
vt 0.977719 0.925598
vt 0.981890 0.739641
vt 0.985361 0.749459
vt 0.979816 0.738979
vt 0.981542 0.728872
vt 0.452372 0.893891
vt 0.388812 0.999974
vt 0.626492 0.269304
vt 0.626492 0.251026
vt 0.636727 0.251026
vt 0.636727 0.269304
vt 0.079484 0.983273
vt 0.070264 0.978808
vt 0.088070 0.965545
vt 0.369114 0.999968
vt 0.056870 0.355733
vt 0.052582 0.360246
vt 0.049171 0.353571
vt 0.227249 0.220096
vt 0.233566 0.213431
vt 0.233302 0.221289
vt 0.054845 0.347750
vt 0.952472 0.985597
vt 0.959085 0.989007
vt 0.101410 0.932716
vt 0.102294 0.940993
vt 0.095104 0.937586
vt 0.948745 0.993361
vt 0.946419 0.987110
vt 0.155332 0.130970
vt 0.980106 0.747830
vt 0.977760 0.738639
vt 0.979627 0.727686
vt 0.824110 0.989697
vt 0.240536 0.214993
vt 0.240811 0.206336
vt 0.250515 0.208788
vt 0.119748 0.858215
vt 0.107995 0.859491
vt 0.093633 0.944748
vt 0.102205 0.948699
vt 0.091762 0.954819
vt 0.082543 0.950353
vt 0.085614 0.940890
vt 0.063920 0.371867
vt 0.066804 0.379948
vt 0.062444 0.379347
vt 0.058711 0.378092
vt 0.059744 0.371797
vt 0.939524 0.975482
vt 0.888738 0.969581
vt 0.882995 0.967044
vt 0.883969 0.963293
vt 0.005276 0.330686
vt 0.005607 0.326386
vt 0.013134 0.335371
vt 0.004450 0.334454
vt 0.874798 0.963914
vt 0.875832 0.961029
vt 0.426270 0.760156
vt 0.866062 0.257034
vt 0.975601 0.921941
vt 0.976109 0.923874
vt 0.965457 0.927257
vt 0.965064 0.925238
vt 0.967743 0.908559
vt 0.979098 0.908697
vt 0.865685 0.244432
vt 0.617892 0.000073
vt 0.628376 0.000073
vt 0.628376 0.104381
vt 0.102951 0.001058
vt 0.133369 0.095989
vt 0.394562 0.529287
vt 0.394562 0.633595
vt 0.385216 0.529287
vt 0.150309 0.106854
vt 0.961216 0.731848
vt 0.977647 0.727408
vt 0.057296 0.368139
vt 0.052565 0.373955
vt 0.047558 0.365810
vt 0.942202 0.979204
vt 0.890327 0.973612
vt 0.893505 0.981674
vt 0.886148 0.982245
vt 0.882971 0.974183
vt 0.974031 0.466775
vt 0.968636 0.466630
vt 0.644330 0.065802
vt 0.639010 0.066804
vt 0.643818 0.062855
vt 0.651340 0.066381
vt 0.423758 0.737549
vt 0.419457 0.738334
vt 0.422781 0.732193
vt 0.948832 0.734802
vt 0.949416 0.737257
vt 0.638250 0.064246
vt 0.419737 0.732234
vt 0.099727 0.852163
vt 0.094607 0.860310
vt 0.076407 0.847046
vt 0.302706 0.046561
vt 0.046349 0.249579
vt 0.083032 0.249948
vt 0.044250 0.254577
vt 0.000620 0.177359
vt 0.799851 0.958222
vt 0.799851 0.909064
vt 0.805825 0.909801
vt 0.936896 0.891418
vt 0.936896 0.837016
vt 0.943608 0.891418
vt 0.246043 0.349958
vt 0.244617 0.359356
vt 0.225252 0.356417
vt 0.960309 0.377860
vt 0.954290 0.377861
vt 0.954290 0.329072
vt 0.956843 0.930487
vt 0.479061 0.880203
vt 0.277655 0.937696
vt 0.277655 0.968660
vt 0.267694 0.965915
vt 0.482061 0.855129
vt 0.486952 0.873449
vt 0.499259 0.883721
vt 0.501689 0.874497
vt 0.422461 0.214493
vt 0.416065 0.214186
vt 0.424446 0.173195
vt 0.418050 0.172888
vt 0.006566 0.829056
vt 0.005111 0.819537
vt 0.054156 0.826066
vt 0.078852 0.961079
vt 0.061046 0.974343
vt 0.069633 0.956615
vt 0.233478 0.204241
vt 0.225748 0.209364
vt 0.226827 0.201542
vt 0.233224 0.195649
vt 0.240491 0.197030
vt 0.087085 0.933729
vt 0.077601 0.937021
vt 0.887949 0.988995
vt 0.878875 0.995799
vt 0.877562 0.988937
vt 0.942397 0.995799
vt 0.055922 0.376710
vt 0.003358 0.337301
vt 0.011455 0.339102
vt 0.008108 0.343822
vt 0.001729 0.341054
vt 0.882632 0.970086
vt 0.875450 0.973771
vt 0.874605 0.968020
vt 0.019899 0.336229
vt 0.020546 0.333248
vt 0.650790 0.063144
vt 0.643686 0.058543
vt 0.650546 0.058255
vt 0.019356 0.340507
vt 0.229446 0.631179
vt 0.226194 0.623772
vt 0.229262 0.624583
vt 0.233800 0.632751
vt 0.230979 0.639570
vt 0.226799 0.638489
vt 0.420753 0.745017
vt 0.310704 0.875363
vt 0.315462 0.878361
vt 0.633936 0.060770
vt 0.637892 0.059857
vt 0.636618 0.064479
vt 0.317320 0.883368
vt 0.111081 0.615514
vt 0.202123 0.379949
vt 0.194523 0.377488
vt 0.199734 0.377821
vt 0.203627 0.378260
vt 0.590897 0.272169
vt 0.592731 0.274785
vt 0.569172 0.378905
vt 0.743340 0.237860
vt 0.744823 0.203763
vt 0.746121 0.237349
vt 0.946073 0.836007
vt 0.947784 0.836061
vt 0.946073 0.889330
vt 0.132564 0.530045
vt 0.107518 0.559957
vt 0.947784 0.675354
vt 0.945079 0.728583
vt 0.945079 0.675216
vt 0.919736 0.130770
vt 0.945140 0.152979
vt 0.013669 0.205073
vt 0.015657 0.205030
vt 0.015657 0.296443
vt 0.009382 0.292268
vt 0.009382 0.200868
vt 0.012526 0.200868
vt 0.415436 0.732038
vt 0.226194 0.649724
vt 0.229067 0.645123
vt 0.233530 0.648161
vt 0.232697 0.651340
vt 0.065227 0.842916
vt 0.083584 0.253963
vt 0.098028 0.249648
vt 0.085767 0.258145
vt 0.047797 0.260936
vt 0.194150 0.152397
vt 0.184730 0.152397
vt 0.184730 0.135578
vt 0.203308 0.353087
vt 0.203228 0.362320
vt 0.200335 0.361926
vt 0.949788 0.930668
vt 0.956377 0.928698
vt 0.054607 0.809790
vt 0.001697 0.813643
vt 0.054880 0.802830
vt 0.065314 0.811387
vt 0.918557 0.843402
vt 0.909626 0.827455
vt 0.918557 0.822454
vt 0.064850 0.825013
vt 0.250515 0.198245
vt 0.296838 0.836711
vt 0.305165 0.841958
vt 0.292341 0.843848
vt 0.282825 0.837851
vt 0.288072 0.829525
vt 0.103677 0.867590
vt 0.073324 0.945889
vt 0.060789 0.952279
vt 0.065745 0.942172
vt 0.017346 0.345690
vt 0.867264 0.973016
vt 0.233546 0.625771
vt 0.240054 0.634338
vt 0.637954 0.054072
vt 0.982157 0.718555
vt 0.980530 0.718480
vt 0.985361 0.710485
vt 0.766637 0.190100
vt 0.760986 0.194469
vt 0.759683 0.191546
vt 0.551731 0.429071
vt 0.561572 0.430477
vt 0.551730 0.457191
vt 0.042088 0.372273
vt 0.003623 0.350800
vt 0.013170 0.353193
vt 0.008579 0.359072
vt 0.059774 0.096712
vt 0.066804 0.089683
vt 0.066804 0.098119
vt 0.226718 0.193033
vt 0.876342 0.982058
vt 0.869106 0.988501
vt 0.868134 0.981582
vt 0.236538 0.640693
vt 0.235383 0.646393
vt 0.577166 0.374993
vt 0.282156 0.857372
vt 0.276827 0.847367
vt 0.286344 0.853364
vt 0.294670 0.858611
vt 0.942724 0.114820
vt 0.942724 0.060826
vt 0.947784 0.114820
vt 0.110244 0.559984
vt 0.119490 0.615907
vt 0.247183 0.855928
vt 0.247183 0.782902
vt 0.248428 0.855907
vt 0.002187 0.185240
vt 0.004175 0.185197
vt 0.004175 0.276611
vt 0.692474 0.546959
vt 0.692474 0.455572
vt 0.698099 0.465414
vt 0.332977 0.178371
vt 0.327353 0.259910
vt 0.327353 0.169935
vt 0.398145 0.166729
vt 0.401664 0.172009
vt 0.398145 0.238865
vt 0.578273 0.485374
vt 0.576439 0.377735
vt 0.578273 0.376391
vt 0.744525 0.197553
vt 0.743373 0.194414
vt 0.747994 0.192354
vt 0.749802 0.196588
vt 0.201569 0.352870
vt 0.197441 0.361530
vt 0.947730 0.924415
vt 0.956788 0.925620
vt 0.959537 0.723211
vt 0.977676 0.718713
vt 0.070447 0.857891
vt 0.090254 0.867444
vt 0.266172 0.827356
vt 0.061584 0.870541
vt 0.061584 0.850615
vt 0.000620 0.329845
vt 0.243245 0.368392
vt 0.319407 0.379949
vt 0.204242 0.373038
vt 0.223882 0.365453
vt 0.958222 0.200412
vt 0.952474 0.199730
vt 0.958222 0.151282
vt 0.561572 0.457191
vt 0.749722 0.168227
vt 0.744778 0.153294
vt 0.488003 0.863780
vt 0.505206 0.867733
vt 0.409913 0.213890
vt 0.401659 0.239034
vt 0.411898 0.172592
vt 0.709346 0.485097
vt 0.719188 0.485097
vt 0.709346 0.503375
vt 0.709346 0.465414
vt 0.719188 0.465414
vt 0.239357 0.187951
vt 0.130295 0.077242
vt 0.130295 0.066261
vt 0.135696 0.072742
vt 0.299918 0.850285
vt 0.305865 0.854032
vt 0.068742 0.932716
vt 0.055594 0.937316
vt 0.946852 0.133933
vt 0.947784 0.147820
vt 0.940374 0.141342
vt 0.941559 0.129306
vt 0.868753 0.995342
vt 0.651340 0.052266
vt 0.643922 0.052700
vt 0.645789 0.044884
vt 0.020876 0.355943
vt 0.935341 0.125738
vt 0.935082 0.136715
vt 0.929789 0.132089
vt 0.248428 0.637428
vt 0.244135 0.643000
vt 0.247277 0.630570
vt 0.596598 0.277513
vt 0.597062 0.344351
vt 0.126302 0.259546
vt 0.200078 0.372448
vt 0.194892 0.371826
vt 0.761669 0.197520
vt 0.751231 0.201942
vt 0.077242 0.783218
vt 0.407572 0.116017
vt 0.698098 0.454165
vt 0.709346 0.454166
vt 0.300618 0.862359
vt 0.311063 0.858970
vt 0.306565 0.866107
vt 0.313702 0.870605
vt 0.764098 0.215580
vt 0.754836 0.236800
vt 0.860756 0.038548
vt 0.870541 0.021601
vt 0.870462 0.091856
vt 0.012526 0.124642
vt 0.012526 0.179536
vt 0.002794 0.177753
vt 0.946964 0.492681
vt 0.946964 0.439385
vt 0.951959 0.492681
vt 0.959859 0.908310
vt 0.950031 0.906844
vt 0.460322 0.609588
vt 0.451732 0.609588
vt 0.451732 0.505280
vt 0.164923 0.511500
vt 0.164923 0.614807
vt 0.156472 0.614110
vt 0.443627 0.610632
vt 0.443627 0.506323
vt 0.449884 0.610632
vt 0.620026 0.339240
vt 0.613849 0.339240
vt 0.613849 0.236281
vt 0.770385 0.200489
vt 0.773467 0.216180
vt 0.980707 0.710606
vt 0.768228 0.193560
vt 0.116778 0.562378
vt 0.127019 0.619878
vt 0.885288 0.711899
vt 0.405514 0.329969
vt 0.434227 0.371598
vt 0.912600 0.291016
vt 0.954046 0.325670
vt 0.928984 0.829221
vt 0.933170 0.832080
vt 0.928984 0.885155
vt 0.758072 0.176405
vt 0.758072 0.092045
vt 0.781817 0.128757
vt 0.129433 0.000840
vt 0.127865 0.001546
vt 0.125655 0.000447
vt 0.128333 0.000923
s 1
usemtl Material.007
f 1/1/1 2/2/2 3/3/3
f 1/4/1 3/5/3 4/6/3
f 1/7/1 4/8/3 5/9/4
f 1/7/1 5/9/4 6/10/5
f 1/7/1 6/10/5 7/11/6
f 1/12/1 7/13/6 8/14/7
f 1/1/1 8/15/7 2/2/2
f 9/16/8 2/17/2 10/18/9
f 9/16/8 10/18/9 11/19/10
f 9/20/8 11/21/10 12/22/11
f 9/23/8 12/24/11 13/25/3
f 9/26/8 13/27/3 3/28/3
f 9/16/8 3/29/3 2/17/2
f 8/30/7 7/31/6 14/32/12
f 8/33/7 14/34/12 15/35/13
f 8/33/7 15/35/13 10/18/9
f 8/33/7 10/18/9 2/17/2
f 16/36/3 3/37/3 13/38/3
f 16/39/3 13/40/3 17/41/14
f 16/42/3 17/43/14 18/44/15
f 16/45/3 18/46/15 4/47/3
f 16/45/3 4/47/3 3/48/3
f 19/49/3 5/9/4 4/8/3
f 19/50/3 4/51/3 20/52/16
f 19/53/3 20/54/16 21/55/17
f 19/56/3 21/57/17 17/58/14
f 19/59/3 17/60/14 13/61/3
f 19/62/3 13/63/3 22/64/3
f 19/65/3 22/66/3 23/67/18
f 19/68/3 23/69/18 5/70/4
f 24/71/19 5/70/4 23/69/18
f 24/72/19 23/67/18 25/73/20
f 24/72/19 25/73/20 26/74/21
f 24/75/19 26/76/21 27/77/22
f 24/78/19 27/79/22 5/9/4
f 6/10/5 5/9/4 27/79/22
f 6/80/5 27/81/22 28/82/23
f 6/80/5 28/82/23 29/83/24
f 6/80/5 29/83/24 30/84/25
f 6/10/5 30/85/25 7/11/6
f 18/44/15 17/43/14 31/86/26
f 18/87/15 31/88/26 32/89/27
f 18/90/15 32/91/27 33/92/28
f 18/93/15 33/94/28 20/95/16
f 18/96/15 20/97/16 4/98/3
f 34/99/29 20/100/16 33/101/28
f 34/99/29 33/101/28 35/102/3
f 34/103/29 35/104/3 36/105/3
f 34/103/29 36/105/3 37/106/30
f 34/103/29 37/106/30 21/55/17
f 34/103/29 21/55/17 20/54/16
f 38/107/31 21/55/17 37/106/30
f 38/107/31 37/106/30 36/105/3
f 38/108/31 36/109/3 39/110/32
f 38/111/31 39/112/32 17/113/14
f 38/114/31 17/58/14 21/57/17
f 40/115/33 17/43/14 39/116/32
f 40/115/33 39/116/32 41/117/3
f 40/115/33 41/117/3 31/86/26
f 40/115/33 31/86/26 17/43/14
f 42/118/34 13/119/3 12/120/11
f 42/118/34 12/120/11 43/121/35
f 42/118/34 43/121/35 44/122/36
f 42/123/34 44/124/36 45/125/37
f 42/126/34 45/127/37 22/128/3
f 42/129/34 22/130/3 13/131/3
f 46/132/38 12/133/11 11/134/10
f 46/135/38 11/136/10 47/137/39
f 46/138/38 47/139/39 48/140/40
f 46/141/38 48/142/40 43/121/35
f 46/141/38 43/121/35 12/120/11
f 45/143/37 44/144/36 49/145/41
f 45/146/37 49/147/41 25/73/20
f 45/146/37 25/73/20 23/67/18
f 45/146/37 23/67/18 22/66/3
f 15/35/13 14/34/12 50/148/42
f 15/35/13 50/148/42 51/149/43
f 15/35/13 51/149/43 52/150/44
f 15/35/13 52/150/44 47/151/39
f 15/35/13 47/151/39 10/18/9
f 47/151/39 11/19/10 10/18/9
f 30/84/25 29/83/24 53/152/45
f 30/153/25 53/154/45 14/155/12
f 30/153/25 14/155/12 7/156/6
f 26/74/21 25/73/20 54/157/46
f 26/74/21 54/157/46 55/158/47
f 26/159/21 55/160/47 56/161/48
f 26/162/21 56/163/48 28/82/23
f 26/162/21 28/82/23 27/81/22
f 57/164/3 33/92/28 32/91/27
f 57/165/3 32/89/27 31/88/26
f 57/166/3 31/86/26 41/117/3
f 57/167/3 41/168/3 35/169/3
f 57/170/3 35/171/3 33/172/28
f 41/173/3 39/174/32 36/175/3
f 41/176/3 36/177/3 35/178/3
f 58/179/49 43/121/35 48/142/40
f 58/179/49 48/142/40 59/180/50
f 58/179/49 59/180/50 60/181/51
f 58/179/49 60/181/51 61/182/52
f 58/179/49 61/182/52 62/183/53
f 58/179/49 62/183/53 43/121/35
f 62/184/53 61/185/52 63/186/54
f 62/184/53 63/186/54 44/187/36
f 62/183/53 44/122/36 43/121/35
f 63/188/54 61/189/52 64/190/55
f 63/191/54 64/192/55 54/157/46
f 63/191/54 54/157/46 25/73/20
f 63/191/54 25/73/20 49/147/41
f 63/193/54 49/145/41 44/144/36
f 53/152/45 29/83/24 65/194/56
f 53/152/45 65/194/56 66/195/57
f 53/152/45 66/195/57 67/196/58
f 53/197/45 67/198/58 68/199/59
f 53/200/45 68/201/59 50/202/42
f 53/200/45 50/202/42 14/203/12
f 52/150/44 51/149/43 69/204/60
f 52/205/44 69/206/60 59/207/50
f 52/208/44 59/209/50 48/210/40
f 52/211/44 48/212/40 47/213/39
f 56/163/48 55/214/47 70/215/61
f 56/163/48 70/215/61 66/195/57
f 56/163/48 66/195/57 65/194/56
f 56/163/48 65/194/56 29/83/24
f 56/163/48 29/83/24 28/82/23
f 71/216/62 54/157/46 64/192/55
f 71/216/62 64/192/55 72/217/63
f 71/216/62 72/217/63 55/158/47
f 71/216/62 55/158/47 54/157/46
f 68/218/59 67/219/58 73/220/64
f 68/221/59 73/222/64 74/223/65
f 68/221/59 74/223/65 51/149/43
f 68/221/59 51/149/43 50/148/42
f 69/204/60 51/149/43 74/223/65
f 69/204/60 74/223/65 75/224/66
f 69/225/60 75/226/66 76/227/67
f 69/228/60 76/229/67 77/230/68
f 69/228/60 77/230/68 59/231/50
f 78/232/69 59/180/50 77/233/68
f 78/232/69 77/233/68 76/234/67
f 78/232/69 76/234/67 79/235/70
f 78/232/69 79/235/70 80/236/71
f 78/232/69 80/236/71 61/182/52
f 78/232/69 61/182/52 60/181/51
f 78/232/69 60/181/51 59/180/50
f 81/237/72 55/158/47 72/217/63
f 81/237/72 72/217/63 82/238/73
f 81/239/72 82/240/73 70/241/61
f 81/239/72 70/241/61 55/242/47
f 83/243/74 61/244/52 80/245/71
f 83/243/74 80/245/71 79/246/70
f 83/247/74 79/248/70 84/249/75
f 83/250/74 84/251/75 72/217/63
f 83/250/74 72/217/63 64/192/55
f 83/252/74 64/190/55 61/189/52
f 85/253/76 73/254/64 67/255/58
f 85/256/76 67/196/58 66/195/57
f 85/256/76 66/195/57 86/257/77
f 85/256/76 86/257/77 87/258/78
f 85/259/76 87/260/78 88/261/79
f 85/262/76 88/263/79 73/264/64
f 75/224/66 74/223/65 73/222/64
f 75/224/66 73/222/64 88/265/79
f 75/224/66 88/265/79 89/266/80
f 75/226/66 89/267/80 76/227/67
f 86/257/77 66/195/57 70/215/61
f 86/268/77 70/269/61 82/270/73
f 86/268/77 82/270/73 87/271/78
f 90/272/81 76/273/67 89/274/80
f 90/275/81 89/276/80 91/277/82
f 90/278/81 91/279/82 92/280/83
f 90/281/81 92/282/83 93/283/84
f 90/281/81 93/283/84 94/284/85
f 90/281/81 94/284/85 76/234/67
f 94/285/85 93/286/84 95/287/86
f 94/285/85 95/287/86 79/288/70
f 94/284/85 79/235/70 76/234/67
f 84/249/75 79/248/70 95/289/86
f 84/251/75 95/290/86 96/291/87
f 84/251/75 96/291/87 82/238/73
f 84/251/75 82/238/73 72/217/63
f 96/291/87 95/290/86 97/292/88
f 96/293/87 97/294/88 98/295/89
f 96/296/87 98/297/89 87/298/78
f 96/299/87 87/300/78 82/301/73
f 99/302/90 88/303/79 87/304/78
f 99/305/90 87/306/78 98/307/89
f 99/308/90 98/309/89 100/310/91
f 99/311/90 100/312/91 101/313/92
f 99/311/90 101/313/92 91/314/82
f 99/311/90 91/314/82 89/266/80
f 99/311/90 89/266/80 88/265/79
f 102/315/93 95/316/86 93/317/84
f 102/318/93 93/319/84 103/320/94
f 102/321/93 103/322/94 104/323/95
f 102/324/93 104/325/95 97/292/88
f 102/324/93 97/292/88 95/290/86
f 105/326/96 106/327/97 107/328/98
f 105/326/96 107/328/98 108/329/99
f 105/326/96 108/329/99 109/330/100
f 105/331/96 109/332/100 110/333/101
f 105/326/96 110/334/101 111/335/102
f 105/326/96 111/335/102 106/327/97
f 112/336/97 106/337/97 111/338/102
f 112/339/97 111/340/102 113/341/102
f 112/342/97 113/343/102 114/344/103
f 112/342/97 114/344/103 115/345/104
f 112/346/97 115/347/104 107/348/98
f 112/336/97 107/349/98 106/337/97
f 116/350/105 114/344/103 113/343/102
f 116/351/105 113/352/102 117/353/102
f 116/351/105 117/353/102 118/354/106
f 116/351/105 118/354/106 119/355/107
f 116/351/105 119/355/107 120/356/108
f 116/351/105 120/356/108 114/357/103
f 121/358/109 114/344/103 120/359/108
f 121/358/109 120/359/108 122/360/110
f 121/358/109 122/360/110 123/361/111
f 121/358/109 123/361/111 115/345/104
f 121/358/109 115/345/104 114/344/103
f 124/362/102 111/363/102 110/333/101
f 124/362/102 110/333/101 125/364/106
f 124/365/102 125/366/106 118/367/106
f 124/368/102 118/369/106 117/370/102
f 124/371/102 117/372/102 111/373/102
f 111/340/102 117/374/102 113/341/102
f 126/375/112 110/333/101 109/332/100
f 126/375/112 109/332/100 127/376/113
f 126/377/112 127/378/113 119/379/107
f 126/380/112 119/381/107 118/382/106
f 126/383/112 118/367/106 125/366/106
f 126/375/112 125/364/106 110/333/101
f 128/384/114 91/385/82 101/386/92
f 128/384/114 101/386/92 129/387/115
f 128/388/114 129/389/115 130/390/116
f 128/391/114 130/392/116 103/393/94
f 128/391/114 103/393/94 93/283/84
f 128/391/114 93/283/84 92/282/83
f 128/394/114 92/280/83 91/279/82
f 131/395/117 98/295/89 97/294/88
f 131/396/117 97/292/88 104/325/95
f 131/396/117 104/325/95 132/397/118
f 131/396/117 132/397/118 133/398/119
f 131/399/117 133/400/119 134/401/120
f 131/402/117 134/403/120 135/404/121
f 131/402/117 135/404/121 98/405/89
f 100/406/91 98/407/89 135/408/121
f 100/406/91 135/408/121 134/409/120
f 100/410/91 134/411/120 136/412/122
f 100/312/91 136/413/122 129/414/115
f 100/312/91 129/414/115 101/313/92
f 137/415/123 107/416/98 115/417/104
f 137/418/123 115/419/104 123/420/111
f 137/421/123 123/422/111 138/423/124
f 137/424/123 138/425/124 139/426/125
f 137/424/123 139/426/125 108/329/99
f 137/424/123 108/329/99 107/328/98
f 140/427/126 119/428/107 127/429/113
f 140/430/126 127/431/113 141/432/127
f 140/433/126 141/434/127 142/435/128
f 140/436/126 142/437/128 143/438/129
f 140/436/126 143/438/129 120/439/108
f 140/440/126 120/356/108 119/355/107
f 139/441/125 138/442/124 144/443/130
f 139/441/125 144/443/130 145/444/131
f 139/445/125 145/446/131 109/447/100
f 139/426/125 109/330/100 108/329/99
f 145/448/131 144/449/130 146/450/132
f 145/448/131 146/450/132 147/451/133
f 145/446/131 147/452/133 141/453/127
f 145/446/131 141/453/127 127/454/113
f 145/446/131 127/454/113 109/447/100
f 143/438/129 142/437/128 148/455/134
f 143/438/129 148/455/134 149/456/135
f 143/438/129 149/456/135 150/457/136
f 143/458/129 150/459/136 122/460/110
f 143/438/129 122/461/110 120/439/108
f 150/459/136 149/462/135 151/463/102
f 150/459/136 151/463/102 152/464/137
f 150/459/136 152/464/137 123/465/111
f 150/459/136 123/465/111 122/460/110
f 138/466/124 123/467/111 152/468/137
f 138/466/124 152/468/137 153/469/102
f 138/470/124 153/471/102 154/472/102
f 138/442/124 154/473/102 144/443/130
f 147/451/133 146/450/132 155/474/102
f 147/475/133 155/476/102 156/477/102
f 147/478/133 156/479/102 148/480/134
f 147/478/133 148/480/134 142/481/128
f 147/482/133 142/483/128 141/484/127
f 157/485/138 103/393/94 130/392/116
f 157/485/138 130/392/116 156/486/102
f 157/487/138 156/488/102 155/489/102
f 157/490/138 155/491/102 132/492/118
f 157/493/138 132/494/118 103/495/94
f 132/496/118 104/323/95 103/322/94
f 134/401/120 133/400/119 158/497/102
f 134/498/120 158/499/102 159/500/102
f 134/498/120 159/500/102 154/501/102
f 134/502/120 154/503/102 153/504/102
f 134/411/120 153/505/102 136/412/122
f 151/506/102 149/507/135 160/508/102
f 151/509/102 160/510/102 129/389/115
f 151/511/102 129/512/115 136/513/122
f 151/514/102 136/515/122 153/516/102
f 151/463/102 153/517/102 152/464/137
f 160/518/102 149/456/135 148/455/134
f 160/518/102 148/455/134 156/519/102
f 160/520/102 156/486/102 130/392/116
f 160/510/102 130/390/116 129/389/115
f 159/521/102 158/522/102 146/523/132
f 159/524/102 146/525/132 144/443/130
f 159/524/102 144/443/130 154/473/102
f 158/526/102 133/398/119 132/397/118
f 158/527/102 132/528/118 155/474/102
f 158/527/102 155/474/102 146/450/132
f 161/529/139 162/530/140 163/531/141
f 161/529/139 163/531/141 164/532/142
f 161/529/139 164/532/142 165/533/143
f 161/529/139 165/533/143 166/534/144
f 161/529/139 166/534/144 167/535/145
f 161/536/139 167/537/145 168/538/146
f 161/536/139 168/538/146 162/539/140
f 168/538/146 167/537/145 169/540/147
f 168/538/146 169/540/147 170/541/148
f 168/538/146 170/541/148 171/542/149
f 168/538/146 171/542/149 172/543/150
f 168/538/146 172/543/150 162/539/140
f 171/544/149 170/545/148 173/546/151
f 171/544/149 173/546/151 174/547/152
f 171/544/149 174/547/152 175/548/153
f 171/542/149 175/549/153 172/543/150
f 176/550/154 164/551/142 177/552/155
f 176/553/154 177/554/155 178/555/156
f 176/556/154 178/557/156 179/558/157
f 176/559/154 179/560/157 165/533/143
f 176/559/154 165/533/143 164/532/142
f 179/561/157 178/562/156 180/563/158
f 179/564/157 180/565/158 181/566/159
f 179/560/157 181/567/159 182/568/160
f 179/560/157 182/568/160 166/534/144
f 179/560/157 166/534/144 165/533/143
f 174/547/152 173/546/151 183/569/161
f 174/570/152 183/571/161 184/572/162
f 174/570/152 184/572/162 175/573/153
f 185/574/163 178/575/156 177/576/155
f 185/574/163 177/576/155 186/577/164
f 185/578/163 186/579/164 187/580/165
f 185/578/163 187/580/165 188/581/166
f 185/574/163 188/582/166 178/575/156
f 188/583/166 187/584/165 189/585/167
f 188/583/166 189/585/167 190/586/168
f 188/587/166 190/588/168 191/589/169
f 188/582/166 191/590/169 192/591/170
f 188/582/166 192/591/170 180/592/158
f 188/582/166 180/592/158 178/575/156
f 183/593/161 173/594/151 193/595/171
f 183/596/161 193/597/171 189/598/167
f 183/596/161 189/598/167 187/599/165
f 183/596/161 187/599/165 194/600/172
f 183/596/161 194/600/172 184/601/162
f 187/602/165 186/603/164 194/604/172
f 195/605/173 196/606/174 197/607/175
f 195/608/173 197/609/175 198/610/176
f 195/608/173 198/610/176 199/611/177
f 195/608/173 199/611/177 200/612/178
f 195/608/173 200/612/178 201/613/179
f 195/608/173 201/613/179 196/614/174
f 202/615/180 196/616/174 203/617/181
f 202/618/180 203/619/181 204/620/182
f 202/621/180 204/622/182 205/623/183
f 202/621/180 205/623/183 206/624/184
f 202/621/180 206/624/184 207/625/185
f 202/626/180 207/627/185 197/628/175
f 202/615/180 197/629/175 196/616/174
f 201/630/179 200/631/178 208/632/186
f 201/630/179 208/632/186 209/633/187
f 201/634/179 209/635/187 203/636/181
f 201/634/179 203/636/181 196/637/174
f 210/638/188 211/639/189 212/640/190
f 210/638/188 212/640/190 213/641/191
f 210/638/188 213/641/191 214/642/192
f 210/638/188 214/642/192 215/643/3
f 210/644/188 215/645/3 216/646/193
f 210/647/188 216/648/193 217/649/194
f 210/647/188 217/649/194 218/650/195
f 210/651/188 218/652/195 211/653/189
f 219/654/196 211/653/189 218/652/195
f 219/655/196 218/656/195 220/657/197
f 219/658/196 220/659/197 221/660/198
f 219/661/196 221/662/198 222/663/199
f 219/661/196 222/663/199 223/664/200
f 219/661/196 223/664/200 212/640/190
f 219/661/196 212/640/190 211/639/189
f 224/665/201 212/666/190 223/667/200
f 224/665/201 223/667/200 222/668/199
f 224/669/201 222/670/199 225/671/202
f 224/672/201 225/673/202 226/674/203
f 224/672/201 226/674/203 227/675/204
f 224/672/201 227/675/204 212/676/190
f 227/675/204 226/674/203 228/677/205
f 227/675/204 228/677/205 229/678/206
f 227/679/204 229/680/206 214/681/192
f 227/682/204 214/683/192 213/684/191
f 227/682/204 213/684/191 212/685/190
f 216/646/193 215/645/3 230/686/207
f 216/687/193 230/688/207 231/689/208
f 216/690/193 231/691/208 232/692/209
f 216/690/193 232/692/209 233/693/210
f 216/690/193 233/693/210 217/694/194
f 234/695/211 217/694/194 233/693/210
f 234/696/211 233/697/210 235/698/212
f 234/696/211 235/698/212 236/699/213
f 234/696/211 236/699/213 237/700/214
f 234/695/211 237/701/214 218/702/195
f 234/695/211 218/702/195 217/694/194
f 238/703/215 197/704/175 207/705/185
f 238/706/215 207/707/185 239/708/216
f 238/709/215 239/710/216 240/711/217
f 238/712/215 240/713/217 241/714/218
f 238/715/215 241/716/218 198/717/176
f 238/718/215 198/719/176 197/720/175
f 242/721/219 214/722/192 229/723/206
f 242/724/219 229/725/206 243/726/220
f 242/727/219 243/728/220 244/729/221
f 242/730/219 244/731/221 230/732/207
f 242/730/219 230/732/207 215/643/3
f 242/730/219 215/643/3 214/642/192
f 241/714/218 240/713/217 245/733/222
f 241/734/218 245/735/222 246/736/223
f 241/716/218 246/737/223 247/738/224
f 241/716/218 247/738/224 199/739/177
f 241/716/218 199/739/177 198/717/176
f 248/740/225 230/732/207 244/731/221
f 248/740/225 244/731/221 249/741/226
f 248/740/225 249/741/226 250/742/227
f 248/743/225 250/744/227 251/745/228
f 248/746/225 251/747/228 231/748/208
f 248/749/225 231/750/208 230/751/207
f 252/752/229 240/753/217 239/754/216
f 252/755/229 239/756/216 253/757/230
f 252/755/229 253/757/230 254/758/231
f 252/755/229 254/758/231 255/759/227
f 252/760/229 255/761/227 245/762/222
f 252/763/229 245/764/222 240/765/217
f 243/726/220 229/725/206 256/766/232
f 243/767/220 256/768/232 257/769/233
f 243/770/220 257/771/233 258/772/234
f 243/770/220 258/772/234 249/773/226
f 243/728/220 249/774/226 244/729/221
f 259/775/235 167/535/145 166/534/144
f 259/775/235 166/534/144 182/568/160
f 259/776/235 182/777/160 260/778/236
f 259/779/235 260/780/236 261/781/237
f 259/779/235 261/781/237 262/782/238
f 259/775/235 262/783/238 167/535/145
f 263/784/239 167/537/145 262/785/238
f 263/786/239 262/787/238 264/788/240
f 263/786/239 264/788/240 265/789/241
f 263/784/239 265/790/241 169/540/147
f 263/784/239 169/540/147 167/537/145
f 265/789/241 264/788/240 266/791/242
f 265/789/241 266/791/242 267/792/243
f 265/790/241 267/793/243 170/541/148
f 265/790/241 170/541/148 169/540/147
f 267/792/243 266/791/242 268/794/244
f 267/795/243 268/796/244 269/797/245
f 267/795/243 269/797/245 173/798/151
f 267/799/243 173/546/151 170/545/148
f 269/797/245 268/796/244 270/800/246
f 269/801/245 270/802/246 271/803/247
f 269/804/245 271/805/247 193/806/171
f 269/797/245 193/807/171 173/798/151
f 272/808/248 180/592/158 192/591/170
f 272/808/248 192/591/170 273/809/249
f 272/808/248 273/809/249 274/810/250
f 272/811/248 274/812/250 275/813/251
f 272/811/248 275/813/251 181/814/159
f 272/811/248 181/814/159 180/815/158
f 209/816/187 208/817/186 276/818/252
f 209/819/187 276/820/252 277/821/253
f 209/822/187 277/823/253 204/824/182
f 209/825/187 204/826/182 203/827/181
f 237/700/214 236/699/213 278/828/254
f 237/700/214 278/828/254 279/829/255
f 237/701/214 279/830/255 220/831/197
f 237/701/214 220/831/197 218/702/195
f 280/832/256 207/625/185 206/624/184
f 280/833/256 206/834/184 281/835/257
f 280/833/256 281/835/257 253/836/230
f 280/832/256 253/757/230 239/756/216
f 280/832/256 239/756/216 207/625/185
f 256/768/232 229/837/206 228/838/205
f 256/768/232 228/838/205 282/839/258
f 256/768/232 282/839/258 283/840/259
f 256/768/232 283/840/259 257/769/233
f 284/841/260 199/739/177 247/738/224
f 284/842/260 247/843/224 285/844/261
f 284/842/260 285/844/261 286/845/262
f 284/842/260 286/845/262 287/846/263
f 284/842/260 287/846/263 200/847/178
f 284/848/260 200/612/178 199/611/177
f 288/849/264 231/691/208 251/850/228
f 288/849/264 251/850/228 289/851/265
f 288/852/264 289/853/265 290/854/266
f 288/852/264 290/854/266 291/855/267
f 288/852/264 291/855/267 232/856/209
f 288/849/264 232/692/209 231/691/208
f 292/857/227 245/858/222 255/859/227
f 292/860/227 255/861/227 293/862/227
f 292/863/227 293/864/227 294/865/268
f 292/866/227 294/867/268 295/868/269
f 292/869/227 295/870/269 246/737/223
f 292/871/227 246/872/223 245/873/222
f 296/874/227 249/875/226 258/876/234
f 296/877/227 258/878/234 297/879/270
f 296/880/227 297/881/270 298/882/271
f 296/883/227 298/884/271 299/885/272
f 296/883/227 299/885/272 250/742/227
f 296/883/227 250/742/227 249/741/226
f 300/886/273 221/887/198 220/888/197
f 300/889/273 220/831/197 279/830/255
f 300/889/273 279/830/255 301/890/274
f 300/891/273 301/892/274 302/893/275
f 300/894/273 302/895/275 221/896/198
f 302/897/275 301/898/274 303/899/276
f 302/900/275 303/901/276 304/902/277
f 302/903/275 304/904/277 222/663/199
f 302/903/275 222/663/199 221/662/198
f 225/905/202 222/906/199 304/907/277
f 225/908/202 304/909/277 305/910/278
f 225/911/202 305/912/278 306/913/279
f 225/911/202 306/913/279 307/914/280
f 225/915/202 307/916/280 226/917/203
f 308/918/281 204/622/182 277/919/253
f 308/918/281 277/919/253 309/920/282
f 308/921/281 309/922/282 310/923/283
f 308/921/281 310/923/283 311/924/284
f 308/921/281 311/924/284 205/925/183
f 308/918/281 205/623/183 204/622/182
f 312/926/285 200/847/178 287/846/263
f 312/926/285 287/846/263 313/927/286
f 312/926/285 313/927/286 314/928/287
f 312/926/285 314/928/287 315/929/288
f 312/926/285 315/929/288 316/930/289
f 312/926/285 316/930/289 317/931/290
f 312/926/285 317/931/290 208/932/186
f 312/926/285 208/932/186 200/847/178
f 235/698/212 233/697/210 232/856/209
f 235/698/212 232/856/209 291/855/267
f 235/933/212 291/934/267 281/935/257
f 235/933/212 281/935/257 318/936/291
f 235/933/212 318/936/291 236/937/213
f 282/839/258 228/838/205 226/917/203
f 282/839/258 226/917/203 307/916/280
f 282/839/258 307/916/280 319/938/292
f 282/839/258 319/938/292 320/939/293
f 282/839/258 320/939/293 283/840/259
f 321/940/294 247/738/224 246/737/223
f 321/940/294 246/737/223 295/870/269
f 321/941/294 295/942/269 322/943/295
f 321/941/294 322/943/295 285/844/261
f 321/941/294 285/844/261 247/843/224
f 323/944/227 251/945/228 250/946/227
f 323/947/227 250/948/227 299/949/272
f 323/950/227 299/951/272 324/952/296
f 323/953/227 324/954/296 289/851/265
f 323/953/227 289/851/265 251/850/228
f 325/955/297 258/956/234 257/769/233
f 325/955/297 257/769/233 326/957/298
f 325/955/297 326/957/298 327/958/299
f 325/955/297 327/958/299 328/959/300
f 325/955/297 328/959/300 297/960/270
f 325/955/297 297/960/270 258/956/234
f 329/961/301 192/591/170 191/590/169
f 329/962/301 191/963/169 190/964/168
f 329/962/301 190/964/168 330/965/302
f 329/962/301 330/965/302 331/966/3
f 329/962/301 331/966/3 332/967/3
f 329/968/301 332/969/3 333/970/303
f 329/968/301 333/970/303 192/971/170
f 273/972/249 192/971/170 333/970/303
f 273/973/249 333/974/303 334/975/3
f 273/973/249 334/975/3 335/976/304
f 273/977/249 335/978/304 274/812/250
f 336/979/305 271/980/247 270/981/246
f 336/979/305 270/981/246 337/982/306
f 336/979/305 337/982/306 338/983/307
f 336/979/305 338/983/307 339/984/308
f 336/985/305 339/986/308 271/987/247
f 339/984/308 338/983/307 340/988/3
f 339/986/308 340/989/3 341/990/309
f 339/986/308 341/990/309 342/991/310
f 339/986/308 342/991/310 271/987/247
f 343/992/3 332/993/3 334/994/3
f 341/990/309 340/989/3 331/966/3
f 341/990/309 331/966/3 330/965/302
f 341/990/309 330/965/302 342/991/310
f 342/991/310 330/965/302 190/964/168
f 276/995/252 208/996/186 317/997/290
f 276/998/252 317/999/290 344/1000/311
f 276/1001/252 344/1002/311 345/1003/312
f 276/1004/252 345/1005/312 277/1006/253
f 309/920/282 277/919/253 345/1007/312
f 309/920/282 345/1007/312 346/1008/313
f 309/920/282 346/1008/313 347/1009/314
f 309/922/282 347/1010/314 348/1011/315
f 309/922/282 348/1011/315 310/923/283
f 311/1012/284 310/1013/283 278/1014/254
f 311/1012/284 278/1014/254 236/937/213
f 311/1012/284 236/937/213 318/936/291
f 311/924/284 318/1015/291 205/925/183
f 318/1015/291 281/835/257 206/834/184
f 318/1015/291 206/834/184 205/925/183
f 349/1016/316 253/836/230 281/835/257
f 349/1017/316 281/935/257 291/934/267
f 349/1017/316 291/934/267 290/1018/266
f 349/1017/316 290/1018/266 350/1019/317
f 349/1016/316 350/1020/317 254/1021/231
f 349/1016/316 254/1021/231 253/836/230
f 326/957/298 257/769/233 283/840/259
f 326/957/298 283/840/259 351/1022/318
f 326/957/298 351/1022/318 352/1023/319
f 326/957/298 352/1023/319 353/1024/320
f 326/957/298 353/1024/320 327/958/299
f 354/1025/227 255/759/227 254/758/231
f 354/1026/227 254/1021/231 350/1020/317
f 354/1026/227 350/1020/317 355/1027/321
f 354/1025/227 355/1028/321 293/1029/227
f 354/1025/227 293/1029/227 255/759/227
f 356/1030/322 181/1031/159 275/1032/251
f 356/1030/322 275/1032/251 357/1033/323
f 356/1030/322 357/1033/323 358/1034/324
f 356/1035/322 358/1036/324 260/780/236
f 356/1037/322 260/778/236 182/777/160
f 356/1038/322 182/568/160 181/567/159
f 359/1039/325 304/1040/277 303/1041/276
f 359/1039/325 303/1041/276 360/1042/326
f 359/1043/325 360/1044/326 361/1045/327
f 359/1043/325 361/1045/327 305/1046/278
f 359/1043/325 305/1046/278 304/1047/277
f 320/939/293 319/938/292 362/1048/328
f 320/939/293 362/1048/328 352/1023/319
f 320/939/293 352/1023/319 351/1022/318
f 320/939/293 351/1022/318 283/840/259
f 363/1049/329 295/868/269 294/867/268
f 363/1050/329 294/1051/268 364/1052/330
f 363/1053/329 364/1054/330 365/1055/331
f 363/1056/329 365/1057/331 366/1058/332
f 363/1059/329 366/1060/332 367/1061/333
f 363/1062/329 367/1063/333 295/1064/269
f 322/1065/295 295/1064/269 367/1063/333
f 322/1066/295 367/1067/333 368/1068/334
f 322/1069/295 368/1070/334 369/1071/335
f 322/1069/295 369/1071/335 370/1072/336
f 322/943/295 370/1073/336 285/844/261
f 371/1074/337 289/851/265 324/954/296
f 371/1075/337 324/1076/296 372/1077/338
f 371/1075/337 372/1077/338 373/1078/339
f 371/1079/337 373/1080/339 374/1081/340
f 371/1082/337 374/1083/340 350/1084/317
f 371/1085/337 350/1086/317 289/853/265
f 350/1086/317 290/854/266 289/853/265
f 375/1087/341 299/885/272 298/884/271
f 375/1087/341 298/884/271 376/1088/342
f 375/1089/341 376/1090/342 377/1091/343
f 375/1089/341 377/1091/343 378/1092/344
f 375/1093/341 378/1094/344 372/1095/338
f 375/1093/341 372/1095/338 324/1096/296
f 375/1097/341 324/1098/296 299/1099/272
f 379/1100/345 297/1101/270 328/1102/300
f 379/1103/345 328/1104/300 380/1105/346
f 379/1103/345 380/1105/346 381/1106/347
f 379/1103/345 381/1106/347 377/1107/343
f 379/1108/345 377/1109/343 376/1110/342
f 379/1111/345 376/1112/342 297/1113/270
f 297/881/270 376/1114/342 298/882/271
f 344/1000/311 317/999/290 382/1115/348
f 344/1000/311 382/1115/348 383/1116/349
f 344/1117/311 383/1118/349 346/1119/313
f 344/1120/311 346/1121/313 345/1122/312
f 384/1123/350 279/829/255 278/828/254
f 384/1124/350 278/1014/254 310/1013/283
f 384/1124/350 310/1013/283 348/1125/315
f 384/1124/350 348/1125/315 385/1126/351
f 384/1123/350 385/1127/351 386/1128/352
f 384/1123/350 386/1128/352 279/829/255
f 386/1129/352 385/1130/351 387/1131/353
f 386/1129/352 387/1131/353 301/890/274
f 386/1129/352 301/890/274 279/830/255
f 286/845/262 285/844/261 370/1073/336
f 286/1132/262 370/1133/336 388/1134/354
f 286/845/262 388/1135/354 389/1136/355
f 286/845/262 389/1136/355 313/927/286
f 286/845/262 313/927/286 287/846/263
f 355/1027/321 350/1020/317 374/1137/340
f 355/1027/321 374/1137/340 390/1138/356
f 355/1139/321 390/1140/356 364/1141/330
f 355/1028/321 364/1142/330 293/1029/227
f 364/1143/330 294/1144/268 293/1145/227
f 387/1146/353 385/1147/351 391/1148/357
f 387/1149/353 391/1150/357 392/1151/358
f 387/1152/353 392/1153/358 360/1154/326
f 387/1152/353 360/1154/326 303/1155/276
f 387/1156/353 303/1157/276 301/1158/274
f 382/1159/348 317/1160/290 316/1161/289
f 382/1162/348 316/1163/289 393/1164/359
f 382/1162/348 393/1164/359 394/1165/360
f 382/1166/348 394/1167/360 395/1168/361
f 382/1115/348 395/1169/361 396/1170/362
f 382/1115/348 396/1170/362 383/1116/349
f 397/1171/363 307/914/280 306/913/279
f 397/1171/363 306/913/279 398/1172/364
f 397/1171/363 398/1172/364 399/1173/365
f 397/1171/363 399/1173/365 319/1174/292
f 397/1171/363 319/1174/292 307/914/280
f 361/1175/327 360/1176/326 400/1177/366
f 361/1175/327 400/1177/366 401/1178/367
f 361/1179/327 401/1180/367 402/1181/368
f 361/1045/327 402/1182/368 403/1183/369
f 361/1045/327 403/1183/369 305/1046/278
f 404/1184/370 305/912/278 403/1185/369
f 404/1186/370 403/1187/369 405/1188/371
f 404/1186/370 405/1188/371 406/1189/372
f 404/1186/370 406/1189/372 398/1190/364
f 404/1184/370 398/1172/364 306/913/279
f 404/1184/370 306/913/279 305/912/278
f 383/1116/349 396/1170/362 407/1191/373
f 383/1192/349 407/1193/373 408/1194/374
f 383/1195/349 408/1196/374 347/1197/314
f 383/1195/349 347/1197/314 346/1198/313
f 389/1199/355 388/1134/354 409/1200/375
f 389/1199/355 409/1200/375 410/1201/376
f 389/1136/355 410/1202/376 314/928/287
f 389/1136/355 314/928/287 313/927/286
f 390/1203/356 374/1081/340 373/1080/339
f 390/1203/356 373/1080/339 411/1204/377
f 390/1205/356 411/1206/377 365/1207/331
f 390/1208/356 365/1209/331 364/1210/330
f 412/1211/378 347/1212/314 408/1213/374
f 412/1214/378 408/1215/374 413/1216/379
f 412/1217/378 413/1218/379 414/1219/380
f 412/1220/378 414/1221/380 415/1222/381
f 412/1223/378 415/1224/381 385/1126/351
f 412/1223/378 385/1126/351 348/1125/315
f 412/1225/378 348/1011/315 347/1010/314
f 399/1226/365 398/1190/364 416/1227/382
f 399/1226/365 416/1227/382 417/1228/383
f 399/1226/365 417/1228/383 418/1229/384
f 399/1226/365 418/1229/384 362/1230/328
f 399/1173/365 362/1231/328 319/1174/292
f 419/1232/385 360/1233/326 392/1234/358
f 419/1235/385 392/1236/358 420/1237/386
f 419/1238/385 420/1239/386 421/1240/387
f 419/1241/385 421/1242/387 422/1243/388
f 419/1241/385 422/1243/388 423/1244/389
f 419/1241/385 423/1244/389 400/1177/366
f 419/1241/385 400/1177/366 360/1176/326
f 424/1245/390 316/930/289 315/929/288
f 424/1245/390 315/929/288 410/1202/376
f 424/1246/390 410/1247/376 425/1248/391
f 424/1246/390 425/1248/391 426/1249/392
f 424/1246/390 426/1249/392 427/1250/393
f 424/1251/390 427/1252/393 316/1253/289
f 427/1250/393 426/1249/392 428/1254/394
f 427/1250/393 428/1254/394 393/1255/359
f 427/1252/393 393/1256/359 316/1253/289
f 429/1257/395 391/1258/357 385/1259/351
f 429/1260/395 385/1261/351 430/1262/380
f 429/1260/395 430/1262/380 340/1263/3
f 429/1260/395 340/1263/3 431/1264/396
f 429/1260/395 431/1264/396 432/1265/397
f 429/1260/395 432/1265/397 433/1266/398
f 429/1267/395 433/1268/398 434/1269/399
f 429/1270/395 434/1271/399 391/1272/357
f 434/1273/399 433/1274/398 435/1275/400
f 434/1276/399 435/1277/400 436/1278/102
f 434/1279/399 436/1280/102 420/1281/386
f 434/1279/399 420/1281/386 392/1282/358
f 434/1283/399 392/1151/358 391/1150/357
f 410/1202/376 315/929/288 314/928/287
f 437/1284/401 328/959/300 327/958/299
f 437/1285/401 327/1286/299 353/1287/320
f 437/1285/401 353/1287/320 438/1288/402
f 437/1289/401 438/1290/402 439/1291/403
f 437/1289/401 439/1291/403 380/1292/346
f 437/1293/401 380/1294/346 328/1295/300
f 440/1296/404 274/812/250 335/978/304
f 440/1296/404 335/978/304 441/1297/405
f 440/1296/404 441/1297/405 442/1298/406
f 440/1296/404 442/1298/406 443/1299/407
f 440/1296/404 443/1299/407 275/813/251
f 440/1296/404 275/813/251 274/812/250
f 444/1300/408 407/1191/373 396/1170/362
f 444/1300/408 396/1170/362 395/1169/361
f 444/1301/408 395/1302/361 445/1303/409
f 444/1304/408 445/1305/409 446/1306/410
f 444/1304/408 446/1306/410 447/1307/411
f 444/1304/408 447/1307/411 407/1308/373
f 448/1309/412 407/1308/373 447/1307/411
f 448/1310/412 447/1311/411 449/1312/413
f 448/1313/412 449/1314/413 450/1315/414
f 448/1316/412 450/1317/414 451/1318/415
f 448/1316/412 451/1318/415 408/1319/374
f 448/1320/412 408/1194/374 407/1193/373
f 413/1321/379 408/1322/374 451/1323/415
f 413/1324/379 451/1325/415 452/1326/416
f 413/1327/379 452/1328/416 453/1329/417
f 413/1327/379 453/1329/417 454/1330/418
f 413/1218/379 454/1331/418 334/975/3
f 413/1218/379 334/975/3 414/1219/380
f 415/1224/381 430/1332/380 385/1126/351
f 443/1299/407 442/1298/406 455/1333/419
f 443/1334/407 455/1335/419 456/1336/420
f 443/1334/407 456/1336/420 357/1033/323
f 443/1334/407 357/1033/323 275/1032/251
f 457/1337/421 270/1338/246 268/794/244
f 457/1337/421 268/794/244 458/1339/422
f 457/1337/421 458/1339/422 459/1340/423
f 457/1337/421 459/1340/423 460/1341/424
f 457/1337/421 460/1341/424 461/1342/425
f 457/1343/421 461/1344/425 270/981/246
f 461/1344/425 460/1345/424 462/1346/426
f 461/1344/425 462/1346/426 463/1347/427
f 461/1344/425 463/1347/427 337/982/306
f 461/1344/425 337/982/306 270/981/246
f 441/1297/405 335/978/304 334/1348/3
f 441/1349/405 334/975/3 454/1331/418
f 441/1297/405 454/1350/418 464/1351/428
f 441/1297/405 464/1351/428 442/1298/406
f 465/1352/429 338/983/307 337/982/306
f 465/1352/429 337/982/306 463/1347/427
f 465/1353/429 463/1354/427 466/1355/430
f 465/1356/429 466/1357/430 431/1264/396
f 465/1356/429 431/1264/396 340/1263/3
f 465/1352/429 340/988/3 338/983/307
f 401/1178/367 400/1177/366 423/1244/389
f 401/1180/367 423/1358/389 467/1359/431
f 401/1180/367 467/1359/431 468/1360/432
f 401/1180/367 468/1360/432 469/1361/433
f 401/1180/367 469/1361/433 402/1181/368
f 453/1329/417 452/1328/416 470/1362/434
f 453/1329/417 470/1362/434 471/1363/435
f 453/1364/417 471/1365/435 464/1351/428
f 453/1329/417 464/1366/428 454/1330/418
f 333/974/303 332/1367/3 414/1219/380
f 333/974/303 414/1219/380 334/975/3
f 340/989/3 430/1368/380 331/966/3
f 466/1355/430 463/1354/427 472/1369/436
f 466/1355/430 472/1369/436 473/1370/437
f 466/1357/430 473/1371/437 432/1265/397
f 466/1357/430 432/1265/397 431/1264/396
f 421/1372/387 420/1373/386 436/1374/102
f 421/1372/387 436/1374/102 474/1375/438
f 421/1376/387 474/1377/438 475/1378/439
f 421/1379/387 475/1380/439 422/1381/388
f 450/1382/414 449/1383/413 476/1384/440
f 450/1385/414 476/1386/440 477/1387/441
f 450/1388/414 477/1389/441 452/1390/416
f 450/1391/414 452/1392/416 451/1393/415
f 435/1394/400 433/1395/398 478/1396/442
f 435/1397/400 478/1398/442 479/1399/443
f 435/1400/400 479/1401/443 474/1402/438
f 435/1403/400 474/1404/438 436/1405/102
f 480/1406/444 449/1312/413 447/1311/411
f 480/1406/444 447/1311/411 446/1407/410
f 480/1406/444 446/1407/410 481/1408/445
f 480/1406/444 481/1408/445 482/1409/446
f 480/1406/444 482/1409/446 483/1410/447
f 480/1406/444 483/1410/447 449/1312/413
f 476/1411/440 449/1412/413 483/1413/447
f 476/1411/440 483/1413/447 484/1414/448
f 476/1415/440 484/1416/448 485/1417/449
f 476/1386/440 485/1418/449 477/1387/441
f 486/1419/450 474/1420/438 479/1421/443
f 486/1419/450 479/1421/443 487/1422/451
f 486/1423/450 487/1424/451 488/1425/452
f 486/1426/450 488/1427/452 489/1428/381
f 486/1426/450 489/1428/381 475/1429/439
f 486/1430/450 475/1431/439 474/1432/438
f 490/1433/453 475/1380/439 489/1434/381
f 490/1433/453 489/1434/381 491/1435/454
f 490/1433/453 491/1435/454 492/1436/455
f 490/1433/453 492/1436/455 493/1437/456
f 490/1433/453 493/1437/456 422/1381/388
f 490/1433/453 422/1381/388 475/1380/439
f 494/1438/457 442/1298/406 464/1351/428
f 494/1438/457 464/1351/428 471/1365/435
f 494/1438/457 471/1365/435 495/1439/458
f 494/1440/457 495/1441/458 455/1335/419
f 494/1438/457 455/1333/419 442/1298/406
f 462/1346/426 460/1345/424 496/1442/459
f 462/1346/426 496/1442/459 497/1443/460
f 462/1346/426 497/1443/460 472/1444/436
f 462/1346/426 472/1444/436 463/1347/427
f 493/1437/456 492/1436/455 498/1445/461
f 493/1446/456 498/1447/461 467/1448/431
f 493/1449/456 467/1450/431 423/1244/389
f 493/1449/456 423/1244/389 422/1243/388
f 499/1451/462 432/1265/397 473/1371/437
f 499/1452/462 473/1453/437 500/1454/463
f 499/1455/462 500/1456/463 501/1457/464
f 499/1455/462 501/1457/464 502/1458/465
f 499/1451/462 502/1459/465 478/1460/442
f 499/1451/462 478/1460/442 433/1266/398
f 499/1451/462 433/1266/398 432/1265/397
f 470/1362/434 452/1328/416 477/1461/441
f 470/1462/434 477/1463/441 503/1464/466
f 470/1465/434 503/1466/466 504/1467/467
f 470/1465/434 504/1467/467 505/1468/468
f 470/1469/434 505/1470/468 471/1471/435
f 418/1229/384 417/1228/383 506/1472/469
f 418/1473/384 506/1474/469 507/1475/470
f 418/1229/384 507/1476/470 352/1477/319
f 418/1229/384 352/1477/319 362/1230/328
f 507/1478/470 506/1479/469 508/1480/471
f 507/1478/470 508/1480/471 509/1481/472
f 507/1478/470 509/1481/472 438/1482/402
f 507/1483/470 438/1484/402 353/1485/320
f 507/1476/470 353/1486/320 352/1477/319
f 266/1487/242 264/1488/240 510/1489/473
f 266/1487/242 510/1489/473 511/1490/474
f 266/1487/242 511/1490/474 458/1491/422
f 266/791/242 458/1339/422 268/794/244
f 497/1492/460 496/1493/459 512/1494/475
f 497/1492/460 512/1494/475 500/1495/463
f 497/1496/460 500/1497/463 473/1498/437
f 497/1499/460 473/1370/437 472/1369/436
f 513/1500/476 446/1501/410 445/1502/409
f 513/1500/476 445/1502/409 514/1503/477
f 513/1500/476 514/1503/477 482/1504/446
f 513/1500/476 482/1504/446 481/1505/445
f 513/1506/476 481/1408/445 446/1407/410
f 484/1507/448 483/1508/447 482/1504/446
f 484/1507/448 482/1504/446 514/1503/477
f 484/1507/448 514/1503/477 515/1509/478
f 484/1510/448 515/1511/478 485/1512/449
f 488/1513/452 487/1514/451 516/1515/478
f 488/1516/452 516/1517/478 517/1518/479
f 488/1516/452 517/1518/479 491/1519/454
f 488/1516/452 491/1519/454 489/1520/381
f 518/1521/480 479/1399/443 478/1398/442
f 518/1521/480 478/1398/442 502/1522/465
f 518/1521/480 502/1522/465 519/1523/481
f 518/1524/480 519/1525/481 520/1526/482
f 518/1524/480 520/1526/482 487/1527/451
f 518/1524/480 487/1527/451 479/1528/443
f 505/1468/468 504/1467/467 521/1529/483
f 505/1530/468 521/1531/483 522/1532/484
f 505/1530/468 522/1532/484 495/1441/458
f 505/1530/468 495/1441/458 471/1533/435
f 498/1534/461 492/1535/455 491/1519/454
f 498/1534/461 491/1519/454 517/1518/479
f 498/1447/461 517/1536/479 467/1448/431
f 503/1537/466 477/1387/441 485/1418/449
f 503/1537/466 485/1418/449 523/1538/485
f 503/1539/466 523/1540/485 524/1541/486
f 503/1466/466 524/1542/486 504/1467/467
f 525/1543/487 455/1335/419 495/1441/458
f 525/1543/487 495/1441/458 522/1532/484
f 525/1543/487 522/1532/484 526/1544/488
f 525/1543/487 526/1544/488 456/1336/420
f 525/1543/487 456/1336/420 455/1335/419
f 527/1545/489 410/1247/376 409/1546/375
f 527/1545/489 409/1546/375 528/1547/490
f 527/1548/489 528/1549/490 529/1550/491
f 527/1545/489 529/1551/491 530/1552/492
f 527/1545/489 530/1552/492 425/1248/391
f 527/1545/489 425/1248/391 410/1247/376
f 531/1553/493 388/1134/354 370/1133/336
f 531/1554/493 370/1555/336 532/1556/494
f 531/1557/493 532/1558/494 533/1559/495
f 531/1557/493 533/1559/495 534/1560/496
f 531/1557/493 534/1560/496 528/1561/490
f 531/1562/493 528/1563/490 409/1564/375
f 531/1553/493 409/1200/375 388/1134/354
f 532/1565/494 370/1072/336 369/1071/335
f 532/1566/494 369/1567/335 535/1568/497
f 532/1566/494 535/1568/497 536/1569/498
f 532/1558/494 536/1570/498 537/1571/499
f 532/1558/494 537/1571/499 533/1559/495
f 538/1572/500 262/782/238 261/781/237
f 538/1572/500 261/781/237 539/1573/501
f 538/1574/500 539/1575/501 264/788/240
f 538/1574/500 264/788/240 262/787/238
f 540/1576/502 496/1493/459 460/1341/424
f 540/1576/502 460/1341/424 541/1577/503
f 540/1578/502 541/1579/503 542/1580/504
f 540/1578/502 542/1580/504 543/1581/505
f 540/1578/502 543/1581/505 512/1582/475
f 540/1576/502 512/1494/475 496/1493/459
f 544/1583/506 456/1336/420 526/1544/488
f 544/1584/506 526/1585/488 545/1586/507
f 544/1584/506 545/1586/507 546/1587/508
f 544/1584/506 546/1587/508 547/1588/509
f 544/1583/506 547/1589/509 456/1336/420
f 547/1588/509 546/1587/508 358/1036/324
f 547/1588/509 358/1036/324 357/1590/323
f 547/1589/509 357/1033/323 456/1336/420
f 459/1591/423 458/1491/422 511/1490/474
f 459/1591/423 511/1490/474 541/1579/503
f 459/1340/423 541/1577/503 460/1341/424
f 548/1592/510 500/1593/463 512/1582/475
f 548/1592/510 512/1582/475 549/1594/511
f 548/1592/510 549/1594/511 550/1595/512
f 548/1596/510 550/1597/512 501/1457/464
f 548/1596/510 501/1457/464 500/1456/463
f 416/1227/382 398/1190/364 406/1189/372
f 416/1598/382 406/1599/372 551/1600/513
f 416/1598/382 551/1600/513 552/1601/514
f 416/1598/382 552/1601/514 553/1602/515
f 416/1227/382 553/1603/515 417/1228/383
f 368/1604/334 367/1605/333 554/1606/516
f 368/1604/334 554/1606/516 555/1607/517
f 368/1604/334 555/1607/517 556/1608/518
f 368/1604/334 556/1608/518 535/1568/497
f 368/1604/334 535/1568/497 369/1567/335
f 557/1609/519 417/1228/383 553/1603/515
f 557/1610/519 553/1611/515 558/1612/520
f 557/1610/519 558/1612/520 559/1613/521
f 557/1610/519 559/1613/521 506/1479/469
f 557/1609/519 506/1472/469 417/1228/383
f 560/1614/522 526/1585/488 522/1615/484
f 560/1614/522 522/1615/484 561/1616/523
f 560/1617/522 561/1618/523 562/1619/524
f 560/1617/522 562/1619/524 545/1620/507
f 560/1614/522 545/1586/507 526/1585/488
f 521/1529/483 504/1467/467 563/1621/525
f 521/1529/483 563/1621/525 561/1618/523
f 521/1622/483 561/1616/523 522/1615/484
f 542/1580/504 541/1579/503 511/1490/474
f 542/1580/504 511/1490/474 564/1623/526
f 542/1580/504 564/1623/526 565/1624/527
f 542/1580/504 565/1624/527 566/1625/528
f 542/1580/504 566/1625/528 543/1581/505
f 549/1594/511 512/1582/475 543/1581/505
f 549/1594/511 543/1581/505 566/1625/528
f 549/1594/511 566/1625/528 550/1595/512
f 428/1626/394 426/1627/392 567/1628/529
f 428/1626/394 567/1628/529 568/1629/530
f 428/1626/394 568/1629/530 394/1630/360
f 428/1631/394 394/1632/360 393/1633/359
f 405/1634/371 403/1635/369 402/1636/368
f 405/1634/371 402/1636/368 569/1637/531
f 405/1634/371 569/1637/531 551/1600/513
f 405/1634/371 551/1600/513 406/1599/372
f 546/1587/508 545/1586/507 570/1638/532
f 546/1587/508 570/1638/532 261/781/237
f 546/1587/508 261/781/237 260/780/236
f 546/1587/508 260/780/236 358/1036/324
f 539/1573/501 261/781/237 570/1638/532
f 539/1573/501 570/1638/532 571/1639/533
f 539/1573/501 571/1639/533 572/1640/534
f 539/1641/501 572/1642/534 510/1489/473
f 539/1641/501 510/1489/473 264/1488/240
f 564/1623/526 511/1490/474 510/1489/473
f 564/1623/526 510/1489/473 572/1642/534
f 564/1623/526 572/1642/534 573/1643/535
f 564/1623/526 573/1643/535 565/1624/527
f 562/1619/524 561/1618/523 563/1621/525
f 562/1619/524 563/1621/525 574/1644/536
f 562/1619/524 574/1644/536 575/1645/537
f 562/1619/524 575/1645/537 576/1646/538
f 562/1619/524 576/1646/538 545/1620/507
f 570/1638/532 545/1586/507 576/1647/538
f 570/1638/532 576/1647/538 575/1648/537
f 570/1638/532 575/1648/537 571/1639/533
f 577/1649/539 394/1650/360 568/1651/530
f 577/1649/539 568/1651/530 578/1652/540
f 577/1649/539 578/1652/540 579/1653/541
f 577/1649/539 579/1653/541 580/1654/542
f 577/1649/539 580/1654/542 395/1655/361
f 577/1649/539 395/1655/361 394/1650/360
f 580/1654/542 579/1653/541 581/1656/543
f 580/1657/542 581/1658/543 515/1509/478
f 580/1657/542 515/1509/478 514/1503/477
f 580/1657/542 514/1503/477 445/1502/409
f 580/1654/542 445/1659/409 395/1655/361
f 469/1361/433 468/1360/432 582/1660/544
f 469/1661/433 582/1662/544 583/1663/545
f 469/1664/433 583/1665/545 569/1637/531
f 469/1664/433 569/1637/531 402/1636/368
f 468/1666/432 467/1448/431 517/1536/479
f 468/1666/432 517/1536/479 516/1667/478
f 468/1666/432 516/1667/478 584/1668/546
f 468/1666/432 584/1668/546 582/1669/544
f 524/1541/486 523/1540/485 574/1670/536
f 524/1542/486 574/1644/536 563/1621/525
f 524/1542/486 563/1621/525 504/1467/467
f 585/1671/547 501/1457/464 550/1597/512
f 585/1671/547 550/1597/512 586/1672/548
f 585/1673/547 586/1674/548 519/1523/481
f 585/1673/547 519/1523/481 502/1522/465
f 585/1671/547 502/1458/465 501/1457/464
f 523/1675/485 485/1676/449 515/1677/478
f 523/1678/485 515/1679/478 581/1680/543
f 523/1681/485 581/1682/543 587/1683/549
f 523/1684/485 587/1685/549 574/1686/536
f 520/1687/482 519/1688/481 588/1689/550
f 520/1690/482 588/1691/550 584/1692/546
f 520/1690/482 584/1692/546 516/1515/478
f 520/1690/482 516/1515/478 487/1514/451
f 567/1628/529 426/1627/392 425/1693/391
f 567/1628/529 425/1693/391 589/1694/551
f 567/1628/529 589/1694/551 590/1695/552
f 567/1628/529 590/1695/552 591/1696/553
f 567/1628/529 591/1696/553 568/1629/530
f 573/1643/535 572/1642/534 571/1697/533
f 573/1698/535 571/1639/533 575/1648/537
f 573/1699/535 575/1700/537 592/1701/380
f 573/1699/535 592/1701/380 593/1702/554
f 573/1699/535 593/1702/554 586/1703/548
f 573/1643/535 586/1704/548 566/1625/528
f 573/1643/535 566/1625/528 565/1624/527
f 586/1704/548 550/1595/512 566/1625/528
f 578/1705/540 568/1629/530 591/1696/553
f 578/1705/540 591/1696/553 594/1706/555
f 578/1652/540 594/1707/555 595/1708/556
f 578/1652/540 595/1708/556 579/1653/541
f 587/1709/549 581/1710/543 579/1711/541
f 587/1709/549 579/1711/541 595/1712/556
f 587/1713/549 595/1714/556 596/1715/557
f 587/1685/549 596/1716/557 574/1686/536
f 597/1717/558 582/1669/544 584/1668/546
f 597/1718/558 584/1692/546 588/1691/550
f 597/1718/558 588/1691/550 598/1719/559
f 597/1720/558 598/1721/559 599/1722/560
f 597/1720/558 599/1722/560 583/1663/545
f 597/1720/558 583/1663/545 582/1662/544
f 600/1723/561 583/1665/545 599/1724/560
f 600/1723/561 599/1724/560 601/1725/562
f 600/1723/561 601/1725/562 602/1726/563
f 600/1723/561 602/1726/563 551/1600/513
f 600/1723/561 551/1600/513 569/1637/531
f 600/1723/561 569/1637/531 583/1665/545
f 589/1694/551 425/1693/391 530/1727/492
f 589/1728/551 530/1729/492 603/1730/564
f 589/1731/551 603/1732/564 604/1733/565
f 589/1694/551 604/1734/565 605/1735/566
f 589/1694/551 605/1735/566 590/1695/552
f 606/1736/567 519/1737/481 586/1738/548
f 606/1736/567 586/1738/548 607/1739/568
f 606/1740/567 607/1741/568 608/1742/569
f 606/1740/567 608/1742/569 588/1689/550
f 606/1740/567 588/1689/550 519/1688/481
f 596/1743/557 595/1744/556 609/1745/570
f 596/1746/557 609/1747/570 610/1748/571
f 596/1749/557 610/1750/571 575/1751/537
f 596/1749/557 575/1751/537 574/1752/536
f 610/1753/571 609/1754/570 611/1755/572
f 610/1756/571 611/1757/572 612/1758/573
f 610/1750/571 612/1759/573 592/1760/380
f 610/1750/571 592/1760/380 575/1751/537
f 593/1702/554 592/1701/380 613/1761/574
f 593/1762/554 613/1763/574 614/1764/575
f 593/1762/554 614/1764/575 615/1765/576
f 593/1762/554 615/1765/576 607/1741/568
f 593/1766/554 607/1739/568 586/1738/548
f 615/1767/576 614/1768/575 616/1769/577
f 615/1767/576 616/1769/577 598/1719/559
f 615/1767/576 598/1719/559 608/1770/569
f 615/1765/576 608/1742/569 607/1741/568
f 598/1719/559 588/1691/550 608/1770/569
f 594/1706/555 591/1696/553 617/1771/578
f 594/1707/555 617/1772/578 618/1773/579
f 594/1707/555 618/1773/579 609/1774/570
f 594/1707/555 609/1774/570 595/1708/556
f 611/1775/572 609/1774/570 618/1773/579
f 611/1775/572 618/1773/579 619/1776/580
f 611/1775/572 619/1776/580 620/1777/581
f 611/1778/572 620/1779/581 621/1780/582
f 611/1757/572 621/1781/582 612/1758/573
f 622/1782/583 598/1721/559 616/1783/577
f 622/1782/583 616/1783/577 623/1784/584
f 622/1782/583 623/1784/584 601/1785/562
f 622/1786/583 601/1725/562 599/1724/560
f 622/1782/583 599/1722/560 598/1721/559
f 617/1771/578 591/1696/553 590/1695/552
f 617/1771/578 590/1695/552 605/1735/566
f 617/1771/578 605/1735/566 624/1787/585
f 617/1772/578 624/1788/585 619/1776/580
f 617/1772/578 619/1776/580 618/1773/579
f 552/1601/514 551/1600/513 602/1726/563
f 552/1601/514 602/1726/563 625/1789/586
f 552/1790/514 625/1791/586 626/1792/587
f 552/1790/514 626/1792/587 627/1793/588
f 552/1790/514 627/1793/588 553/1611/515
f 613/1794/574 592/1795/380 612/1796/573
f 613/1797/574 612/1798/573 621/1799/582
f 613/1800/574 621/1801/582 628/1802/381
f 613/1763/574 628/1803/381 614/1764/575
f 623/1784/584 616/1783/577 629/1804/589
f 623/1784/584 629/1804/589 630/1805/590
f 623/1784/584 630/1805/590 631/1806/591
f 623/1807/584 631/1808/591 632/1809/592
f 623/1810/584 632/1811/592 633/1812/593
f 623/1813/584 633/1814/593 601/1725/562
f 625/1789/586 602/1726/563 601/1725/562
f 625/1789/586 601/1725/562 633/1814/593
f 625/1789/586 633/1814/593 634/1815/594
f 625/1816/586 634/1817/594 626/1818/587
f 635/1819/377 365/1820/331 411/1821/377
f 635/1819/377 411/1821/377 636/1822/3
f 635/1823/377 636/1824/3 637/1825/595
f 635/1826/377 637/1827/595 366/1828/332
f 635/1829/377 366/1830/332 365/1831/331
f 638/1832/377 373/1078/339 372/1077/338
f 638/1833/377 372/1095/338 378/1094/344
f 638/1833/377 378/1094/344 639/1834/596
f 638/1833/377 639/1834/596 640/1835/3
f 638/1832/377 640/1836/3 641/1837/377
f 638/1832/377 641/1837/377 373/1078/339
f 641/1837/377 640/1836/3 642/1838/3
f 641/1839/377 642/1840/3 643/1841/3
f 641/1839/377 643/1841/3 411/1204/377
f 641/1839/377 411/1204/377 373/1080/339
f 644/1842/597 614/1764/575 628/1803/381
f 644/1842/597 628/1803/381 645/1843/598
f 644/1844/597 645/1845/598 646/1846/599
f 644/1844/597 646/1846/599 629/1847/589
f 644/1844/597 629/1847/589 616/1769/577
f 644/1844/597 616/1769/577 614/1768/575
f 554/1848/516 367/1061/333 366/1060/332
f 554/1848/516 366/1060/332 637/1849/595
f 554/1848/516 637/1849/595 647/1850/517
f 554/1606/516 647/1851/517 555/1607/517
f 648/1852/600 378/1092/344 377/1091/343
f 648/1853/600 377/1854/343 381/1855/347
f 648/1856/600 381/1857/347 649/1858/601
f 648/1859/600 649/1860/601 650/1861/602
f 648/1852/600 650/1862/602 639/1863/596
f 648/1852/600 639/1863/596 378/1092/344
f 643/1841/3 642/1840/3 651/1864/602
f 643/1865/3 651/1866/602 652/1867/602
f 643/1868/3 652/1869/602 636/1870/3
f 643/1871/3 636/1872/3 411/1873/377
f 653/1874/603 380/1292/346 439/1291/403
f 653/1874/603 439/1291/403 654/1875/604
f 653/1874/603 654/1875/604 655/1876/605
f 653/1874/603 655/1876/605 656/1877/606
f 653/1874/603 656/1877/606 657/1878/601
f 653/1874/603 657/1878/601 380/1292/346
f 657/1878/601 656/1877/606 658/1879/607
f 657/1878/601 658/1879/607 649/1858/601
f 657/1878/601 649/1858/601 381/1857/347
f 657/1878/601 381/1857/347 380/1292/346
f 659/1880/602 637/1881/595 636/1882/3
f 659/1883/602 636/1884/3 652/1885/602
f 659/1886/602 652/1887/602 660/1888/377
f 659/1889/602 660/1890/377 661/1891/608
f 659/1889/602 661/1891/608 647/1850/517
f 659/1889/602 647/1850/517 637/1849/595
f 662/1892/602 642/1838/3 640/1836/3
f 662/1893/602 640/1835/3 663/1894/602
f 662/1893/602 663/1894/602 664/1895/377
f 662/1893/602 664/1895/377 665/1896/377
f 662/1892/602 665/1897/377 666/1898/602
f 662/1892/602 666/1898/602 642/1838/3
f 666/1898/602 665/1897/377 667/1899/377
f 666/1900/602 667/1901/377 668/1902/377
f 666/1900/602 668/1902/377 651/1864/602
f 666/1900/602 651/1864/602 642/1840/3
f 663/1894/602 640/1835/3 639/1834/596
f 663/1903/602 639/1863/596 650/1862/602
f 663/1903/602 650/1862/602 669/1904/377
f 663/1903/602 669/1904/377 664/1905/377
f 670/1906/609 647/1851/517 661/1907/608
f 670/1906/609 661/1907/608 671/1908/610
f 670/1906/609 671/1908/610 672/1909/611
f 670/1906/609 672/1909/611 555/1607/517
f 670/1906/609 555/1607/517 647/1851/517
f 673/1910/377 652/1911/602 651/1912/602
f 673/1913/377 651/1914/602 668/1915/377
f 673/1916/377 668/1917/377 674/1918/612
f 673/1919/377 674/1920/612 675/1921/612
f 673/1922/377 675/1923/612 660/1924/377
f 673/1925/377 660/1926/377 652/1927/602
f 676/1928/613 650/1929/602 649/1858/601
f 676/1928/613 649/1858/601 658/1879/607
f 676/1928/613 658/1879/607 677/1930/614
f 676/1928/613 677/1930/614 678/1931/615
f 676/1928/613 678/1931/615 669/1932/377
f 676/1933/613 669/1934/377 650/1935/602
f 679/1936/616 621/1780/582 620/1779/581
f 679/1936/616 620/1779/581 680/1937/617
f 679/1938/616 680/1939/617 681/1940/618
f 679/1941/616 681/1942/618 682/1943/619
f 679/1944/616 682/1945/619 683/1946/620
f 679/1947/616 683/1948/620 621/1949/582
f 684/1950/621 621/1951/582 683/1952/620
f 684/1953/621 683/1954/620 685/1955/621
f 684/1956/621 685/1957/621 686/1958/622
f 684/1956/621 686/1958/622 645/1959/598
f 684/1956/621 645/1959/598 628/1960/381
f 684/1961/621 628/1962/381 621/1963/582
f 687/1964/623 620/1777/581 619/1776/580
f 687/1964/623 619/1776/580 688/1965/624
f 687/1966/623 688/1967/624 689/1968/625
f 687/1966/623 689/1968/625 680/1939/617
f 687/1964/623 680/1969/617 620/1777/581
f 690/1970/626 629/1847/589 646/1846/599
f 690/1971/626 646/1972/599 691/1973/627
f 690/1974/626 691/1975/627 692/1976/628
f 690/1977/626 692/1978/628 693/1979/629
f 690/1977/626 693/1979/629 694/1980/630
f 690/1977/626 694/1980/630 630/1981/590
f 690/1982/626 630/1805/590 629/1804/589
f 695/1983/631 619/1984/580 624/1985/585
f 695/1986/631 624/1987/585 696/1988/632
f 695/1989/631 696/1990/632 697/1991/633
f 695/1989/631 697/1991/633 688/1967/624
f 695/1989/631 688/1967/624 619/1992/580
f 696/1993/632 624/1994/585 605/1995/566
f 696/1996/632 605/1997/566 604/1998/565
f 696/1990/632 604/1999/565 698/2000/634
f 696/1990/632 698/2000/634 697/1991/633
f 634/1817/594 633/2001/593 632/1809/592
f 634/1817/594 632/1809/592 699/2002/635
f 634/1817/594 699/2002/635 700/2003/636
f 634/1817/594 700/2003/636 626/1818/587
f 701/2004/637 530/2005/492 529/2006/491
f 701/2007/637 529/2008/491 702/2009/638
f 701/2007/637 702/2009/638 703/2010/639
f 701/2007/637 703/2010/639 704/2011/640
f 701/2007/637 704/2011/640 603/2012/564
f 701/2013/637 603/2014/564 530/2015/492
f 627/2016/588 626/1818/587 705/2017/641
f 627/2018/588 705/2019/641 706/2020/642
f 627/2018/588 706/2020/642 558/2021/520
f 627/1793/588 558/1612/520 553/1611/515
f 702/2009/638 529/2008/491 528/2022/490
f 702/2023/638 528/1561/490 534/1560/496
f 702/2023/638 534/1560/496 707/2024/643
f 702/2009/638 707/2025/643 703/2010/639
f 559/2026/521 558/2021/520 708/2027/644
f 559/2026/521 708/2027/644 709/2028/645
f 559/2026/521 709/2028/645 508/2029/471
f 559/1613/521 508/1480/471 506/1479/469
f 654/1875/604 439/1291/403 438/1290/402
f 654/2030/604 438/1482/402 710/2031/646
f 654/2030/604 710/2031/646 711/2032/647
f 654/2030/604 711/2032/647 655/2033/605
f 509/2034/472 508/2029/471 712/2035/648
f 509/2036/472 712/2037/648 713/2038/649
f 509/2036/472 713/2038/649 710/2039/646
f 509/1481/472 710/2031/646 438/1482/402
f 556/1608/518 555/1607/517 672/1909/611
f 556/1608/518 672/1909/611 714/2040/650
f 556/1608/518 714/2040/650 536/1569/498
f 556/1608/518 536/1569/498 535/1568/497
f 715/2041/651 672/1909/611 671/1908/610
f 715/2041/651 671/1908/610 716/2042/652
f 715/2043/651 716/2044/652 717/2045/653
f 715/2043/651 717/2045/653 718/2046/654
f 715/2043/651 718/2046/654 714/2047/650
f 715/2041/651 714/2040/650 672/1909/611
f 677/1930/614 658/1879/607 656/1877/606
f 677/1930/614 656/1877/606 719/2048/655
f 677/1930/614 719/2048/655 720/2049/656
f 677/1930/614 720/2049/656 678/1931/615
f 719/2048/655 656/1877/606 655/1876/605
f 719/2050/655 655/2033/605 711/2032/647
f 719/2050/655 711/2032/647 721/2051/657
f 719/2050/655 721/2051/657 720/2052/656
f 722/2053/658 671/1908/610 661/1907/608
f 722/2054/658 661/1891/608 660/1890/377
f 722/2054/658 660/1890/377 675/2055/612
f 722/2054/658 675/2055/612 723/2056/227
f 722/2057/658 723/2058/227 724/2059/659
f 722/2057/658 724/2059/659 725/2060/660
f 722/2057/658 725/2060/660 726/2061/661
f 722/2062/658 726/2063/661 716/2044/652
f 722/2053/658 716/2042/652 671/1908/610
f 727/2064/612 668/1902/377 667/1901/377
f 727/2064/612 667/1901/377 728/2065/612
f 727/2064/612 728/2065/612 729/2066/227
f 727/2067/612 729/2068/227 730/2069/227
f 727/2067/612 730/2069/227 674/2070/612
f 727/2067/612 674/2070/612 668/2071/377
f 731/2072/612 667/1899/377 665/1897/377
f 731/2073/612 665/1896/377 732/2074/612
f 731/2073/612 732/2074/612 733/2075/227
f 731/2073/612 733/2075/227 734/2076/227
f 731/2072/612 734/2077/227 728/2078/612
f 731/2072/612 728/2078/612 667/1899/377
f 732/2074/612 665/1896/377 664/1895/377
f 732/2079/612 664/1905/377 735/2080/612
f 732/2079/612 735/2080/612 736/2081/227
f 732/2079/612 736/2081/227 733/2082/227
f 735/2080/612 664/1905/377 669/1904/377
f 735/2083/612 669/2084/377 678/2085/615
f 735/2083/612 678/2085/615 736/2086/227
f 723/2087/227 675/2088/612 674/2089/612
f 723/2090/227 674/2091/612 730/2092/227
f 723/2093/227 730/2094/227 737/2095/662
f 723/2058/227 737/2096/662 724/2059/659
f 738/2097/227 728/2098/612 734/2099/227
f 738/2097/227 734/2099/227 739/2100/663
f 738/2097/227 739/2100/663 740/2101/663
f 738/2097/227 740/2101/663 741/2102/663
f 738/2097/227 741/2102/663 729/2103/227
f 738/2097/227 729/2103/227 728/2098/612
f 742/2104/664 678/2105/615 720/2052/656
f 742/2104/664 720/2052/656 721/2051/657
f 742/2106/664 721/2107/657 743/2108/665
f 742/2106/664 743/2108/665 744/2109/666
f 742/2106/664 744/2109/666 745/2110/667
f 742/2106/664 745/2110/667 678/2111/615
f 746/2112/668 678/2113/615 745/2114/667
f 746/2115/668 745/2116/667 747/2117/669
f 746/2118/668 747/2119/669 748/2120/670
f 746/2118/668 748/2120/670 736/2121/227
f 746/2122/668 736/2123/227 678/2124/615
f 718/2046/654 717/2045/653 749/2125/671
f 718/2126/654 749/2127/671 750/2128/499
f 718/2129/654 750/2130/499 537/2131/499
f 718/2046/654 537/1571/499 536/1570/498
f 718/2046/654 536/1570/498 714/2047/650
f 726/2132/661 725/2133/660 751/2134/672
f 726/2132/661 751/2134/672 752/2135/673
f 726/2136/661 752/2137/673 717/2138/653
f 726/2063/661 717/2045/653 716/2044/652
f 631/2139/591 630/2140/590 694/2141/630
f 631/2142/591 694/1980/630 753/2143/674
f 631/1808/591 753/2144/674 699/2002/635
f 631/1808/591 699/2002/635 632/1809/592
f 754/2145/675 730/2069/227 729/2068/227
f 754/2145/675 729/2068/227 741/2146/663
f 754/2145/675 741/2146/663 755/2147/676
f 754/2148/675 755/2149/676 756/2150/677
f 754/2151/675 756/2152/677 737/2153/662
f 754/2154/675 737/2155/662 730/2156/227
f 757/2157/678 734/2076/227 733/2075/227
f 757/2158/678 733/2159/227 748/2160/670
f 757/2161/678 748/2162/670 758/2163/679
f 757/2164/678 758/2165/679 759/2166/680
f 757/2157/678 759/2167/680 739/2168/663
f 757/2157/678 739/2168/663 734/2076/227
f 748/2169/670 733/2170/227 736/2171/227
f 760/2172/681 737/2096/662 756/2173/677
f 760/2172/681 756/2173/677 761/2174/682
f 760/2172/681 761/2174/682 762/2175/683
f 760/2172/681 762/2175/683 763/2176/684
f 760/2172/681 763/2176/684 764/2177/685
f 760/2172/681 764/2177/685 737/2096/662
f 764/2178/685 763/2179/684 765/2180/686
f 764/2178/685 765/2180/686 725/2181/660
f 764/2178/685 725/2181/660 724/2182/659
f 764/2177/685 724/2059/659 737/2096/662
f 766/2183/687 748/2120/670 747/2119/669
f 766/2183/687 747/2119/669 767/2184/688
f 766/2183/687 767/2184/688 768/2185/689
f 766/2183/687 768/2185/689 769/2186/690
f 766/2183/687 769/2186/690 758/2187/679
f 766/2183/687 758/2187/679 748/2120/670
f 761/2188/682 756/2189/677 755/2190/676
f 761/2191/682 755/2192/676 770/2193/691
f 761/2191/682 770/2193/691 771/2194/692
f 761/2195/682 771/2196/692 772/2197/693
f 761/2174/682 772/2198/693 762/2175/683
f 769/2186/690 768/2185/689 773/2199/694
f 769/2200/690 773/2201/694 774/2202/695
f 769/2203/690 774/2204/695 775/2205/696
f 769/2203/690 775/2205/696 759/2206/680
f 769/2207/690 759/2208/680 758/2209/679
f 776/2210/697 741/2102/663 740/2101/663
f 776/2210/697 740/2101/663 777/2211/697
f 776/2210/697 777/2211/697 778/2212/698
f 776/2213/697 778/2214/698 770/2215/691
f 776/2213/697 770/2215/691 755/2147/676
f 776/2213/697 755/2147/676 741/2146/663
f 779/2216/697 740/2101/663 739/2100/663
f 779/2217/697 739/2168/663 759/2167/680
f 779/2217/697 759/2167/680 775/2218/696
f 779/2217/697 775/2218/696 780/2219/698
f 779/2216/697 780/2220/698 777/2211/697
f 779/2216/697 777/2211/697 740/2101/663
f 781/2221/698 777/2211/697 780/2220/698
f 781/2221/698 780/2220/698 782/2222/699
f 781/2221/698 782/2222/699 783/2223/699
f 781/2221/698 783/2223/699 784/2224/699
f 781/2221/698 784/2224/699 778/2212/698
f 781/2221/698 778/2212/698 777/2211/697
f 785/2225/700 772/2197/693 771/2196/692
f 785/2226/700 771/2227/692 786/2228/227
f 785/2229/700 786/2230/227 787/2231/701
f 785/2232/700 787/2233/701 788/2234/702
f 785/2232/700 788/2234/702 762/2175/683
f 785/2232/700 762/2175/683 772/2198/693
f 784/2224/699 783/2223/699 789/2235/227
f 784/2236/699 789/2237/227 786/2238/227
f 784/2236/699 786/2238/227 771/2239/692
f 784/2236/699 771/2239/692 778/2214/698
f 771/2239/692 770/2215/691 778/2214/698
f 790/2240/227 783/2223/699 782/2222/699
f 790/2241/227 782/2242/699 791/2243/227
f 790/2244/227 791/2245/227 792/2246/703
f 790/2247/227 792/2248/703 793/2249/704
f 790/2250/227 793/2251/704 794/2252/227
f 790/2240/227 794/2253/227 783/2223/699
f 794/2252/227 793/2251/704 795/2254/704
f 794/2253/227 795/2255/704 796/2256/704
f 794/2253/227 796/2256/704 789/2235/227
f 794/2253/227 789/2235/227 783/2223/699
f 774/2202/695 773/2201/694 797/2257/705
f 774/2258/695 797/2259/705 791/2260/227
f 774/2261/695 791/2243/227 782/2242/699
f 774/2261/695 782/2242/699 780/2219/698
f 774/2261/695 780/2219/698 775/2218/696
f 797/2262/705 773/2199/694 768/2185/689
f 797/2262/705 768/2185/689 798/2263/706
f 797/2262/705 798/2263/706 799/2264/707
f 797/2265/705 799/2266/707 791/2267/227
f 788/2268/702 787/2269/701 800/2270/708
f 788/2268/702 800/2270/708 801/2271/709
f 788/2268/702 801/2271/709 763/2179/684
f 788/2234/702 763/2176/684 762/2175/683
f 767/2272/688 747/2273/669 802/2274/710
f 767/2275/688 802/2276/710 803/2277/711
f 767/2278/688 803/2279/711 798/2280/706
f 767/2184/688 798/2263/706 768/2185/689
f 804/2281/712 786/2282/227 789/2283/227
f 804/2281/712 789/2283/227 796/2284/704
f 804/2281/712 796/2284/704 805/2285/713
f 804/2286/712 805/2287/713 806/2288/714
f 804/2289/712 806/2290/714 787/2291/701
f 804/2292/712 787/2293/701 786/2294/227
f 799/2295/707 798/2296/706 807/2297/715
f 799/2298/707 807/2299/715 808/2300/716
f 799/2301/707 808/2302/716 792/2303/703
f 799/2266/707 792/2304/703 791/2267/227
f 809/2305/717 604/2306/565 603/2012/564
f 809/2305/717 603/2012/564 704/2011/640
f 809/2307/717 704/2308/640 810/2309/718
f 809/2307/717 810/2309/718 811/2310/719
f 809/2307/717 811/2310/719 698/2311/634
f 809/2312/717 698/2000/634 604/1999/565
f 700/2313/636 699/2314/635 812/2315/720
f 700/2316/636 812/2317/720 813/2318/721
f 700/2319/636 813/2320/721 705/2019/641
f 700/2003/636 705/2017/641 626/1818/587
f 814/2321/722 683/2322/620 682/2323/619
f 814/2324/722 682/2325/619 815/2326/723
f 814/2327/722 815/2328/723 816/2329/724
f 814/2330/722 816/2331/724 817/2332/725
f 814/2333/722 817/2334/725 685/2335/621
f 814/2336/722 685/2337/621 683/2338/620
f 818/2339/726 645/2340/598 686/2341/622
f 818/2339/726 686/2341/622 819/2342/727
f 818/2339/726 819/2342/727 820/2343/728
f 818/2339/726 820/2343/728 691/2344/627
f 818/2339/726 691/2344/627 646/2345/599
f 818/2339/726 646/2345/599 645/2340/598
f 821/2346/729 688/1967/624 697/1991/633
f 821/2346/729 697/1991/633 822/2347/730
f 821/2348/729 822/2349/730 823/2350/731
f 821/2346/729 823/2351/731 824/2352/732
f 821/2346/729 824/2352/732 689/1968/625
f 821/2346/729 689/1968/625 688/1967/624
f 824/2353/732 823/2354/731 825/2355/733
f 824/2353/732 825/2355/733 826/2356/734
f 824/2352/732 826/2357/734 680/1939/617
f 824/2352/732 680/1939/617 689/1968/625
f 693/2358/629 692/1976/628 827/2359/735
f 693/2358/629 827/2359/735 828/2360/736
f 693/2358/629 828/2360/736 753/2361/674
f 693/1979/629 753/2143/674 694/1980/630
f 706/2020/642 705/2019/641 829/2362/737
f 706/2020/642 829/2362/737 830/2363/738
f 706/2020/642 830/2363/738 708/2027/644
f 706/2020/642 708/2027/644 558/2021/520
f 681/1940/618 680/1939/617 826/2357/734
f 681/1942/618 826/2356/734 831/2364/739
f 681/1942/618 831/2364/739 832/2365/740
f 681/1942/618 832/2365/740 833/2366/741
f 681/1942/618 833/2366/741 682/1943/619
f 834/2367/742 534/1560/496 533/1559/495
f 834/2368/742 533/2369/495 835/2370/743
f 834/2368/742 835/2370/743 836/2371/744
f 834/2368/742 836/2371/744 837/2372/745
f 834/2368/742 837/2372/745 707/2373/643
f 834/2374/742 707/2375/643 534/2376/496
f 709/2028/645 708/2027/644 838/2377/746
f 709/2378/645 838/2379/746 839/2380/747
f 709/2378/645 839/2380/747 712/2037/648
f 709/2028/645 712/2035/648 508/2029/471
f 752/2135/673 751/2134/672 840/2381/748
f 752/2382/673 840/2383/748 841/2384/749
f 752/2382/673 841/2384/749 749/2127/671
f 752/2385/673 749/2386/671 717/2387/653
f 842/2388/750 721/2107/657 711/2389/647
f 842/2388/750 711/2389/647 843/2390/646
f 842/2388/750 843/2390/646 844/2391/751
f 842/2388/750 844/2391/751 845/2392/752
f 842/2388/750 845/2392/752 743/2108/665
f 842/2388/750 743/2108/665 721/2107/657
f 835/2393/743 533/1559/495 537/1571/499
f 835/2370/743 537/2394/499 750/2128/499
f 835/2370/743 750/2128/499 846/2395/753
f 835/2370/743 846/2395/753 836/2371/744
f 713/2038/649 712/2037/648 847/2396/754
f 713/2038/649 847/2396/754 848/2397/755
f 713/2038/649 848/2397/755 843/2390/646
f 713/2038/649 843/2390/646 710/2039/646
f 843/2390/646 711/2389/647 710/2039/646
f 745/2110/667 744/2109/666 849/2398/756
f 745/2399/667 849/2400/756 850/2401/757
f 745/2402/667 850/2403/757 851/2404/758
f 745/2402/667 851/2404/758 802/2405/710
f 745/2406/667 802/2407/710 747/2408/669
f 801/2409/709 800/2410/708 852/2411/759
f 801/2412/709 852/2413/759 853/2414/760
f 801/2415/709 853/2416/760 765/2417/686
f 801/2271/709 765/2180/686 763/2179/684
f 803/2418/711 802/2419/710 854/2420/761
f 803/2421/711 854/2422/761 855/2423/762
f 803/2424/711 855/2425/762 807/2426/715
f 803/2427/711 807/2428/715 798/2429/706
f 806/2430/714 805/2431/713 856/2432/763
f 806/2433/714 856/2434/763 857/2435/764
f 806/2436/714 857/2437/764 800/2438/708
f 806/2439/714 800/2440/708 787/2441/701
f 858/2442/765 685/1957/621 817/2443/725
f 858/2442/765 817/2443/725 859/2444/766
f 858/2445/765 859/2446/766 860/2447/767
f 858/2445/765 860/2447/767 819/2342/727
f 858/2445/765 819/2342/727 686/2341/622
f 858/2442/765 686/1958/622 685/1957/621
f 861/2448/768 796/2449/704 795/2254/704
f 861/2448/768 795/2254/704 862/2450/768
f 861/2451/768 862/2452/768 863/2453/769
f 861/2451/768 863/2453/769 864/2454/770
f 861/2451/768 864/2454/770 805/2285/713
f 861/2451/768 805/2285/713 796/2284/704
f 865/2455/768 795/2254/704 793/2251/704
f 865/2456/768 793/2457/704 866/2458/771
f 865/2459/768 866/2460/771 867/2461/772
f 865/2455/768 867/2462/772 868/2463/769
f 865/2455/768 868/2463/769 862/2450/768
f 865/2455/768 862/2450/768 795/2254/704
f 866/2464/771 793/2465/704 792/2466/703
f 866/2467/771 792/2303/703 808/2302/716
f 866/2468/771 808/2469/716 869/2470/773
f 866/2468/771 869/2470/773 867/2471/772
f 833/2366/741 832/2365/740 870/2472/774
f 833/2473/741 870/2474/774 871/2475/775
f 833/2473/741 871/2475/775 815/2476/723
f 833/2473/741 815/2476/723 682/2477/619
f 872/2478/776 816/2479/724 815/2476/723
f 872/2478/776 815/2476/723 871/2475/775
f 872/2480/776 871/2481/775 873/2482/777
f 872/2480/776 873/2482/777 874/2483/778
f 872/2480/776 874/2483/778 875/2484/779
f 872/2485/776 875/2486/779 816/2487/724
f 875/2488/779 874/2489/778 876/2490/780
f 875/2491/779 876/2492/780 877/2493/781
f 875/2494/779 877/2495/781 878/2496/782
f 875/2497/779 878/2498/782 817/2499/725
f 875/2500/779 817/2332/725 816/2331/724
f 859/2444/766 817/2443/725 878/2501/782
f 859/2444/766 878/2501/782 879/2502/783
f 859/2446/766 879/2503/783 880/2504/784
f 859/2446/766 880/2504/784 860/2447/767
f 881/2505/785 819/2342/727 860/2447/767
f 881/2505/785 860/2447/767 882/2506/786
f 881/2507/785 882/2508/786 883/2509/787
f 881/2505/785 883/2510/787 884/2511/788
f 881/2505/785 884/2511/788 820/2343/728
f 881/2505/785 820/2343/728 819/2342/727
f 877/2512/781 876/2513/780 885/2514/380
f 877/2512/781 885/2514/380 886/2515/789
f 877/2516/781 886/2517/789 879/2518/783
f 877/2495/781 879/2519/783 878/2496/782
f 880/2504/784 879/2503/783 887/2520/790
f 880/2521/784 887/2522/790 888/2523/791
f 880/2521/784 888/2523/791 882/2524/786
f 880/2504/784 882/2506/786 860/2447/767
f 889/2525/792 820/2343/728 884/2511/788
f 889/2525/792 884/2511/788 890/2526/793
f 889/2527/792 890/2528/793 891/2529/794
f 889/2527/792 891/2529/794 892/2530/795
f 889/2527/792 892/2530/795 691/2531/627
f 889/2525/792 691/2344/627 820/2343/728
f 893/2532/796 871/2481/775 870/2533/774
f 893/2532/796 870/2533/774 894/2534/797
f 893/2535/796 894/2536/797 895/2537/798
f 893/2535/796 895/2537/798 896/2538/799
f 893/2539/796 896/2540/799 873/2541/777
f 893/2532/796 873/2482/777 871/2481/775
f 892/2542/795 891/2543/794 897/2544/800
f 892/2542/795 897/2544/800 898/2545/801
f 892/2542/795 898/2545/801 692/1976/628
f 892/2542/795 692/1976/628 691/1975/627
f 894/2546/797 870/2472/774 832/2365/740
f 894/2546/797 832/2365/740 899/2547/802
f 894/2546/797 899/2547/802 900/2548/803
f 894/2546/797 900/2548/803 895/2549/798
f 883/2509/787 882/2508/786 901/2550/804
f 883/2509/787 901/2550/804 902/2551/805
f 883/2509/787 902/2551/805 890/2528/793
f 883/2509/787 890/2528/793 884/2552/788
f 831/2364/739 826/2356/734 903/2553/806
f 831/2364/739 903/2553/806 904/2554/807
f 831/2364/739 904/2554/807 899/2547/802
f 831/2364/739 899/2547/802 832/2365/740
f 822/2347/730 697/1991/633 698/2000/634
f 822/2555/730 698/2311/634 811/2310/719
f 822/2556/730 811/2557/719 905/2558/808
f 822/2556/730 905/2558/808 823/2559/731
f 812/2315/720 699/2314/635 753/2560/674
f 812/2561/720 753/2361/674 828/2360/736
f 812/2561/720 828/2360/736 906/2562/809
f 812/2563/720 906/2564/809 813/2565/721
f 829/2362/737 705/2019/641 813/2320/721
f 829/2566/737 813/2565/721 907/2567/636
f 829/2566/737 907/2567/636 908/2568/641
f 829/2566/737 908/2568/641 830/2569/738
f 909/2570/810 704/2308/640 703/2571/639
f 909/2570/810 703/2571/639 910/2572/811
f 909/2570/810 910/2572/811 911/2573/812
f 909/2574/810 911/2575/812 912/2576/717
f 909/2574/810 912/2576/717 810/2577/718
f 909/2570/810 810/2309/718 704/2308/640
f 913/2578/813 876/2579/780 874/2580/778
f 913/2578/813 874/2580/778 914/2581/814
f 913/2578/813 914/2581/814 915/2582/815
f 913/2578/813 915/2582/815 916/2583/816
f 913/2578/813 916/2583/816 917/2584/817
f 913/2585/813 917/2586/817 876/2587/780
f 917/2588/817 916/2589/816 918/2590/818
f 917/2588/817 918/2590/818 919/2591/819
f 917/2592/817 919/2593/819 885/2594/380
f 917/2595/817 885/2596/380 876/2597/780
f 886/2598/789 885/2599/380 920/2600/820
f 886/2601/789 920/2602/820 921/2603/821
f 886/2601/789 921/2603/821 887/2522/790
f 886/2604/789 887/2520/790 879/2503/783
f 914/2581/814 874/2580/778 873/2541/777
f 914/2581/814 873/2541/777 896/2540/799
f 914/2581/814 896/2540/799 922/2605/822
f 914/2581/814 922/2605/822 915/2582/815
f 910/2572/811 703/2571/639 707/2606/643
f 910/2572/811 707/2606/643 837/2607/745
f 910/2608/811 837/2609/745 923/2610/823
f 910/2611/811 923/2612/823 911/2613/812
f 838/2377/746 708/2027/644 830/2363/738
f 838/2614/746 830/2569/738 924/2615/824
f 838/2614/746 924/2615/824 925/2616/825
f 838/2614/746 925/2616/825 839/2617/747
f 825/2618/733 823/2559/731 926/2619/826
f 825/2618/733 926/2619/826 927/2620/827
f 825/2621/733 927/2622/827 903/2623/806
f 825/2355/733 903/2553/806 826/2356/734
f 898/2545/801 897/2544/800 928/2624/828
f 898/2545/801 928/2624/828 929/2625/829
f 898/2545/801 929/2625/829 827/2359/735
f 898/2545/801 827/2359/735 692/1976/628
f 847/2396/754 712/2037/648 839/2380/747
f 847/2626/754 839/2617/747 930/2627/830
f 847/2628/754 930/2629/830 931/2630/754
f 847/2631/754 931/2632/754 848/2633/755
f 932/2634/831 751/2134/672 725/2133/660
f 932/2634/831 725/2133/660 933/2635/832
f 932/2636/831 933/2637/832 934/2638/833
f 932/2634/831 934/2639/833 840/2381/748
f 932/2634/831 840/2381/748 751/2134/672
f 935/2640/834 744/2109/666 743/2108/665
f 935/2640/834 743/2108/665 845/2392/752
f 935/2640/834 845/2392/752 936/2641/835
f 935/2642/834 936/2643/835 937/2644/836
f 935/2640/834 937/2645/836 849/2398/756
f 935/2640/834 849/2398/756 744/2109/666
f 888/2523/791 887/2522/790 938/2646/837
f 888/2523/791 938/2646/837 939/2647/838
f 888/2648/791 939/2649/838 901/2550/804
f 888/2648/791 901/2550/804 882/2508/786
f 940/2650/839 890/2528/793 902/2551/805
f 940/2650/839 902/2551/805 941/2651/840
f 940/2652/839 941/2653/840 942/2654/841
f 940/2652/839 942/2654/841 943/2655/842
f 940/2652/839 943/2655/842 891/2656/794
f 940/2650/839 891/2529/794 890/2528/793
f 944/2657/843 750/2128/499 749/2127/671
f 944/2657/843 749/2127/671 841/2384/749
f 944/2657/843 841/2384/749 945/2658/844
f 944/2659/843 945/2660/844 946/2661/753
f 944/2657/843 946/2662/753 846/2395/753
f 944/2657/843 846/2395/753 750/2128/499
f 844/2391/751 843/2390/646 848/2397/755
f 844/2663/751 848/2664/755 947/2665/755
f 844/2666/751 947/2667/755 948/2668/845
f 844/2669/751 948/2670/845 845/2671/752
f 919/2672/819 918/2673/818 949/2674/452
f 919/2672/819 949/2674/452 950/2675/846
f 919/2676/819 950/2677/846 920/2678/820
f 919/2593/819 920/2679/820 885/2594/380
f 938/2646/837 887/2522/790 921/2603/821
f 938/2646/837 921/2603/821 951/2680/847
f 938/2646/837 951/2680/847 952/2681/848
f 938/2646/837 952/2681/848 939/2647/838
f 953/2682/849 918/2590/818 916/2589/816
f 953/2683/849 916/2684/816 954/2685/850
f 953/2686/849 954/2687/850 955/2688/851
f 953/2686/849 955/2688/851 956/2689/852
f 953/2690/849 956/2691/852 949/2674/452
f 953/2682/849 949/2692/452 918/2590/818
f 951/2680/847 921/2603/821 920/2602/820
f 951/2680/847 920/2602/820 950/2693/846
f 951/2680/847 950/2693/846 957/2694/853
f 951/2680/847 957/2694/853 958/2695/854
f 951/2680/847 958/2695/854 952/2681/848
f 954/2685/850 916/2684/816 915/2696/815
f 954/2685/850 915/2696/815 959/2697/855
f 954/2685/850 959/2697/855 960/2698/856
f 954/2685/850 960/2698/856 955/2699/851
f 956/2700/852 955/2701/851 961/2702/852
f 956/2700/852 961/2702/852 957/2703/853
f 956/2704/852 957/2705/853 950/2706/846
f 956/2691/852 950/2675/846 949/2674/452
f 922/2707/822 896/2538/799 962/2708/857
f 922/2707/822 962/2708/857 963/2709/858
f 922/2707/822 963/2709/858 964/2710/859
f 922/2707/822 964/2710/859 959/2711/855
f 922/2712/822 959/2697/855 915/2696/815
f 965/2713/860 899/2714/802 904/2715/807
f 965/2713/860 904/2715/807 966/2716/861
f 965/2713/860 966/2716/861 967/2717/862
f 965/2713/860 967/2717/862 968/2718/863
f 965/2713/860 968/2718/863 900/2719/803
f 965/2720/860 900/2548/803 899/2547/802
f 943/2721/842 942/2722/841 969/2723/864
f 943/2721/842 969/2723/864 970/2724/865
f 943/2721/842 970/2724/865 897/2544/800
f 943/2721/842 897/2544/800 891/2543/794
f 971/2725/866 959/2711/855 964/2710/859
f 971/2725/866 964/2710/859 972/2726/867
f 971/2727/866 972/2728/867 973/2729/868
f 971/2727/866 973/2729/868 974/2730/869
f 971/2727/866 974/2730/869 960/2731/856
f 971/2732/866 960/2698/856 959/2697/855
f 975/2733/870 955/2734/851 960/2735/856
f 975/2736/870 960/2737/856 974/2738/869
f 975/2736/870 974/2738/869 976/2739/871
f 975/2740/870 976/2741/871 977/2742/871
f 975/2743/870 977/2744/871 961/2745/852
f 975/2733/870 961/2746/852 955/2734/851
f 978/2747/870 957/2748/853 961/2749/852
f 978/2750/870 961/2745/852 977/2744/871
f 978/2751/870 977/2752/871 979/2753/871
f 978/2754/870 979/2755/871 980/2756/872
f 978/2757/870 980/2758/872 958/2759/854
f 978/2760/870 958/2695/854 957/2694/853
f 962/2708/857 896/2538/799 895/2537/798
f 962/2708/857 895/2537/798 981/2761/873
f 962/2708/857 981/2761/873 982/2762/874
f 962/2708/857 982/2762/874 963/2709/858
f 983/2763/875 901/2550/804 939/2649/838
f 983/2763/875 939/2649/838 984/2764/876
f 983/2763/875 984/2764/876 985/2765/877
f 983/2766/875 985/2767/877 941/2653/840
f 983/2763/875 941/2651/840 902/2551/805
f 983/2763/875 902/2551/805 901/2550/804
f 986/2768/878 958/2769/854 980/2770/872
f 986/2771/878 980/2772/872 987/2773/879
f 986/2774/878 987/2775/879 988/2776/880
f 986/2777/878 988/2778/880 989/2779/881
f 986/2777/878 989/2779/881 952/2681/848
f 986/2777/878 952/2681/848 958/2695/854
f 989/2779/881 988/2778/880 990/2780/882
f 989/2781/881 990/2782/882 984/2764/876
f 989/2781/881 984/2764/876 939/2649/838
f 989/2779/881 939/2647/838 952/2681/848
f 981/2783/873 895/2549/798 900/2548/803
f 981/2784/873 900/2719/803 968/2718/863
f 981/2784/873 968/2718/863 991/2785/883
f 981/2784/873 991/2785/883 982/2786/874
f 992/2787/884 964/2710/859 963/2709/858
f 992/2787/884 963/2709/858 993/2788/885
f 992/2787/884 993/2788/885 994/2789/886
f 992/2787/884 994/2789/886 995/2790/887
f 992/2787/884 995/2790/887 972/2726/867
f 992/2787/884 972/2726/867 964/2710/859
f 973/2729/868 972/2728/867 995/2791/887
f 973/2729/868 995/2791/887 996/2792/888
f 973/2729/868 996/2792/888 997/2793/889
f 973/2729/868 997/2793/889 998/2794/890
f 973/2795/868 998/2796/890 999/2797/891
f 973/2795/868 999/2797/891 1000/2798/892
f 973/2795/868 1000/2798/892 1001/2799/893
f 973/2795/868 1001/2799/893 974/2800/869
f 1002/2801/894 988/2776/880 987/2775/879
f 1002/2801/894 987/2775/879 1003/2802/895
f 1002/2801/894 1003/2802/895 1004/2803/896
f 1002/2804/894 1004/2805/896 990/2806/882
f 1002/2807/894 990/2780/882 988/2778/880
f 993/2788/885 963/2709/858 982/2762/874
f 993/2788/885 982/2762/874 1005/2808/897
f 993/2809/885 1005/2810/897 1006/2811/898
f 993/2788/885 1006/2812/898 994/2789/886
f 1007/2813/899 984/2764/876 990/2782/882
f 1007/2814/899 990/2815/882 1004/2803/896
f 1007/2814/899 1004/2803/896 1008/2816/900
f 1007/2814/899 1008/2816/900 1009/2817/901
f 1007/2814/899 1009/2817/901 985/2767/877
f 1007/2814/899 985/2767/877 984/2818/876
f 905/2558/808 811/2557/719 1010/2819/634
f 905/2820/808 1010/2821/634 1011/2822/902
f 905/2820/808 1011/2822/902 926/2823/826
f 905/2558/808 926/2619/826 823/2559/731
f 1012/2824/903 828/2360/736 827/2359/735
f 1012/2824/903 827/2359/735 929/2625/829
f 1012/2825/903 929/2826/829 1013/2827/904
f 1012/2825/903 1013/2827/904 1014/2828/905
f 1012/2825/903 1014/2828/905 906/2829/809
f 1012/2824/903 906/2562/809 828/2360/736
f 1010/2819/634 811/2557/719 810/2577/718
f 1010/2819/634 810/2577/718 912/2576/717
f 1010/2830/634 912/2831/717 1015/2832/719
f 1010/2821/634 1015/2833/719 1011/2822/902
f 907/2567/636 813/2565/721 906/2564/809
f 907/2834/636 906/2829/809 1014/2828/905
f 907/2834/636 1014/2828/905 1016/2835/721
f 907/2836/636 1016/2837/721 908/2838/641
f 1017/2839/906 941/2653/840 985/2767/877
f 1017/2839/906 985/2767/877 1009/2817/901
f 1017/2839/906 1009/2817/901 1018/2840/907
f 1017/2839/906 1018/2840/907 1019/2841/908
f 1017/2839/906 1019/2841/908 942/2654/841
f 1017/2839/906 942/2654/841 941/2653/840
f 924/2615/824 830/2569/738 908/2568/641
f 924/2842/824 908/2838/641 1020/2843/737
f 924/2842/824 1020/2843/737 1021/2844/738
f 924/2842/824 1021/2844/738 925/2845/825
f 994/2846/886 1006/2847/898 1022/2848/909
f 994/2846/886 1022/2848/909 996/2792/888
f 994/2789/886 996/2849/888 995/2790/887
f 1023/2850/910 903/2623/806 927/2622/827
f 1023/2851/910 927/2852/827 1024/2853/911
f 1023/2851/910 1024/2853/911 1025/2854/912
f 1023/2851/910 1025/2854/912 966/2855/861
f 1023/2850/910 966/2716/861 904/2715/807
f 1023/2850/910 904/2715/807 903/2623/806
f 1026/2856/913 837/2372/745 836/2371/744
f 1026/2857/913 836/2858/744 1027/2859/744
f 1026/2857/913 1027/2859/744 1028/2860/914
f 1026/2857/913 1028/2860/914 1029/2861/915
f 1026/2857/913 1029/2861/915 923/2862/823
f 1026/2863/913 923/2864/823 837/2865/745
f 930/2627/830 839/2617/747 925/2616/825
f 930/2629/830 925/2845/825 1030/2866/916
f 930/2629/830 1030/2866/916 1031/2867/917
f 930/2629/830 1031/2867/917 931/2630/754
f 991/2785/883 968/2718/863 1032/2868/918
f 991/2785/883 1032/2868/918 1033/2869/919
f 991/2785/883 1033/2869/919 1005/2870/897
f 991/2785/883 1005/2870/897 982/2786/874
f 1027/2871/744 836/2371/744 846/2395/753
f 1027/2859/744 846/2872/753 946/2661/753
f 1027/2859/744 946/2661/753 1034/2873/920
f 1027/2859/744 1034/2873/920 1028/2860/914
f 1035/2874/921 840/2875/748 934/2876/833
f 1035/2874/921 934/2876/833 1036/2877/922
f 1035/2874/921 1036/2877/922 1037/2878/844
f 1035/2874/921 1037/2878/844 945/2660/844
f 1035/2874/921 945/2660/844 841/2879/749
f 1035/2880/921 841/2881/749 840/2882/748
f 937/2883/836 936/2884/835 1038/2885/923
f 937/2883/836 1038/2885/923 1039/2886/924
f 937/2883/836 1039/2886/924 850/2403/757
f 937/2883/836 850/2403/757 849/2887/756
f 947/2667/755 848/2888/755 931/2630/754
f 947/2667/755 931/2630/754 1040/2889/925
f 947/2667/755 1040/2889/925 1041/2890/926
f 947/2667/755 1041/2890/926 948/2668/845
f 948/2668/845 1041/2890/926 1042/2891/845
f 948/2668/845 1042/2891/845 936/2884/835
f 948/2668/845 936/2884/835 845/2892/752
f 1043/2893/927 1004/2803/896 1003/2802/895
f 1043/2893/927 1003/2802/895 1044/2894/928
f 1043/2893/927 1044/2894/928 1045/2895/929
f 1043/2893/927 1045/2895/929 1046/2896/930
f 1043/2893/927 1046/2896/930 1008/2816/900
f 1043/2893/927 1008/2816/900 1004/2803/896
f 970/2897/865 969/2898/864 1047/2899/931
f 970/2897/865 1047/2899/931 1048/2900/932
f 970/2897/865 1048/2900/932 928/2901/828
f 970/2724/865 928/2624/828 897/2544/800
f 1022/2848/909 1006/2847/898 1049/2902/933
f 1022/2848/909 1049/2902/933 1050/2903/934
f 1022/2848/909 1050/2903/934 997/2793/889
f 1022/2848/909 997/2793/889 996/2792/888
f 987/2904/879 980/2905/872 1051/2906/935
f 987/2904/879 1051/2906/935 1052/2907/936
f 987/2904/879 1052/2907/936 1053/2908/937
f 987/2909/879 1053/2910/937 1054/2911/938
f 987/2775/879 1054/2912/938 1044/2894/928
f 987/2775/879 1044/2894/928 1003/2802/895
f 967/2913/862 966/2855/861 1055/2914/939
f 967/2913/862 1055/2914/939 1056/2915/940
f 967/2913/862 1056/2915/940 1032/2916/918
f 967/2717/862 1032/2868/918 968/2718/863
f 1019/2917/908 1018/2918/907 1057/2919/941
f 1019/2920/908 1057/2921/941 1058/2922/942
f 1019/2920/908 1058/2922/942 969/2898/864
f 1019/2923/908 969/2723/864 942/2722/841
f 1059/2924/943 1005/2870/897 1033/2869/919
f 1059/2925/943 1033/2926/919 1060/2927/944
f 1059/2925/943 1060/2927/944 1061/2928/945
f 1059/2925/943 1061/2928/945 1049/2929/933
f 1059/2924/943 1049/2930/933 1006/2931/898
f 1059/2924/943 1006/2931/898 1005/2870/897
f 1062/2932/946 1009/2817/901 1008/2816/900
f 1062/2932/946 1008/2816/900 1046/2896/930
f 1062/2933/946 1046/2934/930 1063/2935/947
f 1062/2933/946 1063/2935/947 1064/2936/948
f 1062/2933/946 1064/2936/948 1018/2918/907
f 1062/2932/946 1018/2840/907 1009/2817/901
f 1050/2937/934 1049/2929/933 1065/2938/949
f 1050/2937/934 1065/2938/949 1066/2939/950
f 1050/2937/934 1066/2939/950 998/2940/890
f 1050/2903/934 998/2794/890 997/2793/889
f 1045/2895/929 1044/2894/928 1054/2912/938
f 1045/2941/929 1054/2911/938 1067/2942/951
f 1045/2941/929 1067/2942/951 1068/2943/952
f 1045/2941/929 1068/2943/952 1046/2934/930
f 1069/2944/953 926/2823/826 1011/2822/902
f 1069/2945/953 1011/2946/902 1070/2947/808
f 1069/2945/953 1070/2947/808 1071/2948/954
f 1069/2944/953 1071/2949/954 1024/2853/911
f 1069/2944/953 1024/2853/911 927/2852/827
f 1069/2944/953 927/2852/827 926/2823/826
f 1072/2950/718 912/2831/717 911/2951/812
f 1072/2950/718 911/2951/812 1073/2952/810
f 1072/2953/718 1073/2954/810 1074/2955/717
f 1072/2953/718 1074/2955/717 1075/2956/634
f 1072/2953/718 1075/2956/634 1015/2957/719
f 1072/2950/718 1015/2832/719 912/2831/717
f 1016/2835/721 1014/2828/905 1076/2958/809
f 1016/2835/721 1076/2958/809 1077/2959/636
f 1016/2960/721 1077/2961/636 1020/2962/737
f 1016/2837/721 1020/2843/737 908/2838/641
f 1078/2963/955 929/2826/829 928/2901/828
f 1078/2963/955 928/2901/828 1048/2900/932
f 1078/2963/955 1048/2900/932 1079/2964/956
f 1078/2963/955 1079/2964/956 1080/2965/957
f 1078/2963/955 1080/2965/957 1013/2827/904
f 1078/2963/955 1013/2827/904 929/2826/829
f 1073/2952/810 911/2951/812 923/2862/823
f 1073/2952/810 923/2862/823 1029/2861/915
f 1073/2954/810 1029/2966/915 1081/2967/812
f 1073/2954/810 1081/2967/812 1074/2955/717
f 1082/2968/958 725/2969/660 765/2970/686
f 1082/2971/958 765/2972/686 853/2414/760
f 1082/2971/958 853/2414/760 1083/2973/959
f 1082/2971/958 1083/2973/959 1084/2974/960
f 1082/2968/958 1084/2975/960 933/2976/832
f 1082/2968/958 933/2976/832 725/2969/660
f 1021/2977/738 1020/2962/737 1085/2978/641
f 1021/2977/738 1085/2978/641 1086/2979/824
f 1021/2977/738 1086/2979/824 1030/2980/916
f 1021/2844/738 1030/2866/916 925/2845/825
f 851/2404/758 850/2403/757 1087/2981/961
f 851/2982/758 1087/2983/961 1088/2984/962
f 851/2982/758 1088/2984/962 854/2422/761
f 851/2982/758 854/2422/761 802/2985/710
f 857/2435/764 856/2434/763 1089/2986/963
f 857/2435/764 1089/2986/963 1090/2987/964
f 857/2435/764 1090/2987/964 852/2413/759
f 857/2435/764 852/2413/759 800/2988/708
f 1091/2989/965 807/2990/715 855/2423/762
f 1091/2989/965 855/2423/762 1092/2991/966
f 1091/2989/965 1092/2991/966 1093/2992/967
f 1091/2989/965 1093/2992/967 869/2993/773
f 1091/2989/965 869/2993/773 808/2994/716
f 1091/2995/965 808/2996/716 807/2997/715
f 1031/2998/917 1030/2980/916 1094/2999/968
f 1031/2998/917 1094/2999/968 1095/3000/969
f 1031/2998/917 1095/3000/969 1040/3001/925
f 1031/2867/917 1040/2889/925 931/2630/754
f 1096/3002/970 946/2661/753 945/2660/844
f 1096/3002/970 945/2660/844 1037/2878/844
f 1096/3003/970 1037/3004/844 1097/3005/971
f 1096/3003/970 1097/3005/971 1098/3006/972
f 1096/3003/970 1098/3006/972 1034/3007/920
f 1096/3002/970 1034/2873/920 946/2661/753
f 864/2454/770 863/2453/769 1099/3008/973
f 864/3009/770 1099/3010/973 1100/3011/974
f 864/3012/770 1100/3013/974 856/3014/763
f 864/3015/770 856/3016/763 805/3017/713
f 1101/3018/769 862/2450/768 868/2463/769
f 1101/3018/769 868/2463/769 1102/3019/975
f 1101/3018/769 1102/3019/975 1103/3020/975
f 1101/3018/769 1103/3020/975 1104/3021/975
f 1101/3022/769 1104/3023/975 863/2453/769
f 1101/3018/769 863/3024/769 862/2450/768
f 1042/3025/845 1041/3026/926 1105/3027/976
f 1042/3025/845 1105/3027/976 1106/3028/977
f 1042/3025/845 1106/3028/977 1038/3029/923
f 1042/2891/845 1038/2885/923 936/2884/835
f 1107/3030/978 934/2876/833 933/2976/832
f 1107/3030/978 933/2976/832 1084/2975/960
f 1107/3031/978 1084/3032/960 1108/3033/979
f 1107/3031/978 1108/3033/979 1109/3034/980
f 1107/3031/978 1109/3034/980 1036/3035/922
f 1107/3030/978 1036/2877/922 934/2876/833
f 1039/3036/924 1038/3029/923 1110/3037/981
f 1039/3036/924 1110/3037/981 1111/3038/982
f 1039/3036/924 1111/3038/982 1087/3039/961
f 1039/2886/924 1087/2981/961 850/2403/757
f 1058/3040/942 1057/2919/941 1112/3041/983
f 1058/3040/942 1112/3041/983 1113/3042/984
f 1058/2922/942 1113/3043/984 1047/2899/931
f 1058/2922/942 1047/2899/931 969/2898/864
f 1025/3044/912 1024/3045/911 1114/3046/985
f 1025/3047/912 1114/3048/985 1115/3049/986
f 1025/2854/912 1115/3050/986 1055/2914/939
f 1025/2854/912 1055/2914/939 966/2855/861
f 1116/3051/987 1032/2916/918 1056/2915/940
f 1116/3051/987 1056/2915/940 1117/3052/988
f 1116/3053/987 1117/3054/988 1118/3055/989
f 1116/3056/987 1118/3057/989 1060/2927/944
f 1116/3056/987 1060/2927/944 1033/2926/919
f 1116/3051/987 1033/3058/919 1032/2916/918
f 1064/2936/948 1063/2935/947 1119/3059/990
f 1064/2936/948 1119/3059/990 1120/3060/991
f 1064/2936/948 1120/3060/991 1057/2919/941
f 1064/2936/948 1057/2919/941 1018/2918/907
f 1061/2928/945 1060/2927/944 1121/3061/992
f 1061/2928/945 1121/3061/992 1122/3062/993
f 1061/2928/945 1122/3062/993 1065/2938/949
f 1061/2928/945 1065/2938/949 1049/2929/933
f 1068/2943/952 1067/2942/951 1123/3063/994
f 1068/2943/952 1123/3063/994 1124/3064/995
f 1068/2943/952 1124/3064/995 1063/2935/947
f 1068/2943/952 1063/2935/947 1046/2934/930
f 1066/2939/950 1065/2938/949 1125/3065/996
f 1066/2939/950 1125/3065/996 1126/3066/997
f 1066/2939/950 1126/3066/997 999/3067/891
f 1066/2939/950 999/3067/891 998/2940/890
f 1053/2908/937 1052/2907/936 1127/3068/998
f 1053/2908/937 1127/3068/998 1128/3069/999
f 1053/2910/937 1128/3070/999 1067/2942/951
f 1053/2910/937 1067/2942/951 1054/2911/938
f 1080/2965/957 1079/2964/956 1129/3071/1000
f 1080/2965/957 1129/3071/1000 1130/3072/1001
f 1080/2965/957 1130/3072/1001 1076/2958/809
f 1080/2965/957 1076/2958/809 1013/2827/904
f 1076/2958/809 1014/2828/905 1013/2827/904
f 1070/2947/808 1011/2946/902 1015/3073/719
f 1070/2947/808 1015/3073/719 1075/3074/634
f 1070/2947/808 1075/3074/634 1131/3075/1002
f 1070/2947/808 1131/3075/1002 1071/2948/954
f 1077/2959/636 1076/2958/809 1130/3072/1001
f 1077/3076/636 1130/3077/1001 1132/3078/721
f 1077/3079/636 1132/3080/721 1085/3081/641
f 1077/2961/636 1085/2978/641 1020/2962/737
f 1114/3082/985 1024/3083/911 1071/2948/954
f 1114/3082/985 1071/2948/954 1133/3084/1003
f 1114/3082/985 1133/3084/1003 1134/3085/1004
f 1114/3082/985 1134/3085/1004 1115/3086/986
f 1135/3087/1005 1048/2900/932 1047/2899/931
f 1135/3087/1005 1047/2899/931 1113/3043/984
f 1135/3087/1005 1113/3043/984 1136/3088/1006
f 1135/3087/1005 1136/3088/1006 1137/3089/1007
f 1135/3087/1005 1137/3089/1007 1079/2964/956
f 1135/3087/1005 1079/2964/956 1048/2900/932
f 1138/3090/1008 1029/2966/915 1028/3091/914
f 1138/3092/1008 1028/3093/914 1139/3094/1009
f 1138/3092/1008 1139/3094/1009 1140/3095/915
f 1138/3096/1008 1140/3097/915 1141/3098/810
f 1138/3090/1008 1141/3099/810 1081/2967/812
f 1138/3090/1008 1081/2967/812 1029/2966/915
f 1086/2979/824 1085/2978/641 1142/3100/737
f 1086/3101/824 1142/3102/737 1143/3103/738
f 1086/2979/824 1143/3104/738 1094/2999/968
f 1086/2979/824 1094/2999/968 1030/2980/916
f 1139/3094/1009 1028/3093/914 1034/3007/920
f 1139/3094/1009 1034/3007/920 1098/3006/972
f 1139/3105/1009 1098/3106/972 1144/3107/914
f 1139/3105/1009 1144/3107/914 1140/3097/915
f 1145/3108/1010 852/2413/759 1090/2987/964
f 1145/3109/1010 1090/3110/964 1146/3111/1011
f 1145/3109/1010 1146/3111/1011 1147/3112/1012
f 1145/3109/1010 1147/3112/1012 1083/3113/959
f 1145/3108/1010 1083/2973/959 853/2414/760
f 1145/3108/1010 853/2414/760 852/2413/759
f 1148/3114/1013 855/2423/762 854/2422/761
f 1148/3114/1013 854/2422/761 1088/2984/962
f 1148/3115/1013 1088/3116/962 1149/3117/1014
f 1148/3115/1013 1149/3117/1014 1150/3118/1015
f 1148/3115/1013 1150/3118/1015 1092/3119/966
f 1148/3114/1013 1092/2991/966 855/2423/762
f 1151/3120/1016 1040/3001/925 1095/3000/969
f 1151/3121/1016 1095/3122/969 1152/3123/917
f 1151/3121/1016 1152/3123/917 1153/3124/1017
f 1151/3121/1016 1153/3124/1017 1105/3125/976
f 1151/3120/1016 1105/3027/976 1041/3026/926
f 1151/3120/1016 1041/3026/926 1040/3001/925
f 1100/3126/974 1099/3127/973 1154/3128/1018
f 1100/3129/974 1154/3130/1018 1155/3131/1019
f 1100/3129/974 1155/3131/1019 1089/3132/963
f 1100/3133/974 1089/2986/963 856/2434/763
f 1156/3134/1020 869/2993/773 1093/2992/967
f 1156/3135/1020 1093/3136/967 1157/3137/1021
f 1156/3135/1020 1157/3137/1021 1158/3138/1022
f 1156/3139/1020 1158/3140/1022 1159/3141/1023
f 1156/3142/1020 1159/3143/1023 867/2471/772
f 1156/3142/1020 867/2471/772 869/2470/773
f 1160/3144/1024 1056/2915/940 1055/2914/939
f 1160/3144/1024 1055/2914/939 1115/3050/986
f 1160/3145/1024 1115/3086/986 1161/3146/1025
f 1160/3147/1024 1161/3148/1025 1162/3149/1026
f 1160/3147/1024 1162/3149/1026 1117/3150/988
f 1160/3144/1024 1117/3052/988 1056/2915/940
f 1163/3151/1027 1037/3004/844 1036/3035/922
f 1163/3151/1027 1036/3035/922 1109/3034/980
f 1163/3152/1027 1109/3153/980 1164/3154/1028
f 1163/3152/1027 1164/3154/1028 1165/3155/753
f 1163/3152/1027 1165/3155/753 1097/3156/971
f 1163/3151/1027 1097/3005/971 1037/3004/844
f 1106/3157/977 1105/3125/976 1166/3158/755
f 1106/3157/977 1166/3158/755 1167/3159/1029
f 1106/3157/977 1167/3159/1029 1110/3160/981
f 1106/3028/977 1110/3037/981 1038/3029/923
f 1168/3161/1030 1084/2974/960 1083/2973/959
f 1168/3162/1030 1083/3113/959 1147/3112/1012
f 1168/3162/1030 1147/3112/1012 1169/3163/1031
f 1168/3164/1030 1169/3165/1031 1170/3166/1032
f 1168/3164/1030 1170/3166/1032 1108/3167/979
f 1168/3168/1030 1108/3033/979 1084/3032/960
f 1171/3169/1033 1087/3039/961 1111/3038/982
f 1171/3170/1033 1111/3171/982 1172/3172/1034
f 1171/3170/1033 1172/3172/1034 1173/3173/1035
f 1171/3170/1033 1173/3173/1035 1149/3117/1014
f 1171/3170/1033 1149/3117/1014 1088/3116/962
f 1171/3174/1033 1088/2984/962 1087/2983/961
f 1120/3060/991 1119/3059/990 1174/3175/1036
f 1120/3060/991 1174/3175/1036 1175/3176/1037
f 1120/3060/991 1175/3176/1037 1112/3041/983
f 1120/3060/991 1112/3041/983 1057/2919/941
f 1104/3177/975 1103/3178/975 1176/3179/1038
f 1104/3180/975 1176/3181/1038 1177/3182/1039
f 1104/3183/975 1177/3184/1039 1099/3185/973
f 1104/3023/975 1099/3008/973 863/2453/769
f 1159/3141/1023 1158/3140/1022 1178/3186/1040
f 1159/3187/1023 1178/3188/1040 1102/3189/975
f 1159/3190/1023 1102/3191/975 868/3192/769
f 1159/3193/1023 868/3194/769 867/3195/772
f 1118/3196/989 1117/3197/988 1179/3198/1041
f 1118/3196/989 1179/3198/1041 1180/3199/1042
f 1118/3196/989 1180/3199/1042 1121/3200/992
f 1118/3057/989 1121/3061/992 1060/2927/944
f 1124/3064/995 1123/3063/994 1181/3201/1043
f 1124/3064/995 1181/3201/1043 1182/3202/1044
f 1124/3064/995 1182/3202/1044 1119/3059/990
f 1124/3064/995 1119/3059/990 1063/2935/947
f 1183/3203/1045 999/3067/891 1126/3066/997
f 1183/3204/1045 1126/3205/997 1184/3206/1046
f 1183/3204/1045 1184/3206/1046 1185/3207/1047
f 1183/3204/1045 1185/3207/1047 1186/3208/1048
f 1183/3209/1045 1186/3210/1048 1187/3211/1049
f 1183/3209/1045 1187/3211/1049 1000/2798/892
f 1183/3209/1045 1000/2798/892 999/2797/891
f 1188/3212/1050 974/2800/869 1001/2799/893
f 1188/3212/1050 1001/2799/893 1189/3213/1051
f 1188/3214/1050 1189/3215/1051 1190/3216/1052
f 1188/3217/1050 1190/3218/1052 976/3219/871
f 1188/3220/1050 976/3221/871 974/3222/869
f 1191/3223/1053 980/2756/872 979/2755/871
f 1191/3223/1053 979/2755/871 1192/3224/1052
f 1191/3223/1053 1192/3224/1052 1193/3225/1054
f 1191/3226/1053 1193/3227/1054 1051/2906/935
f 1191/3226/1053 1051/2906/935 980/2905/872
f 1128/3228/999 1127/3229/998 1194/3230/1055
f 1128/3228/999 1194/3230/1055 1195/3231/1056
f 1128/3228/999 1195/3231/1056 1123/3232/994
f 1128/3070/999 1123/3063/994 1067/2942/951
f 1122/3233/993 1121/3200/992 1196/3234/1057
f 1122/3233/993 1196/3234/1057 1197/3235/1058
f 1122/3233/993 1197/3235/1058 1125/3236/996
f 1122/3062/993 1125/3065/996 1065/2938/949
f 1198/3237/1052 976/3238/871 1190/3239/1052
f 1198/3240/1052 1190/3241/1052 1199/3242/574
f 1198/3240/1052 1199/3242/574 1192/3243/1052
f 1198/3244/1052 1192/3245/1052 979/3246/871
f 1198/3247/1052 979/3248/871 977/3249/871
f 1198/3247/1052 977/3249/871 976/3250/871
f 1200/3251/1059 1189/3213/1051 1001/2799/893
f 1200/3251/1059 1001/2799/893 1187/3211/1049
f 1200/3251/1059 1187/3211/1049 1201/3252/1060
f 1200/3251/1059 1201/3252/1060 1202/3253/1061
f 1200/3251/1059 1202/3253/1061 1203/3254/1062
f 1200/3251/1059 1203/3254/1062 1189/3213/1051
f 1204/3255/574 1189/3256/1051 1203/3257/1062
f 1204/3255/574 1203/3257/1062 1205/3258/381
f 1204/3259/574 1205/3260/381 1206/3261/381
f 1204/3262/574 1206/3263/381 1199/3264/574
f 1204/3265/574 1199/3266/574 1190/3267/1052
f 1204/3268/574 1190/3269/1052 1189/3270/1051
f 1207/3271/574 1192/3224/1052 1199/3272/574
f 1207/3273/574 1199/3264/574 1206/3263/381
f 1207/3274/574 1206/3275/381 1208/3276/381
f 1207/3271/574 1208/3277/381 1209/3278/1063
f 1207/3271/574 1209/3278/1063 1193/3225/1054
f 1207/3271/574 1193/3225/1054 1192/3224/1052
f 1210/3279/1064 1193/3227/1054 1209/3280/1063
f 1210/3279/1064 1209/3280/1063 1211/3281/1065
f 1210/3279/1064 1211/3281/1065 1212/3282/1066
f 1210/3279/1064 1212/3282/1066 1213/3283/1067
f 1210/3279/1064 1213/3283/1067 1051/2906/935
f 1210/3279/1064 1051/2906/935 1193/3227/1054
f 1187/3211/1049 1001/2799/893 1000/2798/892
f 1213/3283/1067 1212/3282/1066 1214/3284/1068
f 1213/3283/1067 1214/3284/1068 1127/3068/998
f 1213/3283/1067 1127/3068/998 1052/2907/936
f 1213/3283/1067 1052/2907/936 1051/2906/935
f 1215/3285/381 1203/3254/1062 1202/3253/1061
f 1215/3285/381 1202/3253/1061 1216/3286/381
f 1215/3287/381 1216/3288/381 1217/3289/381
f 1215/3290/381 1217/3291/381 1218/3292/381
f 1215/3290/381 1218/3292/381 1205/3258/381
f 1215/3290/381 1205/3258/381 1203/3257/1062
f 1219/3293/381 1209/3278/1063 1208/3277/381
f 1219/3293/381 1208/3277/381 1220/3294/381
f 1219/3293/381 1220/3294/381 1221/3295/381
f 1219/3296/381 1221/3297/381 1222/3298/381
f 1219/3296/381 1222/3298/381 1211/3281/1065
f 1219/3296/381 1211/3281/1065 1209/3280/1063
f 1223/3299/1069 1202/3300/1061 1201/3301/1060
f 1223/3299/1069 1201/3301/1060 1224/3302/1070
f 1223/3303/1069 1224/3304/1070 1225/3305/1071
f 1223/3303/1069 1225/3305/1071 1226/3306/381
f 1223/3307/1069 1226/3308/381 1216/3309/381
f 1223/3310/1069 1216/3286/381 1202/3253/1061
f 1227/3311/381 1205/3312/381 1218/3313/381
f 1227/3314/381 1218/3315/381 1228/3316/381
f 1227/3317/381 1228/3318/381 1220/3319/381
f 1227/3320/381 1220/3321/381 1208/3322/381
f 1227/3320/381 1208/3322/381 1206/3323/381
f 1227/3324/381 1206/3325/381 1205/3326/381
f 1229/3327/1072 1211/3281/1065 1222/3298/381
f 1229/3327/1072 1222/3298/381 1230/3328/381
f 1229/3327/1072 1230/3328/381 1231/3329/1073
f 1229/3327/1072 1231/3329/1073 1232/3330/1074
f 1229/3327/1072 1232/3330/1074 1212/3282/1066
f 1229/3327/1072 1212/3282/1066 1211/3281/1065
f 1186/3208/1048 1185/3207/1047 1233/3331/1075
f 1186/3208/1048 1233/3331/1075 1224/3304/1070
f 1186/3208/1048 1224/3304/1070 1201/3332/1060
f 1186/3210/1048 1201/3252/1060 1187/3211/1049
f 1232/3333/1074 1231/3334/1073 1234/3335/1076
f 1232/3333/1074 1234/3335/1076 1235/3336/1077
f 1232/3333/1074 1235/3336/1077 1214/3337/1068
f 1232/3330/1074 1214/3284/1068 1212/3282/1066
f 1217/3289/381 1216/3288/381 1226/3306/381
f 1217/3289/381 1226/3306/381 1236/3338/381
f 1217/3289/381 1236/3338/381 1237/3339/381
f 1217/3340/381 1237/3341/381 1238/3342/381
f 1217/3343/381 1238/3344/381 1239/3345/381
f 1217/3346/381 1239/3347/381 1218/3348/381
f 1221/3349/381 1220/3350/381 1240/3351/381
f 1221/3349/381 1240/3351/381 1241/3352/381
f 1221/3349/381 1241/3352/381 1242/3353/381
f 1221/3354/381 1242/3355/381 1243/3356/381
f 1221/3354/381 1243/3356/381 1230/3357/381
f 1221/3297/381 1230/3328/381 1222/3298/381
f 1131/3075/1002 1075/3074/634 1244/3358/719
f 1131/3359/1002 1244/3360/719 1245/3361/1078
f 1131/3359/1002 1245/3361/1078 1133/3362/1003
f 1131/3075/1002 1133/3084/1003 1071/2948/954
f 1244/3358/719 1075/3074/634 1074/3363/717
f 1244/3364/719 1074/3365/717 1246/3366/718
f 1244/3360/719 1246/3367/718 1247/3368/634
f 1244/3360/719 1247/3368/634 1245/3361/1078
f 1246/3369/718 1074/2955/717 1081/2967/812
f 1246/3370/718 1081/3371/812 1141/3372/810
f 1246/3370/718 1141/3372/810 1248/3373/717
f 1246/3367/718 1248/3374/717 1247/3368/634
f 1132/3375/721 1130/3376/1001 1249/3377/1079
f 1132/3375/721 1249/3377/1079 1250/3378/636
f 1132/3375/721 1250/3378/636 1142/3379/737
f 1132/3380/721 1142/3381/737 1085/3382/641
f 1137/3383/1007 1136/3384/1006 1251/3385/1080
f 1137/3383/1007 1251/3385/1080 1252/3386/1081
f 1137/3383/1007 1252/3386/1081 1129/3387/1000
f 1137/3089/1007 1129/3071/1000 1079/2964/956
f 1134/3388/1004 1133/3362/1003 1253/3389/1082
f 1134/3388/1004 1253/3389/1082 1254/3390/1083
f 1134/3388/1004 1254/3390/1083 1161/3391/1025
f 1134/3085/1004 1161/3146/1025 1115/3086/986
f 1255/3392/916 1094/3393/968 1143/3394/738
f 1255/3395/916 1143/3396/738 1256/3397/824
f 1255/3395/916 1256/3397/824 1257/3398/1084
f 1255/3395/916 1257/3398/1084 1152/3399/917
f 1255/3400/916 1152/3123/917 1095/3122/969
f 1255/3401/916 1095/3000/969 1094/2999/968
f 1162/3402/1026 1161/3391/1025 1258/3403/1085
f 1162/3404/1026 1258/3405/1085 1259/3406/1086
f 1162/3404/1026 1259/3406/1086 1179/3407/1041
f 1162/3408/1026 1179/3198/1041 1117/3197/988
f 1260/3409/1087 1112/3041/983 1175/3176/1037
f 1260/3410/1087 1175/3411/1037 1261/3412/1088
f 1260/3410/1087 1261/3412/1088 1262/3413/1089
f 1260/3410/1087 1262/3413/1089 1136/3414/1006
f 1260/3409/1087 1136/3415/1006 1113/3042/984
f 1260/3409/1087 1113/3042/984 1112/3041/983
f 1263/3416/1090 1098/3106/972 1097/3156/971
f 1263/3416/1090 1097/3156/971 1165/3155/753
f 1263/3416/1090 1165/3155/753 1264/3417/1091
f 1263/3416/1090 1264/3417/1091 1265/3418/1092
f 1263/3416/1090 1265/3418/1092 1144/3107/914
f 1263/3416/1090 1144/3107/914 1098/3106/972
f 1266/3419/1093 1089/3132/963 1155/3131/1019
f 1266/3420/1093 1155/3421/1019 1267/3422/1094
f 1266/3420/1093 1267/3422/1094 1268/3423/1095
f 1266/3420/1093 1268/3423/1095 1146/3424/1011
f 1266/3419/1093 1146/3111/1011 1090/3110/964
f 1266/3419/1093 1090/3110/964 1089/3132/963
f 1269/3425/1096 1093/3136/967 1092/3119/966
f 1269/3425/1096 1092/3119/966 1150/3118/1015
f 1269/3426/1096 1150/3427/1015 1270/3428/1097
f 1269/3426/1096 1270/3428/1097 1271/3429/1098
f 1269/3426/1096 1271/3429/1098 1157/3430/1021
f 1269/3425/1096 1157/3137/1021 1093/3136/967
f 1153/3431/1017 1152/3399/917 1272/3432/1099
f 1153/3431/1017 1272/3432/1099 1273/3433/1100
f 1153/3431/1017 1273/3433/1100 1166/3434/755
f 1153/3124/1017 1166/3158/755 1105/3125/976
f 1274/3435/1101 1109/3153/980 1108/3167/979
f 1274/3435/1101 1108/3167/979 1170/3166/1032
f 1274/3435/1101 1170/3166/1032 1275/3436/1102
f 1274/3435/1101 1275/3436/1102 1276/3437/844
f 1274/3435/1101 1276/3437/844 1164/3154/1028
f 1274/3435/1101 1164/3154/1028 1109/3153/980
f 1277/3438/1103 1110/3160/981 1167/3159/1029
f 1277/3439/1103 1167/3440/1029 1278/3441/845
f 1277/3439/1103 1278/3441/845 1279/3442/1104
f 1277/3443/1103 1279/3444/1104 1172/3445/1034
f 1277/3438/1103 1172/3172/1034 1111/3171/982
f 1277/3438/1103 1111/3171/982 1110/3160/981
f 1180/3446/1042 1179/3407/1041 1280/3447/1105
f 1180/3446/1042 1280/3447/1105 1281/3448/1106
f 1180/3446/1042 1281/3448/1106 1282/3449/1107
f 1180/3446/1042 1282/3449/1107 1196/3450/1057
f 1180/3199/1042 1196/3234/1057 1121/3200/992
f 1174/3175/1036 1119/3059/990 1182/3202/1044
f 1174/3451/1036 1182/3452/1044 1283/3453/1108
f 1174/3451/1036 1283/3453/1108 1284/3454/1109
f 1174/3451/1036 1284/3454/1109 1285/3455/1110
f 1174/3451/1036 1285/3455/1110 1175/3411/1037
f 1177/3456/1039 1176/3457/1038 1286/3458/1039
f 1177/3459/1039 1286/3460/1039 1287/3461/1111
f 1177/3462/1039 1287/3463/1111 1154/3464/1018
f 1177/3465/1039 1154/3466/1018 1099/3467/973
f 1288/3468/1038 1103/3469/975 1102/3470/975
f 1288/3468/1038 1102/3470/975 1178/3471/1040
f 1288/3472/1038 1178/3473/1040 1289/3474/1112
f 1288/3475/1038 1289/3476/1112 1290/3477/1038
f 1288/3468/1038 1290/3478/1038 1291/3479/1038
f 1288/3468/1038 1291/3479/1038 1103/3469/975
f 1291/3479/1038 1290/3478/1038 1292/3480/1038
f 1291/3479/1038 1292/3480/1038 1293/3481/1038
f 1291/3482/1038 1293/3483/1038 1176/3484/1038
f 1291/3479/1038 1176/3485/1038 1103/3469/975
f 1294/3486/1113 1225/3305/1071 1224/3304/1070
f 1294/3486/1113 1224/3304/1070 1233/3331/1075
f 1294/3486/1113 1233/3331/1075 1295/3487/1114
f 1294/3488/1113 1295/3489/1114 1237/3490/381
f 1294/3486/1113 1237/3339/381 1236/3338/381
f 1294/3486/1113 1236/3338/381 1225/3305/1071
f 1225/3305/1071 1236/3338/381 1226/3306/381
f 1243/3356/381 1242/3355/381 1234/3335/1076
f 1243/3356/381 1234/3335/1076 1231/3334/1073
f 1243/3356/381 1231/3334/1073 1230/3357/381
f 1296/3491/1115 1214/3337/1068 1235/3336/1077
f 1296/3491/1115 1235/3336/1077 1297/3492/1116
f 1296/3493/1115 1297/3494/1116 1298/3495/1117
f 1296/3491/1115 1298/3496/1117 1194/3230/1055
f 1296/3491/1115 1194/3230/1055 1127/3229/998
f 1296/3491/1115 1127/3229/998 1214/3337/1068
f 1299/3497/1118 1126/3205/997 1125/3236/996
f 1299/3497/1118 1125/3236/996 1197/3235/1058
f 1299/3498/1118 1197/3499/1058 1300/3500/1119
f 1299/3498/1118 1300/3500/1119 1301/3501/1120
f 1299/3498/1118 1301/3501/1120 1184/3502/1046
f 1299/3497/1118 1184/3206/1046 1126/3205/997
f 1195/3503/1056 1194/3504/1055 1302/3505/1121
f 1195/3506/1056 1302/3507/1121 1303/3508/1122
f 1195/3506/1056 1303/3508/1122 1181/3509/1043
f 1195/3231/1056 1181/3510/1043 1123/3232/994
f 1253/3389/1082 1133/3362/1003 1245/3361/1078
f 1253/3389/1082 1245/3361/1078 1304/3511/1123
f 1253/3389/1082 1304/3511/1123 1305/3512/954
f 1253/3389/1082 1305/3512/954 1254/3390/1083
f 1252/3386/1081 1251/3385/1080 1306/3513/957
f 1252/3386/1081 1306/3513/957 1307/3514/1124
f 1252/3386/1081 1307/3514/1124 1249/3377/1079
f 1252/3386/1081 1249/3377/1079 1129/3387/1000
f 1249/3377/1079 1130/3376/1001 1129/3387/1000
f 1308/3515/641 1142/3379/737 1250/3378/636
f 1308/3515/641 1250/3378/636 1309/3516/1125
f 1308/3515/641 1309/3516/1125 1310/3517/737
f 1308/3515/641 1310/3517/737 1256/3518/824
f 1308/3515/641 1256/3518/824 1143/3519/738
f 1308/3520/641 1143/3103/738 1142/3102/737
f 1258/3403/1085 1161/3391/1025 1254/3390/1083
f 1258/3403/1085 1254/3390/1083 1311/3521/985
f 1258/3522/1085 1311/3523/985 1312/3524/1126
f 1258/3522/1085 1312/3524/1126 1259/3525/1086
f 1262/3413/1089 1261/3412/1088 1313/3526/1127
f 1262/3527/1089 1313/3528/1127 1314/3529/956
f 1262/3530/1089 1314/3531/956 1251/3532/1080
f 1262/3533/1089 1251/3385/1080 1136/3384/1006
f 1315/3534/812 1141/3098/810 1140/3097/915
f 1315/3534/812 1140/3097/915 1316/3535/1128
f 1315/3536/812 1316/3537/1128 1317/3538/1129
f 1315/3536/812 1317/3538/1129 1318/3539/718
f 1315/3536/812 1318/3539/718 1248/3374/717
f 1315/3536/812 1248/3374/717 1141/3540/810
f 1316/3535/1128 1140/3097/915 1144/3107/914
f 1316/3535/1128 1144/3107/914 1265/3418/1092
f 1316/3537/1128 1265/3541/1092 1319/3542/1130
f 1316/3537/1128 1319/3542/1130 1317/3538/1129
f 1280/3447/1105 1179/3407/1041 1259/3406/1086
f 1280/3543/1105 1259/3525/1086 1320/3544/1131
f 1280/3543/1105 1320/3544/1131 1321/3545/1132
f 1280/3543/1105 1321/3545/1132 1281/3546/1106
f 1285/3455/1110 1284/3454/1109 1322/3547/1133
f 1285/3548/1110 1322/3549/1133 1323/3550/1134
f 1285/3455/1110 1323/3551/1134 1261/3412/1088
f 1285/3455/1110 1261/3412/1088 1175/3411/1037
f 1257/3552/1084 1256/3518/824 1324/3553/1135
f 1257/3552/1084 1324/3553/1135 1325/3554/1136
f 1257/3552/1084 1325/3554/1136 1272/3555/1099
f 1257/3398/1084 1272/3432/1099 1152/3399/917
f 1326/3556/1137 1147/3557/1012 1146/3424/1011
f 1326/3556/1137 1146/3424/1011 1268/3423/1095
f 1326/3556/1137 1268/3423/1095 1327/3558/1138
f 1326/3556/1137 1327/3558/1138 1328/3559/1139
f 1326/3556/1137 1328/3559/1139 1169/3560/1031
f 1326/3556/1137 1169/3560/1031 1147/3557/1012
f 1329/3561/1140 1150/3562/1015 1149/3563/1014
f 1329/3564/1140 1149/3117/1014 1173/3173/1035
f 1329/3565/1140 1173/3566/1035 1330/3567/1141
f 1329/3568/1140 1330/3569/1141 1331/3570/1142
f 1329/3568/1140 1331/3570/1142 1270/3428/1097
f 1329/3568/1140 1270/3428/1097 1150/3427/1015
f 1239/3571/381 1238/3572/381 1332/3573/1143
f 1239/3574/381 1332/3575/1143 1333/3576/381
f 1239/3577/381 1333/3578/381 1334/3579/381
f 1239/3580/381 1334/3581/381 1228/3582/381
f 1239/3583/381 1228/3584/381 1218/3585/381
f 1240/3586/381 1220/3587/381 1228/3588/381
f 1240/3589/381 1228/3590/381 1335/3591/1144
f 1240/3592/381 1335/3593/1144 1336/3594/1145
f 1240/3595/381 1336/3596/1145 1241/3597/381
f 1337/3598/1146 1234/3599/1076 1242/3353/381
f 1337/3598/1146 1242/3353/381 1338/3600/1147
f 1337/3598/1146 1338/3600/1147 1339/3601/1148
f 1337/3598/1146 1339/3601/1148 1297/3494/1116
f 1337/3598/1146 1297/3494/1116 1235/3602/1077
f 1337/3603/1146 1235/3604/1077 1234/3605/1076
f 1340/3606/1149 1233/3331/1075 1185/3207/1047
f 1340/3607/1149 1185/3608/1047 1341/3609/1150
f 1340/3607/1149 1341/3609/1150 1342/3610/1151
f 1340/3607/1149 1342/3610/1151 1343/3611/1152
f 1340/3607/1149 1343/3611/1152 1295/3612/1114
f 1340/3607/1149 1295/3612/1114 1233/3613/1075
f 1341/3609/1150 1185/3608/1047 1184/3614/1046
f 1341/3609/1150 1184/3614/1046 1301/3615/1120
f 1341/3609/1150 1301/3615/1120 1344/3616/1153
f 1341/3609/1150 1344/3616/1153 1342/3610/1151
f 1298/3495/1117 1297/3494/1116 1345/3617/1154
f 1298/3495/1117 1345/3617/1154 1346/3618/1155
f 1298/3495/1117 1346/3618/1155 1302/3619/1121
f 1298/3620/1117 1302/3505/1121 1194/3504/1055
f 1347/3621/1156 1197/3499/1058 1196/3450/1057
f 1347/3621/1156 1196/3450/1057 1282/3449/1107
f 1347/3622/1156 1282/3623/1107 1348/3624/1157
f 1347/3622/1156 1348/3624/1157 1349/3625/1158
f 1347/3622/1156 1349/3625/1158 1300/3626/1119
f 1347/3621/1156 1300/3500/1119 1197/3499/1058
f 1350/3627/1159 1181/3509/1043 1303/3508/1122
f 1350/3627/1159 1303/3508/1122 1351/3628/1160
f 1350/3629/1159 1351/3630/1160 1352/3631/1161
f 1350/3627/1159 1352/3632/1161 1283/3453/1108
f 1350/3627/1159 1283/3453/1108 1182/3452/1044
f 1350/3627/1159 1182/3452/1044 1181/3509/1043
f 1353/3633/1162 1165/3155/753 1164/3154/1028
f 1353/3633/1162 1164/3154/1028 1276/3437/844
f 1353/3634/1162 1276/3635/844 1354/3636/1163
f 1353/3637/1162 1354/3638/1163 1355/3639/1091
f 1353/3640/1162 1355/3641/1091 1264/3642/1091
f 1353/3633/1162 1264/3417/1091 1165/3155/753
f 1356/3643/1164 1166/3434/755 1273/3433/1100
f 1356/3643/1164 1273/3433/1100 1357/3644/1100
f 1356/3645/1164 1357/3646/1100 1358/3647/1165
f 1356/3643/1164 1358/3648/1165 1278/3441/845
f 1356/3643/1164 1278/3441/845 1167/3440/1029
f 1356/3643/1164 1167/3440/1029 1166/3434/755
f 1359/3649/963 1154/3650/1018 1287/3651/1111
f 1359/3649/963 1287/3651/1111 1360/3652/1019
f 1359/3649/963 1360/3652/1019 1361/3653/1093
f 1359/3649/963 1361/3653/1093 1267/3422/1094
f 1359/3649/963 1267/3422/1094 1155/3421/1019
f 1359/3649/963 1155/3421/1019 1154/3650/1018
f 1362/3654/967 1158/3655/1022 1157/3430/1021
f 1362/3654/967 1157/3430/1021 1271/3429/1098
f 1362/3654/967 1271/3429/1098 1363/3656/1096
f 1362/3654/967 1363/3656/1096 1364/3657/1021
f 1362/3654/967 1364/3657/1021 1365/3658/1166
f 1362/3654/967 1365/3658/1166 1158/3655/1022
f 1365/3658/1166 1364/3657/1021 1366/3659/1167
f 1365/3658/1166 1366/3659/1167 1289/3660/1112
f 1365/3661/1166 1289/3662/1112 1178/3663/1040
f 1365/3664/1166 1178/3186/1040 1158/3140/1022
f 1367/3665/1168 1170/3166/1032 1169/3165/1031
f 1367/3665/1168 1169/3165/1031 1328/3666/1139
f 1367/3667/1168 1328/3668/1139 1368/3669/1169
f 1367/3670/1168 1368/3671/1169 1369/3672/1170
f 1367/3673/1168 1369/3674/1170 1275/3675/1102
f 1367/3665/1168 1275/3436/1102 1170/3166/1032
f 1370/3676/1171 1173/3566/1035 1172/3445/1034
f 1370/3676/1171 1172/3445/1034 1279/3444/1104
f 1370/3676/1171 1279/3444/1104 1371/3677/1172
f 1370/3678/1171 1371/3679/1172 1372/3680/1173
f 1370/3676/1171 1372/3681/1173 1330/3567/1141
f 1370/3676/1171 1330/3567/1141 1173/3566/1035
f 1293/3483/1038 1292/3682/1038 1373/3683/1038
f 1293/3483/1038 1373/3683/1038 1374/3684/1039
f 1293/3483/1038 1374/3684/1039 1286/3685/1039
f 1293/3483/1038 1286/3685/1039 1176/3484/1038
f 1305/3512/954 1304/3511/1123 1375/3686/1174
f 1305/3687/954 1375/3688/1174 1376/3689/1175
f 1305/3512/954 1376/3690/1175 1311/3521/985
f 1305/3512/954 1311/3521/985 1254/3390/1083
f 1314/3529/956 1313/3528/1127 1377/3691/1176
f 1314/3692/956 1377/3693/1176 1378/3694/1177
f 1314/3695/956 1378/3696/1177 1306/3513/957
f 1314/3695/956 1306/3513/957 1251/3385/1080
f 1247/3368/634 1248/3374/717 1379/3697/1178
f 1247/3368/634 1379/3697/1178 1304/3511/1123
f 1247/3368/634 1304/3511/1123 1245/3361/1078
f 1307/3514/1124 1306/3513/957 1380/3698/1179
f 1307/3699/1124 1380/3700/1179 1309/3701/1125
f 1307/3514/1124 1309/3516/1125 1250/3378/636
f 1307/3514/1124 1250/3378/636 1249/3377/1079
f 1318/3702/718 1317/3703/1129 1381/3704/717
f 1318/3702/718 1381/3704/717 1382/3705/1180
f 1318/3702/718 1382/3705/1180 1379/3706/1178
f 1318/3539/718 1379/3697/1178 1248/3374/717
f 1383/3707/1181 1295/3708/1114 1343/3709/1152
f 1383/3710/1181 1343/3711/1152 1384/3712/1182
f 1383/3710/1181 1384/3712/1182 1238/3713/381
f 1383/3707/1181 1238/3342/381 1237/3341/381
f 1383/3707/1181 1237/3341/381 1295/3708/1114
f 1241/3597/381 1336/3596/1145 1385/3714/1183
f 1241/3597/381 1385/3714/1183 1386/3715/1184
f 1241/3352/381 1386/3716/1184 1338/3600/1147
f 1241/3352/381 1338/3600/1147 1242/3353/381
f 1339/3601/1148 1338/3600/1147 1386/3716/1184
f 1339/3601/1148 1386/3716/1184 1387/3717/1185
f 1339/3601/1148 1387/3717/1185 1345/3617/1154
f 1339/3601/1148 1345/3617/1154 1297/3494/1116
f 1310/3718/737 1309/3701/1125 1388/3719/1186
f 1310/3718/737 1388/3719/1186 1389/3720/641
f 1310/3718/737 1389/3720/641 1324/3721/1135
f 1310/3517/737 1324/3553/1135 1256/3518/824
f 1312/3524/1126 1311/3523/985 1390/3722/1187
f 1312/3723/1126 1390/3724/1187 1391/3725/1188
f 1312/3524/1126 1391/3726/1188 1320/3544/1131
f 1312/3524/1126 1320/3544/1131 1259/3525/1086
f 1323/3550/1134 1322/3549/1133 1392/3727/1134
f 1323/3728/1134 1392/3729/1134 1393/3730/1189
f 1323/3731/1134 1393/3732/1189 1313/3733/1127
f 1323/3731/1134 1313/3733/1127 1261/3734/1088
f 1394/3735/1190 1301/3736/1120 1300/3626/1119
f 1394/3735/1190 1300/3626/1119 1349/3625/1158
f 1394/3735/1190 1349/3625/1158 1395/3737/1191
f 1394/3735/1190 1395/3737/1191 1396/3738/1192
f 1394/3739/1190 1396/3740/1192 1397/3741/1193
f 1394/3739/1190 1397/3741/1193 1344/3742/1153
f 1394/3739/1190 1344/3742/1153 1301/3743/1120
f 1398/3744/1194 1302/3619/1121 1346/3618/1155
f 1398/3745/1194 1346/3746/1155 1399/3747/1195
f 1398/3745/1194 1399/3747/1195 1400/3748/1196
f 1398/3745/1194 1400/3748/1196 1401/3749/1197
f 1398/3745/1194 1401/3749/1197 1351/3750/1160
f 1398/3751/1194 1351/3752/1160 1303/3753/1122
f 1398/3744/1194 1303/3754/1122 1302/3619/1121
f 1402/3755/1198 1281/3546/1106 1321/3545/1132
f 1402/3755/1198 1321/3545/1132 1403/3756/1199
f 1402/3755/1198 1403/3756/1199 1404/3757/1200
f 1402/3755/1198 1404/3757/1200 1405/3758/1201
f 1402/3755/1198 1405/3758/1201 1282/3623/1107
f 1402/3755/1198 1282/3623/1107 1281/3546/1106
f 1406/3759/1202 1284/3454/1109 1283/3453/1108
f 1406/3760/1202 1283/3761/1108 1407/3762/1203
f 1406/3760/1202 1407/3762/1203 1408/3763/1204
f 1406/3760/1202 1408/3763/1204 1409/3764/1205
f 1406/3760/1202 1409/3764/1205 1322/3765/1133
f 1406/3760/1202 1322/3765/1133 1284/3766/1109
f 1410/3767/1206 1265/3768/1092 1264/3642/1091
f 1410/3767/1206 1264/3642/1091 1355/3641/1091
f 1410/3769/1206 1355/3639/1091 1411/3770/914
f 1410/3769/1206 1411/3770/914 1412/3771/1207
f 1410/3769/1206 1412/3771/1207 1319/3772/1130
f 1410/3773/1206 1319/3542/1130 1265/3541/1092
f 1413/3774/1208 1272/3555/1099 1325/3554/1136
f 1413/3775/1208 1325/3776/1136 1414/3777/1209
f 1413/3775/1208 1414/3777/1209 1415/3778/917
f 1413/3779/1208 1415/3780/917 1357/3646/1100
f 1413/3781/1208 1357/3782/1100 1273/3783/1100
f 1413/3784/1208 1273/3433/1100 1272/3432/1099
f 1348/3624/1157 1282/3623/1107 1405/3758/1201
f 1348/3624/1157 1405/3758/1201 1416/3785/1210
f 1348/3624/1157 1416/3785/1210 1417/3786/1211
f 1348/3624/1157 1417/3786/1211 1395/3737/1191
f 1348/3624/1157 1395/3737/1191 1349/3625/1158
f 1352/3631/1161 1351/3630/1160 1401/3787/1197
f 1352/3631/1161 1401/3787/1197 1418/3788/1212
f 1352/3631/1161 1418/3788/1212 1419/3789/1213
f 1352/3631/1161 1419/3789/1213 1407/3762/1203
f 1352/3631/1161 1407/3762/1203 1283/3761/1108
f 1420/3790/1214 1276/3791/844 1275/3792/1102
f 1420/3793/1214 1275/3794/1102 1369/3795/1170
f 1420/3793/1214 1369/3795/1170 1421/3796/1215
f 1420/3797/1214 1421/3798/1215 1422/3799/1163
f 1420/3800/1214 1422/3801/1163 1354/3638/1163
f 1420/3800/1214 1354/3638/1163 1276/3802/844
f 1423/3803/1216 1278/3804/845 1358/3647/1165
f 1423/3803/1216 1358/3647/1165 1424/3805/1165
f 1423/3803/1216 1424/3805/1165 1425/3806/1217
f 1423/3803/1216 1425/3806/1217 1371/3679/1172
f 1423/3803/1216 1371/3679/1172 1279/3807/1104
f 1423/3808/1216 1279/3442/1104 1278/3441/845
f 1426/3809/1218 1267/3422/1094 1361/3653/1093
f 1426/3810/1218 1361/3811/1093 1427/3812/1219
f 1426/3810/1218 1427/3812/1219 1428/3813/1220
f 1426/3810/1218 1428/3813/1220 1327/3814/1138
f 1426/3809/1218 1327/3558/1138 1268/3423/1095
f 1426/3809/1218 1268/3423/1095 1267/3422/1094
f 1429/3815/1221 1271/3429/1098 1270/3428/1097
f 1429/3815/1221 1270/3428/1097 1331/3570/1142
f 1429/3816/1221 1331/3817/1142 1430/3818/1222
f 1429/3816/1221 1430/3818/1222 1431/3819/1223
f 1429/3816/1221 1431/3819/1223 1363/3820/1096
f 1429/3815/1221 1363/3656/1096 1271/3429/1098
f 1432/3821/1224 1328/3822/1139 1327/3814/1138
f 1432/3821/1224 1327/3814/1138 1428/3813/1220
f 1432/3821/1224 1428/3813/1220 1433/3823/1225
f 1432/3824/1224 1433/3825/1225 1434/3826/1169
f 1432/3821/1224 1434/3827/1169 1368/3828/1169
f 1432/3821/1224 1368/3828/1169 1328/3822/1139
f 1435/3829/1226 1330/3830/1141 1372/3831/1173
f 1435/3829/1226 1372/3831/1173 1436/3832/1173
f 1435/3829/1226 1436/3832/1173 1437/3833/1227
f 1435/3829/1226 1437/3833/1227 1430/3834/1222
f 1435/3829/1226 1430/3834/1222 1331/3835/1142
f 1435/3829/1226 1331/3835/1142 1330/3830/1141
f 1438/3836/1228 1287/3837/1111 1286/3838/1039
f 1438/3839/1228 1286/3840/1039 1374/3841/1039
f 1438/3842/1228 1374/3843/1039 1439/3844/1229
f 1438/3845/1228 1439/3846/1229 1440/3847/1094
f 1438/3845/1228 1440/3847/1094 1360/3848/1019
f 1438/3849/1228 1360/3652/1019 1287/3651/1111
f 1441/3850/1230 1292/3480/1038 1290/3478/1038
f 1441/3851/1230 1290/3477/1038 1442/3852/1023
f 1441/3853/1230 1442/3854/1023 1443/3855/1231
f 1441/3856/1230 1443/3857/1231 1444/3858/1232
f 1441/3859/1230 1444/3860/1232 1445/3861/1038
f 1441/3859/1230 1445/3861/1038 1292/3862/1038
f 1445/3861/1038 1444/3860/1232 1446/3863/1038
f 1445/3861/1038 1446/3863/1038 1447/3864/1038
f 1445/3865/1038 1447/3866/1038 1373/3683/1038
f 1445/3861/1038 1373/3867/1038 1292/3862/1038
f 1442/3852/1023 1290/3477/1038 1289/3476/1112
f 1442/3868/1023 1289/3869/1112 1366/3870/1167
f 1442/3871/1023 1366/3872/1167 1448/3873/1233
f 1442/3874/1023 1448/3875/1233 1443/3876/1231
f 1449/3877/1234 1343/3711/1152 1342/3878/1151
f 1449/3877/1234 1342/3878/1151 1450/3879/1235
f 1449/3877/1234 1450/3879/1235 1451/3880/1236
f 1449/3877/1234 1451/3880/1236 1452/3881/1237
f 1449/3877/1234 1452/3881/1237 1384/3712/1182
f 1449/3877/1234 1384/3712/1182 1343/3711/1152
f 1450/3879/1235 1342/3878/1151 1344/3742/1153
f 1450/3879/1235 1344/3742/1153 1397/3741/1193
f 1450/3879/1235 1397/3741/1193 1453/3882/1238
f 1450/3879/1235 1453/3882/1238 1451/3880/1236
f 1454/3883/1239 1345/3617/1154 1387/3717/1185
f 1454/3884/1239 1387/3885/1185 1455/3886/1240
f 1454/3884/1239 1455/3886/1240 1456/3887/1241
f 1454/3884/1239 1456/3887/1241 1399/3747/1195
f 1454/3884/1239 1399/3747/1195 1346/3746/1155
f 1454/3883/1239 1346/3618/1155 1345/3617/1154
f 1452/3881/1237 1451/3880/1236 1457/3888/1242
f 1452/3889/1237 1457/3890/1242 1238/3891/381
f 1452/3881/1237 1238/3713/381 1384/3712/1182
f 1385/3714/1183 1336/3596/1145 1458/3892/1243
f 1385/3714/1183 1458/3892/1243 1455/3886/1240
f 1385/3714/1183 1455/3886/1240 1387/3885/1185
f 1385/3893/1183 1387/3717/1185 1386/3716/1184
f 1457/3894/1242 1451/3895/1236 1459/3896/1244
f 1457/3894/1242 1459/3896/1244 1460/3897/1245
f 1457/3898/1242 1460/3899/1245 1332/3900/1143
f 1457/3890/1242 1332/3901/1143 1238/3891/381
f 1334/3902/381 1333/3903/381 1461/3904/1246
f 1334/3905/381 1461/3906/1246 1462/3907/1247
f 1334/3908/381 1462/3909/1247 1335/3910/1144
f 1334/3911/381 1335/3912/1144 1228/3913/381
f 1463/3914/1248 1332/3575/1143 1460/3915/1245
f 1463/3914/1248 1460/3915/1245 1464/3916/1249
f 1463/3914/1248 1464/3916/1249 1465/3917/1250
f 1463/3914/1248 1465/3917/1250 1333/3576/381
f 1463/3914/1248 1333/3576/381 1332/3575/1143
f 1466/3918/1246 1333/3576/381 1465/3917/1250
f 1466/3919/1246 1465/3920/1250 1467/3921/1251
f 1466/3919/1246 1467/3921/1251 1468/3922/1252
f 1466/3923/1246 1468/3924/1252 1469/3925/1252
f 1466/3926/1246 1469/3927/1252 1461/3928/1246
f 1466/3929/1246 1461/3930/1246 1333/3931/381
f 1470/3932/1253 1335/3910/1144 1462/3909/1247
f 1470/3932/1253 1462/3909/1247 1471/3933/1254
f 1470/3932/1253 1471/3933/1254 1472/3934/1255
f 1470/3932/1253 1472/3934/1255 1458/3935/1243
f 1470/3936/1253 1458/3937/1243 1336/3938/1145
f 1470/3932/1253 1336/3939/1145 1335/3910/1144
f 1473/3940/1256 1462/3907/1247 1461/3906/1246
f 1473/3940/1256 1461/3906/1246 1469/3941/1252
f 1473/3940/1256 1469/3941/1252 1474/3942/1252
f 1473/3943/1256 1474/3944/1252 1475/3945/1257
f 1473/3946/1256 1475/3947/1257 1471/3948/1254
f 1473/3946/1256 1471/3948/1254 1462/3949/1247
f 1453/3882/1238 1397/3741/1193 1476/3950/1258
f 1453/3951/1238 1476/3952/1258 1477/3953/1259
f 1453/3951/1238 1477/3953/1259 1459/3954/1244
f 1453/3882/1238 1459/3955/1244 1451/3880/1236
f 1478/3956/1260 1460/3957/1245 1459/3958/1244
f 1478/3959/1260 1459/3954/1244 1477/3953/1259
f 1478/3960/1260 1477/3961/1259 1479/3962/1261
f 1478/3963/1260 1479/3964/1261 1480/3965/1262
f 1478/3963/1260 1480/3965/1262 1464/3966/1249
f 1478/3963/1260 1464/3966/1249 1460/3967/1245
f 1481/3968/1263 1464/3916/1249 1480/3969/1262
f 1481/3968/1263 1480/3969/1262 1482/3970/1264
f 1481/3968/1263 1482/3970/1264 1483/3971/1265
f 1481/3972/1263 1483/3973/1265 1467/3921/1251
f 1481/3968/1263 1467/3974/1251 1465/3917/1250
f 1481/3968/1263 1465/3917/1250 1464/3916/1249
f 1484/3975/1266 1471/3948/1254 1475/3947/1257
f 1484/3975/1266 1475/3947/1257 1485/3976/1267
f 1484/3975/1266 1485/3976/1267 1486/3977/1268
f 1484/3975/1266 1486/3977/1268 1487/3978/1269
f 1484/3975/1266 1487/3978/1269 1472/3979/1255
f 1484/3980/1266 1472/3934/1255 1471/3933/1254
f 1488/3981/1270 1458/3982/1243 1472/3983/1255
f 1488/3984/1270 1472/3979/1255 1487/3978/1269
f 1488/3985/1270 1487/3986/1269 1489/3987/1271
f 1488/3985/1270 1489/3987/1271 1490/3988/1272
f 1488/3989/1270 1490/3990/1272 1456/3887/1241
f 1488/3989/1270 1456/3887/1241 1455/3886/1240
f 1488/3989/1270 1455/3886/1240 1458/3892/1243
f 1376/3689/1175 1375/3688/1174 1491/3991/1273
f 1376/3992/1175 1491/3993/1273 1492/3994/1274
f 1376/3992/1175 1492/3994/1274 1390/3995/1187
f 1376/3996/1175 1390/3997/1187 1311/3998/985
f 1380/3700/1179 1306/3999/957 1378/4000/1177
f 1380/3700/1179 1378/4000/1177 1493/4001/1275
f 1380/3700/1179 1493/4001/1275 1494/4002/1276
f 1380/3700/1179 1494/4002/1276 1388/3719/1186
f 1380/3700/1179 1388/3719/1186 1309/3701/1125
f 1375/3688/1174 1304/4003/1123 1379/3706/1178
f 1375/3688/1174 1379/3706/1178 1382/3705/1180
f 1375/3688/1174 1382/3705/1180 1495/4004/1277
f 1375/3688/1174 1495/4004/1277 1491/3991/1273
f 1476/3950/1258 1397/3741/1193 1396/3740/1192
f 1476/3950/1258 1396/3740/1192 1496/4005/1278
f 1476/3952/1258 1496/4006/1278 1497/4007/1279
f 1476/3952/1258 1497/4007/1279 1498/4008/1280
f 1476/3952/1258 1498/4008/1280 1477/3953/1259
f 1479/4009/1261 1477/4010/1259 1498/4011/1280
f 1479/4012/1261 1498/4013/1280 1499/4014/1281
f 1479/4015/1261 1499/4016/1281 1500/4017/1282
f 1479/3964/1261 1500/4018/1282 1480/3965/1262
f 1482/4019/1264 1480/3965/1262 1500/4018/1282
f 1482/4020/1264 1500/4017/1282 1501/4021/1283
f 1482/4020/1264 1501/4021/1283 1502/4022/1284
f 1482/4020/1264 1502/4022/1284 1483/4023/1265
f 1503/4024/1285 1456/3887/1241 1490/3990/1272
f 1503/4024/1285 1490/3990/1272 1504/4025/1286
f 1503/4024/1285 1504/4025/1286 1505/4026/1287
f 1503/4024/1285 1505/4026/1287 1400/3748/1196
f 1503/4024/1285 1400/3748/1196 1399/3747/1195
f 1503/4024/1285 1399/3747/1195 1456/3887/1241
f 1506/4027/1288 1487/4028/1269 1486/4029/1268
f 1506/4027/1288 1486/4029/1268 1507/4030/1289
f 1506/4031/1288 1507/4032/1289 1508/4033/1290
f 1506/4031/1288 1508/4033/1290 1489/4034/1271
f 1506/4027/1288 1489/4035/1271 1487/4028/1269
f 1393/3730/1189 1392/3729/1134 1509/4036/1291
f 1393/3730/1189 1509/4036/1291 1510/4037/1292
f 1393/3730/1189 1510/4037/1292 1377/4038/1176
f 1393/3730/1189 1377/4038/1176 1313/4039/1127
f 1511/4040/1293 1317/3703/1129 1319/4041/1130
f 1511/4040/1293 1319/4041/1130 1412/4042/1207
f 1511/4040/1293 1412/4042/1207 1512/4043/1129
f 1511/4040/1293 1512/4043/1129 1513/4044/718
f 1511/4040/1293 1513/4044/718 1381/3704/717
f 1511/4040/1293 1381/3704/717 1317/3703/1129
f 1514/4045/1294 1324/3721/1135 1389/3720/641
f 1514/4045/1294 1389/3720/641 1515/4046/737
f 1514/4045/1294 1515/4046/737 1516/4047/1135
f 1514/4045/1294 1516/4047/1135 1414/3777/1209
f 1514/4045/1294 1414/3777/1209 1325/3776/1136
f 1514/4045/1294 1325/3776/1136 1324/3721/1135
f 1517/4048/1295 1486/4049/1268 1485/4050/1267
f 1517/4048/1295 1485/4050/1267 1518/4051/1296
f 1517/4048/1295 1518/4051/1296 1519/4052/1297
f 1517/4048/1295 1519/4052/1297 1507/4032/1289
f 1517/4048/1295 1507/4032/1289 1486/4049/1268
f 1520/4053/1131 1321/3545/1132 1320/3544/1131
f 1520/4054/1131 1320/4055/1131 1391/4056/1188
f 1520/4054/1131 1391/4056/1188 1521/4057/1298
f 1520/4054/1131 1521/4057/1298 1522/4058/1299
f 1520/4054/1131 1522/4058/1299 1403/4059/1199
f 1520/4054/1131 1403/4059/1199 1321/4060/1132
f 1409/4061/1205 1408/4062/1204 1523/4063/1300
f 1409/4061/1205 1523/4063/1300 1524/4064/1301
f 1409/4061/1205 1524/4064/1301 1392/3729/1134
f 1409/4061/1205 1392/3729/1134 1322/4065/1133
f 1404/4066/1200 1403/4059/1199 1525/4067/1302
f 1404/4066/1200 1525/4067/1302 1526/4068/1303
f 1404/4066/1200 1526/4068/1303 1416/4069/1210
f 1404/3757/1200 1416/3785/1210 1405/3758/1201
f 1419/4070/1213 1418/4071/1212 1527/4072/1304
f 1419/4070/1213 1527/4072/1304 1528/4073/1305
f 1419/4070/1213 1528/4073/1305 1408/4062/1204
f 1419/3789/1213 1408/3763/1204 1407/3762/1203
f 1529/4074/1306 1355/3639/1091 1354/3638/1163
f 1529/4074/1306 1354/3638/1163 1422/3801/1163
f 1529/4075/1306 1422/3799/1163 1530/4076/1307
f 1529/4075/1306 1530/4076/1307 1531/4077/1308
f 1529/4075/1306 1531/4077/1308 1411/4078/914
f 1529/4074/1306 1411/3770/914 1355/3639/1091
f 1532/4079/1309 1357/3646/1100 1415/3780/917
f 1532/4080/1309 1415/3778/917 1533/4081/1310
f 1532/4080/1309 1533/4081/1310 1534/4082/1311
f 1532/4079/1309 1534/4083/1311 1424/3805/1165
f 1532/4079/1309 1424/3805/1165 1358/3647/1165
f 1532/4079/1309 1358/3647/1165 1357/3646/1100
f 1535/4084/1312 1489/4034/1271 1508/4033/1290
f 1535/4084/1312 1508/4033/1290 1536/4085/1313
f 1535/4084/1312 1536/4085/1313 1537/4086/1314
f 1535/4087/1312 1537/4088/1314 1504/4089/1286
f 1535/4087/1312 1504/4089/1286 1490/3988/1272
f 1535/4087/1312 1490/3988/1272 1489/3987/1271
f 1395/4090/1191 1417/4091/1211 1538/4092/1315
f 1395/4090/1191 1538/4092/1315 1539/4093/1316
f 1395/4090/1191 1539/4093/1316 1496/4094/1278
f 1395/4095/1191 1496/4096/1278 1396/4097/1192
f 1505/4026/1287 1504/4025/1286 1540/4098/1317
f 1505/4026/1287 1540/4098/1317 1541/4099/1318
f 1505/4026/1287 1541/4099/1318 1401/3749/1197
f 1505/4026/1287 1401/3749/1197 1400/3748/1196
f 1542/4100/1319 1369/3672/1170 1368/3671/1169
f 1542/4101/1319 1368/4102/1169 1434/3826/1169
f 1542/4101/1319 1434/3826/1169 1543/4103/1320
f 1542/4101/1319 1543/4103/1320 1544/4104/1215
f 1542/4101/1319 1544/4104/1215 1421/3798/1215
f 1542/4101/1319 1421/3798/1215 1369/4105/1170
f 1545/4106/1094 1361/3811/1093 1360/3848/1019
f 1545/4106/1094 1360/3848/1019 1440/3847/1094
f 1545/4107/1094 1440/4108/1094 1546/4109/1321
f 1545/4107/1094 1546/4109/1321 1547/4110/1322
f 1545/4107/1094 1547/4110/1322 1427/4111/1219
f 1545/4106/1094 1427/3812/1219 1361/3811/1093
f 1548/4112/1098 1363/3820/1096 1431/3819/1223
f 1548/4112/1098 1431/3819/1223 1549/4113/1323
f 1548/4112/1098 1549/4113/1323 1550/4114/1324
f 1548/4112/1098 1550/4114/1324 1551/4115/1098
f 1548/4112/1098 1551/4115/1098 1364/4116/1021
f 1548/4112/1098 1364/4116/1021 1363/3820/1096
f 1552/4117/1325 1371/3679/1172 1425/3806/1217
f 1552/4117/1325 1425/3806/1217 1553/4118/1217
f 1552/4119/1325 1553/4120/1217 1554/4121/1326
f 1552/4117/1325 1554/4122/1326 1436/4123/1173
f 1552/4117/1325 1436/4123/1173 1372/3680/1173
f 1552/4117/1325 1372/3680/1173 1371/3679/1172
f 1499/4124/1281 1498/4008/1280 1497/4007/1279
f 1499/4125/1281 1497/4126/1279 1555/4127/1327
f 1499/4016/1281 1555/4128/1327 1556/4129/1328
f 1499/4016/1281 1556/4129/1328 1501/4021/1283
f 1499/4016/1281 1501/4021/1283 1500/4017/1282
f 1551/4115/1098 1550/4114/1324 1557/4130/1329
f 1551/4115/1098 1557/4130/1329 1448/3873/1233
f 1551/4115/1098 1448/3873/1233 1366/3872/1167
f 1551/4115/1098 1366/3872/1167 1364/4116/1021
f 1558/4131/1330 1496/4006/1278 1539/4132/1316
f 1558/4133/1330 1539/4134/1316 1559/4135/1331
f 1558/4136/1330 1559/4137/1331 1555/4127/1327
f 1558/4136/1330 1555/4127/1327 1497/4126/1279
f 1558/4131/1330 1497/4007/1279 1496/4006/1278
f 1537/4086/1314 1536/4085/1313 1560/4138/1332
f 1537/4086/1314 1560/4138/1332 1561/4139/1333
f 1537/4088/1314 1561/4140/1333 1540/4141/1317
f 1537/4088/1314 1540/4141/1317 1504/4089/1286
f 1536/4085/1313 1508/4033/1290 1507/4032/1289
f 1536/4085/1313 1507/4032/1289 1519/4052/1297
f 1536/4085/1313 1519/4052/1297 1560/4138/1332
f 1562/4142/770 1374/3684/1039 1373/3683/1038
f 1562/4142/770 1373/3683/1038 1447/3866/1038
f 1562/4142/770 1447/3866/1038 1563/4143/1334
f 1562/4144/770 1563/4145/1334 1564/4146/1335
f 1562/4147/770 1564/4148/1335 1439/4149/1229
f 1562/4150/770 1439/4151/1229 1374/4152/1039
f 1565/4153/1336 1501/4021/1283 1556/4129/1328
f 1565/4153/1336 1556/4129/1328 1566/4154/1337
f 1565/4155/1336 1566/4156/1337 1567/4157/1338
f 1565/4155/1336 1567/4157/1338 1568/4158/1339
f 1565/4153/1336 1568/4159/1339 1502/4022/1284
f 1565/4153/1336 1502/4022/1284 1501/4021/1283
f 1541/4160/1318 1540/4141/1317 1561/4140/1333
f 1541/4161/1318 1561/4162/1333 1569/4163/1340
f 1541/4164/1318 1569/4165/1340 1570/4166/1341
f 1541/4164/1318 1570/4166/1341 1571/4167/1342
f 1541/4168/1318 1571/4169/1342 1572/4170/1343
f 1541/4171/1318 1572/4172/1343 1573/4173/1344
f 1541/4171/1318 1573/4173/1344 1401/4174/1197
f 1566/4154/1337 1556/4129/1328 1555/4128/1327
f 1566/4156/1337 1555/4175/1327 1559/4176/1331
f 1566/4156/1337 1559/4176/1331 1574/4177/1345
f 1566/4156/1337 1574/4177/1345 1567/4157/1338
f 1575/4178/1346 1467/3921/1251 1483/3973/1265
f 1575/4178/1346 1483/3973/1265 1568/4179/1339
f 1575/4178/1346 1568/4179/1339 1576/4180/1347
f 1575/4181/1346 1576/4182/1347 1577/4183/1348
f 1575/4181/1346 1577/4183/1348 1468/4184/1252
f 1575/4178/1346 1468/3922/1252 1467/3921/1251
f 1578/4185/1349 1475/3945/1257 1474/3944/1252
f 1578/4185/1349 1474/3944/1252 1579/4186/1348
f 1578/4185/1349 1579/4186/1348 1580/4187/1350
f 1578/4185/1349 1580/4187/1350 1518/4051/1296
f 1578/4185/1349 1518/4051/1296 1485/4050/1267
f 1578/4185/1349 1485/4050/1267 1475/3945/1257
f 1568/4179/1339 1483/3973/1265 1502/4188/1284
f 1581/4189/1348 1468/4190/1252 1577/4191/1348
f 1581/4192/1348 1577/4193/1348 1582/4194/1348
f 1581/4195/1348 1582/4196/1348 1579/4197/1348
f 1581/4195/1348 1579/4197/1348 1474/3942/1252
f 1581/4195/1348 1474/3942/1252 1469/3941/1252
f 1581/4198/1348 1469/4199/1252 1468/4200/1252
f 1576/4182/1347 1568/4158/1339 1567/4157/1338
f 1576/4182/1347 1567/4157/1338 1583/4201/1351
f 1576/4182/1347 1583/4201/1351 1584/4202/1352
f 1576/4182/1347 1584/4202/1352 1577/4183/1348
f 1585/4203/1353 1518/4051/1296 1580/4187/1350
f 1585/4203/1353 1580/4187/1350 1586/4204/1354
f 1585/4203/1353 1586/4204/1354 1587/4205/1355
f 1585/4203/1353 1587/4205/1355 1560/4138/1332
f 1585/4203/1353 1560/4138/1332 1519/4052/1297
f 1585/4203/1353 1519/4052/1297 1518/4051/1296
f 1584/4202/1352 1583/4201/1351 1588/4206/1356
f 1584/4207/1352 1588/4208/1356 1589/4209/1252
f 1584/4210/1352 1589/4211/1252 1582/4212/1348
f 1584/4213/1352 1582/4214/1348 1577/4215/1348
f 1590/4216/1357 1579/4197/1348 1582/4196/1348
f 1590/4216/1357 1582/4196/1348 1589/4217/1252
f 1590/4216/1357 1589/4217/1252 1591/4218/1358
f 1590/4216/1357 1591/4218/1358 1586/4219/1354
f 1590/4220/1357 1586/4204/1354 1580/4187/1350
f 1590/4216/1357 1580/4221/1350 1579/4197/1348
f 1574/4177/1345 1559/4176/1331 1592/4222/1359
f 1574/4177/1345 1592/4222/1359 1588/4206/1356
f 1574/4177/1345 1588/4206/1356 1583/4201/1351
f 1574/4177/1345 1583/4201/1351 1567/4157/1338
f 1587/4205/1355 1586/4204/1354 1591/4223/1358
f 1587/4224/1355 1591/4218/1358 1593/4225/1360
f 1587/4205/1355 1593/4226/1360 1561/4139/1333
f 1587/4205/1355 1561/4139/1333 1560/4138/1332
f 1492/3994/1274 1491/3993/1273 1594/4227/1361
f 1492/3994/1274 1594/4227/1361 1595/4228/1362
f 1492/3994/1274 1595/4228/1362 1521/4057/1298
f 1492/3994/1274 1521/4057/1298 1391/4056/1188
f 1492/3994/1274 1391/4056/1188 1390/3995/1187
f 1510/4037/1292 1509/4036/1291 1596/4229/1363
f 1510/4037/1292 1596/4229/1363 1597/4230/1364
f 1510/4037/1292 1597/4230/1364 1493/4231/1275
f 1510/4037/1292 1493/4231/1275 1378/4232/1177
f 1510/4037/1292 1378/4232/1177 1377/4038/1176
f 1598/4233/1178 1382/3705/1180 1381/3704/717
f 1598/4233/1178 1381/3704/717 1513/4044/718
f 1598/4233/1178 1513/4044/718 1599/4234/1365
f 1598/4235/1178 1599/4236/1365 1600/4237/1366
f 1598/4238/1178 1600/4239/1366 1495/4240/1277
f 1598/4233/1178 1495/4004/1277 1382/3705/1180
f 1601/4241/1125 1388/3719/1186 1494/4002/1276
f 1601/4242/1125 1494/4243/1276 1602/4244/1367
f 1601/4242/1125 1602/4244/1367 1603/4245/1368
f 1601/4241/1125 1603/4246/1368 1515/4046/737
f 1601/4241/1125 1515/4046/737 1389/3720/641
f 1601/4241/1125 1389/3720/641 1388/3719/1186
f 1604/4247/1340 1559/4176/1331 1539/4248/1316
f 1604/4249/1340 1539/4250/1316 1605/4251/1341
f 1604/4247/1340 1605/4252/1341 1606/4253/1341
f 1604/4247/1340 1606/4253/1341 1607/4254/1340
f 1604/4247/1340 1607/4254/1340 1592/4222/1359
f 1604/4247/1340 1592/4222/1359 1559/4176/1331
f 1593/4225/1360 1591/4218/1358 1608/4255/1246
f 1593/4225/1360 1608/4255/1246 1609/4256/1340
f 1593/4225/1360 1609/4256/1340 1610/4257/1340
f 1593/4225/1360 1610/4257/1340 1569/4258/1340
f 1593/4225/1360 1569/4258/1340 1561/4259/1333
f 1528/4260/1305 1527/4261/1304 1611/4262/1369
f 1528/4260/1305 1611/4262/1369 1612/4263/1370
f 1528/4260/1305 1612/4263/1370 1523/4264/1300
f 1528/4073/1305 1523/4063/1300 1408/4062/1204
f 1522/4058/1299 1521/4057/1298 1613/4265/1371
f 1522/4266/1299 1613/4267/1371 1614/4268/1372
f 1522/4058/1299 1614/4269/1372 1525/4067/1302
f 1522/4058/1299 1525/4067/1302 1403/4059/1199
f 1524/4064/1301 1523/4063/1300 1615/4270/1373
f 1524/4271/1301 1615/4272/1373 1616/4273/1374
f 1524/4064/1301 1616/4274/1374 1509/4036/1291
f 1524/4064/1301 1509/4036/1291 1392/3729/1134
f 1608/4255/1246 1591/4218/1358 1589/4217/1252
f 1608/4275/1246 1589/4276/1252 1588/4277/1356
f 1608/4278/1246 1588/4279/1356 1592/4280/1359
f 1608/4281/1246 1592/4282/1359 1609/4283/1340
f 1573/4173/1344 1572/4172/1343 1617/4284/1375
f 1573/4285/1344 1617/4286/1375 1618/4287/1376
f 1573/4288/1344 1618/4289/1376 1418/4071/1212
f 1573/4288/1344 1418/4071/1212 1401/4290/1197
f 1619/4291/1377 1417/4091/1211 1416/4069/1210
f 1619/4291/1377 1416/4069/1210 1526/4068/1303
f 1619/4291/1377 1526/4068/1303 1620/4292/1378
f 1619/4293/1377 1620/4294/1378 1621/4295/1379
f 1619/4293/1377 1621/4295/1379 1622/4296/1380
f 1619/4291/1377 1622/4297/1380 1417/4091/1211
f 1538/4092/1315 1417/4091/1211 1622/4297/1380
f 1538/4298/1315 1622/4296/1380 1623/4299/1381
f 1538/4298/1315 1623/4299/1381 1624/4300/1382
f 1538/4301/1315 1624/4302/1382 1539/4303/1316
f 1618/4287/1376 1617/4286/1375 1625/4304/1383
f 1618/4287/1376 1625/4304/1383 1527/4261/1304
f 1618/4289/1376 1527/4072/1304 1418/4071/1212
f 1626/4305/1384 1412/4042/1207 1411/4306/914
f 1626/4307/1384 1411/4078/914 1531/4077/1308
f 1626/4307/1384 1531/4077/1308 1627/4308/1385
f 1626/4309/1384 1627/4310/1385 1628/4311/1386
f 1626/4312/1384 1628/4313/1386 1512/4314/1129
f 1626/4305/1384 1512/4043/1129 1412/4042/1207
f 1629/4315/1387 1414/3777/1209 1516/4047/1135
f 1629/4315/1387 1516/4047/1135 1630/4316/1388
f 1629/4317/1387 1630/4318/1388 1631/4319/1389
f 1629/4317/1387 1631/4319/1389 1533/4320/1310
f 1629/4315/1387 1533/4081/1310 1415/3778/917
f 1629/4315/1387 1415/3778/917 1414/3777/1209
f 1607/4321/1340 1606/4322/1341 1632/4323/1341
f 1607/4324/1340 1632/4325/1341 1609/4326/1340
f 1607/4327/1340 1609/4328/1340 1592/4329/1359
f 1633/4330/1390 1422/3799/1163 1421/3798/1215
f 1633/4330/1390 1421/3798/1215 1544/4104/1215
f 1633/4331/1390 1544/4332/1215 1634/4333/1391
f 1633/4331/1390 1634/4333/1391 1635/4334/1392
f 1633/4331/1390 1635/4334/1392 1530/4335/1307
f 1633/4330/1390 1530/4076/1307 1422/3799/1163
f 1636/4336/1393 1424/4337/1165 1534/4338/1311
f 1636/4336/1393 1534/4338/1311 1637/4339/1394
f 1636/4336/1393 1637/4339/1394 1638/4340/1395
f 1636/4336/1393 1638/4340/1395 1553/4120/1217
f 1636/4336/1393 1553/4120/1217 1425/4341/1217
f 1636/4342/1393 1425/3806/1217 1424/3805/1165
f 1639/4343/1396 1434/3826/1169 1433/3825/1225
f 1639/4343/1396 1433/3825/1225 1640/4344/1397
f 1639/4345/1396 1640/4346/1397 1641/4347/1398
f 1639/4345/1396 1641/4347/1398 1642/4348/1399
f 1639/4345/1396 1642/4348/1399 1543/4349/1320
f 1639/4343/1396 1543/4103/1320 1434/3826/1169
f 1640/4344/1397 1433/3825/1225 1428/4350/1220
f 1640/4351/1397 1428/4352/1220 1643/4353/1400
f 1640/4346/1397 1643/4354/1400 1644/4355/1401
f 1640/4346/1397 1644/4355/1401 1641/4347/1398
f 1645/4356/1402 1437/3833/1227 1436/3832/1173
f 1645/4357/1402 1436/4358/1173 1554/4121/1326
f 1645/4357/1402 1554/4121/1326 1646/4359/1403
f 1645/4357/1402 1646/4359/1403 1647/4360/1404
f 1645/4357/1402 1647/4360/1404 1648/4361/1405
f 1645/4357/1402 1648/4361/1405 1437/4362/1227
f 1648/4361/1405 1647/4360/1404 1649/4363/1406
f 1648/4361/1405 1649/4363/1406 1650/4364/1407
f 1648/4361/1405 1650/4364/1407 1430/4365/1222
f 1648/4366/1405 1430/3834/1222 1437/3833/1227
f 1651/4367/1408 1439/4368/1229 1564/4369/1335
f 1651/4370/1408 1564/4371/1335 1652/4372/1409
f 1651/4370/1408 1652/4372/1409 1653/4373/1410
f 1651/4370/1408 1653/4373/1410 1546/4374/1321
f 1651/4370/1408 1546/4374/1321 1440/4375/1094
f 1651/4376/1408 1440/3847/1094 1439/3846/1229
f 1654/4377/1411 1448/3873/1233 1557/4130/1329
f 1654/4378/1411 1557/4379/1329 1655/4380/1412
f 1654/4378/1411 1655/4380/1412 1656/4381/1413
f 1654/4382/1411 1656/4383/1413 1657/4384/1414
f 1654/4382/1411 1657/4384/1414 1443/4385/1231
f 1654/4377/1411 1443/4386/1231 1448/3873/1233
f 1643/4353/1400 1428/4352/1220 1427/4111/1219
f 1643/4353/1400 1427/4111/1219 1547/4110/1322
f 1643/4387/1400 1547/4388/1322 1658/4389/1415
f 1643/4387/1400 1658/4389/1415 1659/4390/1416
f 1643/4387/1400 1659/4390/1416 1644/4391/1401
f 1650/4392/1407 1649/4393/1406 1660/4394/1417
f 1650/4392/1407 1660/4394/1417 1661/4395/1418
f 1650/4392/1407 1661/4395/1418 1549/4396/1323
f 1650/4397/1407 1549/4113/1323 1431/3819/1223
f 1650/4397/1407 1431/3819/1223 1430/3818/1222
f 1657/4398/1414 1656/4399/1413 1662/4400/1419
f 1657/4401/1414 1662/4402/1419 1663/4403/1420
f 1657/4404/1414 1663/4405/1420 1444/4406/1232
f 1657/4407/1414 1444/4408/1232 1443/4409/1231
f 1664/4410/1420 1447/3866/1038 1446/4411/1038
f 1664/4412/1420 1446/3863/1038 1665/4413/1420
f 1664/4414/1420 1665/4415/1420 1666/4416/1421
f 1664/4417/1420 1666/4418/1421 1667/4419/1422
f 1664/4417/1420 1667/4419/1422 1563/4420/1334
f 1664/4410/1420 1563/4143/1334 1447/3866/1038
f 1663/4421/1420 1662/4422/1419 1668/4423/1421
f 1663/4424/1420 1668/4425/1421 1665/4426/1420
f 1663/4427/1420 1665/4413/1420 1446/3863/1038
f 1663/4427/1420 1446/3863/1038 1444/3860/1232
f 1624/4300/1382 1623/4299/1381 1621/4295/1379
f 1624/4300/1382 1621/4295/1379 1669/4428/1423
f 1624/4300/1382 1669/4428/1423 1670/4429/1424
f 1624/4300/1382 1670/4429/1424 1671/4430/1246
f 1624/4431/1382 1671/4432/1246 1672/4433/1425
f 1624/4431/1382 1672/4433/1425 1539/4434/1316
f 1672/4435/1425 1671/4436/1246 1673/4437/1252
f 1672/4438/1425 1673/4439/1252 1674/4440/1252
f 1672/4438/1425 1674/4440/1252 1605/4251/1341
f 1672/4438/1425 1605/4251/1341 1539/4250/1316
f 1632/4441/1341 1606/4442/1341 1675/4443/1252
f 1632/4444/1341 1675/4445/1252 1676/4446/1341
f 1632/4444/1341 1676/4446/1341 1610/4447/1340
f 1632/4444/1341 1610/4447/1340 1609/4448/1340
f 1676/4446/1341 1675/4445/1252 1677/4449/1252
f 1676/4446/1341 1677/4449/1252 1570/4450/1341
f 1676/4446/1341 1570/4450/1341 1569/4451/1340
f 1676/4446/1341 1569/4451/1340 1610/4447/1340
f 1621/4295/1379 1623/4299/1381 1622/4296/1380
f 1625/4304/1383 1617/4286/1375 1572/4452/1343
f 1625/4304/1383 1572/4452/1343 1678/4453/1426
f 1625/4304/1383 1678/4453/1426 1611/4262/1369
f 1625/4304/1383 1611/4262/1369 1527/4261/1304
f 1679/4454/1427 1526/4068/1303 1525/4067/1302
f 1679/4455/1427 1525/4456/1302 1614/4268/1372
f 1679/4455/1427 1614/4268/1372 1680/4457/1428
f 1679/4455/1427 1680/4457/1428 1681/4458/1429
f 1679/4459/1427 1681/4460/1429 1620/4461/1378
f 1679/4459/1427 1620/4461/1378 1526/4462/1303
f 1612/4263/1370 1611/4262/1369 1682/4463/1430
f 1612/4263/1370 1682/4463/1430 1683/4464/1431
f 1612/4465/1370 1683/4466/1431 1615/4272/1373
f 1612/4263/1370 1615/4467/1373 1523/4264/1300
f 1613/4265/1371 1521/4057/1298 1595/4228/1362
f 1613/4468/1371 1595/4469/1362 1684/4470/1432
f 1613/4468/1371 1684/4470/1432 1685/4471/1433
f 1613/4468/1371 1685/4471/1433 1686/4472/1434
f 1613/4267/1371 1686/4473/1434 1614/4268/1372
f 1616/4273/1374 1615/4272/1373 1687/4474/1435
f 1616/4273/1374 1687/4474/1435 1688/4475/1436
f 1616/4273/1374 1688/4475/1436 1689/4476/1437
f 1616/4273/1374 1689/4476/1437 1596/4477/1363
f 1616/4273/1374 1596/4477/1363 1509/4478/1291
f 1690/4479/1438 1491/3993/1273 1495/4240/1277
f 1690/4479/1438 1495/4240/1277 1600/4239/1366
f 1690/4480/1438 1600/4237/1366 1691/4481/1439
f 1690/4480/1438 1691/4481/1439 1692/4482/1440
f 1690/4483/1438 1692/4484/1440 1594/4485/1361
f 1690/4479/1438 1594/4227/1361 1491/3993/1273
f 1693/4486/1441 1493/4231/1275 1597/4230/1364
f 1693/4487/1441 1597/4488/1364 1694/4489/1442
f 1693/4487/1441 1694/4489/1442 1695/4490/1443
f 1693/4487/1441 1695/4490/1443 1602/4491/1367
f 1693/4486/1441 1602/4244/1367 1494/4243/1276
f 1693/4486/1441 1494/4243/1276 1493/4231/1275
f 1696/4492/1444 1513/4493/718 1512/4494/1129
f 1696/4495/1444 1512/4496/1129 1628/4497/1386
f 1696/4498/1444 1628/4499/1386 1697/4500/1445
f 1696/4501/1444 1697/4502/1445 1698/4503/1446
f 1696/4501/1444 1698/4503/1446 1599/4236/1365
f 1696/4504/1444 1599/4505/1365 1513/4506/718
f 1699/4507/1447 1515/4046/737 1603/4246/1368
f 1699/4508/1447 1603/4509/1368 1700/4510/1448
f 1699/4508/1447 1700/4510/1448 1701/4511/1449
f 1699/4508/1447 1701/4511/1449 1630/4512/1388
f 1699/4513/1447 1630/4514/1388 1516/4515/1135
f 1699/4507/1447 1516/4047/1135 1515/4046/737
f 1702/4516/1450 1531/4077/1308 1530/4076/1307
f 1702/4517/1450 1530/4335/1307 1635/4334/1392
f 1702/4518/1450 1635/4519/1392 1703/4520/1451
f 1702/4518/1450 1703/4520/1451 1704/4521/1452
f 1702/4518/1450 1704/4521/1452 1627/4522/1385
f 1702/4523/1450 1627/4524/1385 1531/4525/1308
f 1705/4526/1453 1533/4320/1310 1631/4319/1389
f 1705/4527/1453 1631/4528/1389 1706/4529/1454
f 1705/4527/1453 1706/4529/1454 1707/4530/1455
f 1705/4527/1453 1707/4530/1455 1637/4531/1394
f 1705/4526/1453 1637/4339/1394 1534/4338/1311
f 1705/4526/1453 1534/4338/1311 1533/4320/1310
f 1708/4532/1456 1544/4332/1215 1543/4349/1320
f 1708/4532/1456 1543/4349/1320 1642/4348/1399
f 1708/4532/1456 1642/4348/1399 1709/4533/1457
f 1708/4534/1456 1709/4535/1457 1710/4536/1458
f 1708/4532/1456 1710/4537/1458 1634/4333/1391
f 1708/4532/1456 1634/4333/1391 1544/4332/1215
f 1711/4538/1459 1553/4120/1217 1638/4340/1395
f 1711/4539/1459 1638/4540/1395 1712/4541/1460
f 1711/4539/1459 1712/4541/1460 1713/4542/1461
f 1711/4539/1459 1713/4542/1461 1646/4543/1403
f 1711/4538/1459 1646/4359/1403 1554/4121/1326
f 1711/4538/1459 1554/4121/1326 1553/4120/1217
f 1653/4544/1410 1652/4545/1409 1714/4546/1462
f 1653/4544/1410 1714/4546/1462 1658/4547/1415
f 1653/4373/1410 1658/4389/1415 1547/4388/1322
f 1653/4373/1410 1547/4388/1322 1546/4374/1321
f 1715/4548/1463 1550/4549/1324 1549/4396/1323
f 1715/4548/1463 1549/4396/1323 1661/4395/1418
f 1715/4548/1463 1661/4395/1418 1716/4550/1464
f 1715/4548/1463 1716/4550/1464 1655/4380/1412
f 1715/4548/1463 1655/4380/1412 1557/4379/1329
f 1715/4548/1463 1557/4379/1329 1550/4549/1324
f 1717/4551/1465 1564/4552/1335 1563/4553/1334
f 1717/4554/1465 1563/4555/1334 1667/4556/1422
f 1717/4557/1465 1667/4558/1422 1718/4559/1466
f 1717/4560/1465 1718/4561/1466 1652/4545/1409
f 1717/4562/1465 1652/4372/1409 1564/4371/1335
f 1719/4563/1421 1665/4426/1420 1668/4425/1421
f 1719/4563/1421 1668/4425/1421 1720/4564/1467
f 1719/4563/1421 1720/4564/1467 1721/4565/1468
f 1719/4566/1421 1721/4567/1468 1722/4568/1468
f 1719/4569/1421 1722/4570/1468 1666/4571/1421
f 1719/4572/1421 1666/4573/1421 1665/4574/1420
f 1669/4428/1423 1621/4295/1379 1620/4294/1378
f 1669/4428/1423 1620/4294/1378 1681/4458/1429
f 1669/4428/1423 1681/4458/1429 1723/4575/1469
f 1669/4428/1423 1723/4575/1469 1670/4429/1424
f 1678/4453/1426 1572/4452/1343 1724/4576/1470
f 1678/4453/1426 1724/4576/1470 1725/4577/1471
f 1678/4453/1426 1725/4577/1471 1682/4463/1430
f 1678/4453/1426 1682/4463/1430 1611/4262/1369
f 1726/4578/1246 1572/4452/1343 1571/4579/1342
f 1726/4580/1246 1571/4581/1342 1727/4582/1252
f 1726/4580/1246 1727/4582/1252 1728/4583/1472
f 1726/4578/1246 1728/4584/1472 1724/4576/1470
f 1726/4578/1246 1724/4576/1470 1572/4452/1343
f 1686/4472/1434 1685/4471/1433 1729/4585/1473
f 1686/4586/1434 1729/4587/1473 1730/4588/1474
f 1686/4473/1434 1730/4589/1474 1680/4457/1428
f 1686/4473/1434 1680/4457/1428 1614/4268/1372
f 1683/4464/1431 1682/4463/1430 1731/4590/1475
f 1683/4464/1431 1731/4590/1475 1732/4591/1476
f 1683/4466/1431 1732/4592/1476 1687/4474/1435
f 1683/4466/1431 1687/4474/1435 1615/4272/1373
f 1684/4470/1432 1595/4469/1362 1594/4485/1361
f 1684/4470/1432 1594/4485/1361 1692/4484/1440
f 1684/4593/1432 1692/4482/1440 1733/4594/1477
f 1684/4470/1432 1733/4595/1477 1734/4596/1478
f 1684/4470/1432 1734/4596/1478 1685/4471/1433
f 1689/4476/1437 1688/4475/1436 1735/4597/1479
f 1689/4476/1437 1735/4597/1479 1736/4598/1480
f 1689/4476/1437 1736/4598/1480 1694/4489/1442
f 1689/4476/1437 1694/4489/1442 1597/4488/1364
f 1689/4476/1437 1597/4488/1364 1596/4477/1363
f 1737/4599/1481 1681/4458/1429 1680/4457/1428
f 1737/4599/1481 1680/4457/1428 1730/4589/1474
f 1737/4600/1481 1730/4588/1474 1738/4601/1482
f 1737/4600/1481 1738/4601/1482 1723/4602/1469
f 1737/4599/1481 1723/4575/1469 1681/4458/1429
f 1725/4577/1471 1724/4576/1470 1728/4584/1472
f 1725/4577/1471 1728/4584/1472 1739/4603/1483
f 1725/4577/1471 1739/4603/1483 1731/4590/1475
f 1725/4577/1471 1731/4590/1475 1682/4463/1430
f 1740/4604/1484 1670/4605/1424 1723/4602/1469
f 1740/4604/1484 1723/4602/1469 1738/4601/1482
f 1740/4606/1484 1738/4607/1482 1741/4608/1485
f 1740/4609/1484 1741/4610/1485 1673/4611/1252
f 1740/4604/1484 1673/4612/1252 1671/4613/1246
f 1740/4604/1484 1671/4613/1246 1670/4605/1424
f 1742/4614/1252 1605/4615/1341 1674/4616/1252
f 1742/4614/1252 1674/4616/1252 1743/4617/1485
f 1742/4618/1252 1743/4619/1485 1744/4620/1485
f 1742/4621/1252 1744/4622/1485 1675/4623/1252
f 1742/4624/1252 1675/4625/1252 1606/4626/1341
f 1742/4627/1252 1606/4253/1341 1605/4252/1341
f 1745/4628/1252 1570/4450/1341 1677/4449/1252
f 1745/4628/1252 1677/4449/1252 1746/4629/1485
f 1745/4628/1252 1746/4629/1485 1747/4630/1485
f 1745/4631/1252 1747/4632/1485 1727/4633/1252
f 1745/4631/1252 1727/4633/1252 1571/4167/1342
f 1745/4631/1252 1571/4167/1342 1570/4166/1341
f 1748/4634/1486 1600/4237/1366 1599/4236/1365
f 1748/4634/1486 1599/4236/1365 1698/4503/1446
f 1748/4635/1486 1698/4636/1446 1749/4637/1487
f 1748/4635/1486 1749/4637/1487 1750/4638/1488
f 1748/4634/1486 1750/4639/1488 1691/4481/1439
f 1748/4634/1486 1691/4481/1439 1600/4237/1366
f 1751/4640/1489 1602/4641/1367 1695/4642/1443
f 1751/4640/1489 1695/4642/1443 1752/4643/1490
f 1751/4640/1489 1752/4643/1490 1753/4644/1491
f 1751/4640/1489 1753/4644/1491 1700/4645/1448
f 1751/4646/1489 1700/4510/1448 1603/4509/1368
f 1751/4647/1489 1603/4648/1368 1602/4649/1367
f 1754/4650/1492 1628/4499/1386 1627/4522/1385
f 1754/4650/1492 1627/4522/1385 1704/4521/1452
f 1754/4650/1492 1704/4521/1452 1755/4651/1493
f 1754/4650/1492 1755/4651/1493 1756/4652/1494
f 1754/4650/1492 1756/4652/1494 1697/4500/1445
f 1754/4650/1492 1697/4500/1445 1628/4499/1386
f 1757/4653/1495 1630/4512/1388 1701/4511/1449
f 1757/4653/1495 1701/4511/1449 1758/4654/1496
f 1757/4655/1495 1758/4656/1496 1759/4657/1497
f 1757/4655/1495 1759/4657/1497 1706/4658/1454
f 1757/4653/1495 1706/4529/1454 1631/4528/1389
f 1757/4653/1495 1631/4528/1389 1630/4512/1388
f 1760/4659/1485 1673/4439/1252 1741/4660/1485
f 1760/4659/1485 1741/4660/1485 1761/4661/1485
f 1760/4662/1485 1761/4663/1485 1762/4664/1485
f 1760/4662/1485 1762/4664/1485 1743/4617/1485
f 1760/4662/1485 1743/4617/1485 1674/4616/1252
f 1760/4659/1485 1674/4440/1252 1673/4439/1252
f 1744/4665/1485 1743/4666/1485 1763/4667/1485
f 1744/4668/1485 1763/4669/1485 1746/4629/1485
f 1744/4668/1485 1746/4629/1485 1677/4449/1252
f 1744/4668/1485 1677/4449/1252 1675/4445/1252
f 1764/4670/1485 1727/4633/1252 1747/4632/1485
f 1764/4670/1485 1747/4632/1485 1765/4671/1485
f 1764/4670/1485 1765/4671/1485 1766/4672/1485
f 1764/4673/1485 1766/4674/1485 1739/4675/1483
f 1764/4673/1485 1739/4675/1483 1728/4583/1472
f 1764/4673/1485 1728/4583/1472 1727/4582/1252
f 1732/4591/1476 1731/4590/1475 1739/4603/1483
f 1732/4591/1476 1739/4603/1483 1767/4676/1498
f 1732/4592/1476 1767/4677/1498 1768/4678/1499
f 1732/4592/1476 1768/4678/1499 1687/4474/1435
f 1769/4679/1500 1738/4601/1482 1730/4588/1474
f 1769/4679/1500 1730/4588/1474 1729/4587/1473
f 1769/4679/1500 1729/4587/1473 1770/4680/1501
f 1769/4681/1500 1770/4682/1501 1771/4683/1502
f 1769/4684/1500 1771/4685/1502 1772/4686/1485
f 1769/4679/1500 1772/4687/1485 1738/4601/1482
f 1772/4688/1485 1771/4689/1502 1773/4690/1502
f 1772/4688/1485 1773/4690/1502 1761/4661/1485
f 1772/4688/1485 1761/4661/1485 1741/4660/1485
f 1772/4691/1485 1741/4692/1485 1738/4693/1482
f 1762/4664/1485 1761/4663/1485 1774/4694/1502
f 1762/4695/1485 1774/4696/1502 1775/4697/1502
f 1762/4698/1485 1775/4699/1502 1763/4700/1485
f 1762/4701/1485 1763/4702/1485 1743/4703/1485
f 1776/4704/1485 1746/4629/1485 1763/4669/1485
f 1776/4705/1485 1763/4706/1485 1775/4707/1502
f 1776/4704/1485 1775/4708/1502 1777/4709/1502
f 1776/4704/1485 1777/4709/1502 1765/4710/1485
f 1776/4704/1485 1765/4710/1485 1747/4630/1485
f 1776/4704/1485 1747/4630/1485 1746/4629/1485
f 1766/4672/1485 1765/4671/1485 1778/4711/1502
f 1766/4672/1485 1778/4711/1502 1779/4712/1502
f 1766/4674/1485 1779/4713/1502 1767/4714/1498
f 1766/4674/1485 1767/4714/1498 1739/4675/1483
f 1780/4715/1503 1635/4716/1392 1634/4717/1391
f 1780/4715/1503 1634/4717/1391 1710/4536/1458
f 1780/4715/1503 1710/4536/1458 1781/4718/1504
f 1780/4715/1503 1781/4718/1504 1782/4719/1505
f 1780/4715/1503 1782/4719/1505 1703/4720/1451
f 1780/4715/1503 1703/4720/1451 1635/4716/1392
f 1783/4721/1506 1637/4722/1394 1707/4723/1455
f 1783/4724/1506 1707/4725/1455 1784/4726/1507
f 1783/4724/1506 1784/4726/1507 1785/4727/1508
f 1783/4724/1506 1785/4727/1508 1712/4728/1460
f 1783/4721/1506 1712/4541/1460 1638/4540/1395
f 1783/4721/1506 1638/4540/1395 1637/4722/1394
f 1768/4678/1499 1767/4677/1498 1786/4729/1509
f 1768/4678/1499 1786/4729/1509 1787/4730/1510
f 1768/4678/1499 1787/4730/1510 1688/4475/1436
f 1768/4678/1499 1688/4475/1436 1687/4474/1435
f 1788/4731/1511 1642/4348/1399 1641/4347/1398
f 1788/4732/1511 1641/4733/1398 1789/4734/1512
f 1788/4732/1511 1789/4734/1512 1790/4735/1513
f 1788/4736/1511 1790/4737/1513 1791/4738/1514
f 1788/4736/1511 1791/4738/1514 1709/4739/1457
f 1788/4736/1511 1709/4739/1457 1642/4740/1399
f 1792/4741/1515 1646/4543/1403 1713/4542/1461
f 1792/4742/1515 1713/4743/1461 1793/4744/1516
f 1792/4742/1515 1793/4744/1516 1794/4745/1517
f 1792/4742/1515 1794/4745/1517 1795/4746/1518
f 1792/4741/1515 1795/4747/1518 1647/4748/1404
f 1792/4741/1515 1647/4748/1404 1646/4543/1403
f 1789/4749/1512 1641/4347/1398 1644/4355/1401
f 1789/4750/1512 1644/4751/1401 1796/4752/1519
f 1789/4734/1512 1796/4753/1519 1797/4754/1520
f 1789/4734/1512 1797/4754/1520 1790/4735/1513
f 1795/4746/1518 1794/4745/1517 1798/4755/1521
f 1795/4746/1518 1798/4755/1521 1799/4756/1522
f 1795/4747/1518 1799/4757/1522 1649/4758/1406
f 1795/4747/1518 1649/4758/1406 1647/4748/1404
f 1659/4759/1416 1658/4547/1415 1800/4760/1523
f 1659/4759/1416 1800/4760/1523 1801/4761/1524
f 1659/4759/1416 1801/4761/1524 1796/4752/1519
f 1659/4759/1416 1796/4752/1519 1644/4751/1401
f 1799/4756/1522 1798/4755/1521 1802/4762/1525
f 1799/4757/1522 1802/4763/1525 1803/4764/1526
f 1799/4757/1522 1803/4764/1526 1660/4765/1417
f 1799/4757/1522 1660/4765/1417 1649/4758/1406
f 1804/4766/1527 1656/4381/1413 1655/4380/1412
f 1804/4766/1527 1655/4380/1412 1716/4550/1464
f 1804/4766/1527 1716/4550/1464 1805/4767/1528
f 1804/4768/1527 1805/4769/1528 1806/4770/1529
f 1804/4768/1527 1806/4770/1529 1662/4771/1419
f 1804/4768/1527 1662/4771/1419 1656/4772/1413
f 1718/4773/1466 1667/4774/1422 1807/4775/1530
f 1718/4776/1466 1807/4777/1530 1808/4778/1531
f 1718/4561/1466 1808/4779/1531 1714/4546/1462
f 1718/4561/1466 1714/4546/1462 1652/4545/1409
f 1800/4760/1523 1658/4547/1415 1714/4546/1462
f 1800/4760/1523 1714/4546/1462 1808/4779/1531
f 1800/4760/1523 1808/4779/1531 1809/4780/1532
f 1800/4760/1523 1809/4780/1532 1801/4761/1524
f 1810/4781/1533 1661/4395/1418 1660/4394/1417
f 1810/4781/1533 1660/4394/1417 1803/4782/1526
f 1810/4781/1533 1803/4782/1526 1811/4783/1534
f 1810/4781/1533 1811/4783/1534 1805/4767/1528
f 1810/4781/1533 1805/4767/1528 1716/4550/1464
f 1810/4781/1533 1716/4550/1464 1661/4395/1418
f 1773/4690/1502 1771/4689/1502 1812/4784/1535
f 1773/4785/1502 1812/4786/1535 1813/4787/1535
f 1773/4785/1502 1813/4787/1535 1774/4694/1502
f 1773/4785/1502 1774/4694/1502 1761/4663/1485
f 1777/4788/1502 1775/4789/1502 1814/4790/1535
f 1777/4791/1502 1814/4792/1535 1815/4793/1535
f 1777/4794/1502 1815/4795/1535 1778/4796/1502
f 1777/4709/1502 1778/4797/1502 1765/4710/1485
f 1779/4712/1502 1778/4711/1502 1816/4798/1535
f 1779/4712/1502 1816/4798/1535 1817/4799/1535
f 1779/4713/1502 1817/4800/1535 1786/4801/1509
f 1779/4713/1502 1786/4801/1509 1767/4714/1498
f 1818/4802/1536 1685/4471/1433 1734/4596/1478
f 1818/4802/1536 1734/4596/1478 1819/4803/1537
f 1818/4804/1536 1819/4805/1537 1820/4806/1537
f 1818/4804/1536 1820/4806/1537 1821/4807/1535
f 1818/4804/1536 1821/4807/1535 1770/4808/1501
f 1818/4809/1536 1770/4680/1501 1729/4587/1473
f 1818/4802/1536 1729/4585/1473 1685/4471/1433
f 1787/4810/1510 1786/4801/1509 1817/4800/1535
f 1787/4810/1510 1817/4800/1535 1822/4811/1537
f 1787/4810/1510 1822/4811/1537 1823/4812/1537
f 1787/4730/1510 1823/4813/1537 1735/4597/1479
f 1787/4730/1510 1735/4597/1479 1688/4475/1436
f 1807/4814/1530 1667/4419/1422 1666/4418/1421
f 1807/4814/1530 1666/4418/1421 1722/4815/1468
f 1807/4814/1530 1722/4815/1468 1824/4816/600
f 1807/4817/1530 1824/4818/600 1808/4819/1531
f 1806/4770/1529 1805/4769/1528 1825/4820/600
f 1806/4821/1529 1825/4822/600 1720/4823/1467
f 1806/4824/1529 1720/4825/1467 1668/4826/1421
f 1806/4827/1529 1668/4828/1421 1662/4829/1419
f 1821/4830/1535 1820/4831/1537 1826/4832/1537
f 1821/4833/1535 1826/4834/1537 1812/4835/1535
f 1821/4836/1535 1812/4784/1535 1771/4689/1502
f 1821/4807/1535 1771/4837/1502 1770/4808/1501
f 1813/4787/1535 1812/4786/1535 1827/4838/1537
f 1813/4839/1535 1827/4840/1537 1828/4841/1537
f 1813/4842/1535 1828/4843/1537 1814/4844/1535
f 1813/4845/1535 1814/4846/1535 1774/4847/1502
f 1814/4848/1535 1775/4849/1502 1774/4850/1502
f 1815/4851/1535 1814/4852/1535 1828/4853/1537
f 1815/4851/1535 1828/4853/1537 1829/4854/1537
f 1815/4795/1535 1829/4855/1537 1816/4856/1535
f 1815/4795/1535 1816/4856/1535 1778/4796/1502
f 1830/4857/600 1722/4858/1468 1721/4859/1468
f 1830/4860/600 1721/4861/1468 1831/4862/600
f 1830/4863/600 1831/4864/600 1832/4865/1538
f 1830/4863/600 1832/4865/1538 1833/4866/1538
f 1830/4863/600 1833/4866/1538 1824/4816/600
f 1830/4863/600 1824/4816/600 1722/4815/1468
f 1834/4867/600 1721/4565/1468 1720/4564/1467
f 1834/4868/600 1720/4869/1467 1825/4870/600
f 1834/4871/600 1825/4872/600 1835/4873/1538
f 1834/4874/600 1835/4875/1538 1836/4876/1538
f 1834/4867/600 1836/4877/1538 1831/4878/600
f 1834/4867/600 1831/4878/600 1721/4565/1468
f 1809/4879/1532 1808/4880/1531 1824/4881/600
f 1809/4882/1532 1824/4883/600 1833/4884/1538
f 1809/4885/1532 1833/4886/1538 1837/4887/1539
f 1809/4780/1532 1837/4888/1539 1801/4761/1524
f 1838/4889/1538 1831/4878/600 1836/4877/1538
f 1838/4889/1538 1836/4877/1538 1839/4890/1539
f 1838/4889/1538 1839/4890/1539 1840/4891/1539
f 1838/4892/1538 1840/4893/1539 1841/4894/1539
f 1838/4895/1538 1841/4896/1539 1832/4897/1538
f 1838/4898/1538 1832/4899/1538 1831/4900/600
f 1811/4901/1534 1803/4902/1526 1842/4903/1539
f 1811/4904/1534 1842/4905/1539 1835/4906/1538
f 1811/4904/1534 1835/4906/1538 1825/4820/600
f 1811/4904/1534 1825/4820/600 1805/4769/1528
f 1826/4907/1537 1820/4908/1537 1843/4909/1540
f 1826/4907/1537 1843/4909/1540 1844/4910/1540
f 1826/4907/1537 1844/4910/1540 1827/4911/1537
f 1826/4912/1537 1827/4838/1537 1812/4786/1535
f 1845/4913/1537 1816/4856/1535 1829/4855/1537
f 1845/4913/1537 1829/4855/1537 1846/4914/1540
f 1845/4913/1537 1846/4914/1540 1847/4915/1540
f 1845/4916/1537 1847/4917/1540 1822/4918/1537
f 1845/4916/1537 1822/4918/1537 1817/4799/1535
f 1845/4916/1537 1817/4799/1535 1816/4798/1535
f 1848/4919/1541 1692/4482/1440 1691/4481/1439
f 1848/4919/1541 1691/4481/1439 1750/4639/1488
f 1848/4920/1541 1750/4638/1488 1849/4921/1542
f 1848/4920/1541 1849/4921/1542 1850/4922/1543
f 1848/4919/1541 1850/4923/1543 1733/4594/1477
f 1848/4919/1541 1733/4594/1477 1692/4482/1440
f 1851/4924/1544 1694/4925/1442 1736/4926/1480
f 1851/4924/1544 1736/4926/1480 1852/4927/1545
f 1851/4924/1544 1852/4927/1545 1853/4928/1546
f 1851/4924/1544 1853/4928/1546 1752/4643/1490
f 1851/4924/1544 1752/4643/1490 1695/4642/1443
f 1851/4924/1544 1695/4642/1443 1694/4925/1442
f 1854/4929/1539 1833/4866/1538 1832/4865/1538
f 1854/4929/1539 1832/4865/1538 1841/4930/1539
f 1854/4929/1539 1841/4930/1539 1855/4931/1547
f 1854/4932/1539 1855/4933/1547 1856/4934/1547
f 1854/4935/1539 1856/4936/1547 1837/4937/1539
f 1854/4938/1539 1837/4939/1539 1833/4940/1538
f 1857/4941/1539 1836/4942/1538 1835/4943/1538
f 1857/4944/1539 1835/4906/1538 1842/4905/1539
f 1857/4944/1539 1842/4905/1539 1858/4945/1547
f 1857/4946/1539 1858/4947/1547 1859/4948/1547
f 1857/4949/1539 1859/4950/1547 1839/4951/1539
f 1857/4952/1539 1839/4953/1539 1836/4954/1538
f 1856/4934/1547 1855/4933/1547 1860/4955/1548
f 1856/4956/1547 1860/4957/1548 1861/4958/1549
f 1856/4956/1547 1861/4958/1549 1862/4959/1550
f 1856/4956/1547 1862/4959/1550 1801/4960/1524
f 1856/4961/1547 1801/4761/1524 1837/4888/1539
f 1863/4962/1551 1801/4960/1524 1862/4959/1550
f 1863/4963/1551 1862/4964/1550 1864/4965/1552
f 1863/4963/1551 1864/4965/1552 1797/4754/1520
f 1863/4963/1551 1797/4754/1520 1796/4753/1519
f 1863/4962/1551 1796/4966/1519 1801/4960/1524
f 1865/4967/1547 1841/4930/1539 1840/4968/1539
f 1865/4969/1547 1840/4970/1539 1866/4971/1547
f 1865/4967/1547 1866/4972/1547 1867/4973/1548
f 1865/4967/1547 1867/4973/1548 1868/4974/1548
f 1865/4967/1547 1868/4974/1548 1855/4931/1547
f 1865/4967/1547 1855/4931/1547 1841/4930/1539
f 1869/4975/1547 1840/4891/1539 1839/4890/1539
f 1869/4976/1547 1839/4977/1539 1859/4978/1547
f 1869/4979/1547 1859/4980/1547 1870/4981/1548
f 1869/4982/1547 1870/4983/1548 1871/4984/1548
f 1869/4985/1547 1871/4986/1548 1866/4987/1547
f 1869/4975/1547 1866/4988/1547 1840/4891/1539
f 1858/4989/1547 1842/4903/1539 1803/4902/1526
f 1858/4989/1547 1803/4902/1526 1872/4990/1553
f 1858/4989/1547 1872/4990/1553 1873/4991/1554
f 1858/4989/1547 1873/4991/1554 1874/4992/1548
f 1858/4993/1547 1874/4994/1548 1859/4995/1547
f 1802/4762/1525 1798/4755/1521 1875/4996/1555
f 1802/4762/1525 1875/4996/1555 1872/4997/1553
f 1802/4762/1525 1872/4997/1553 1803/4998/1526
f 1876/4999/1556 1734/4596/1478 1733/4595/1477
f 1876/5000/1556 1733/4594/1477 1850/4923/1543
f 1876/5001/1556 1850/5002/1543 1877/5003/1557
f 1876/5001/1556 1877/5003/1557 1878/5004/1558
f 1876/4999/1556 1878/5005/1558 1879/5006/1540
f 1876/4999/1556 1879/5006/1540 1734/4596/1478
f 1879/5007/1540 1878/5008/1558 1880/5009/1558
f 1879/5007/1540 1880/5009/1558 1881/5010/1540
f 1879/5007/1540 1881/5010/1540 1819/4805/1537
f 1879/5006/1540 1819/4803/1537 1734/4596/1478
f 1881/5011/1540 1880/5012/1558 1882/5013/1558
f 1881/5014/1540 1882/5015/1558 1843/4909/1540
f 1881/5016/1540 1843/5017/1540 1820/5018/1537
f 1881/5010/1540 1820/4806/1537 1819/4805/1537
f 1883/5019/1540 1827/5020/1537 1844/5021/1540
f 1883/5022/1540 1844/5023/1540 1884/5024/1559
f 1883/5025/1540 1884/5026/1559 1846/5027/1540
f 1883/5025/1540 1846/5027/1540 1829/4854/1537
f 1883/5025/1540 1829/4854/1537 1828/4853/1537
f 1883/5028/1540 1828/5029/1537 1827/5030/1537
f 1885/5031/1540 1822/4918/1537 1847/4917/1540
f 1885/5031/1540 1847/4917/1540 1886/5032/1558
f 1885/5031/1540 1886/5032/1558 1887/5033/1558
f 1885/5034/1540 1887/5035/1558 1888/5036/1540
f 1885/5034/1540 1888/5036/1540 1823/4812/1537
f 1885/5034/1540 1823/4812/1537 1822/4811/1537
f 1888/5036/1540 1887/5035/1558 1889/5037/1558
f 1888/5038/1540 1889/5039/1558 1890/5040/1560
f 1888/5038/1540 1890/5040/1560 1735/4597/1479
f 1888/5038/1540 1735/4597/1479 1823/4813/1537
f 1890/5041/1560 1889/5042/1558 1891/5043/1561
f 1890/5041/1560 1891/5043/1561 1852/5044/1545
f 1890/5041/1560 1852/5044/1545 1736/5045/1480
f 1890/5040/1560 1736/4598/1480 1735/4597/1479
f 1892/5046/1562 1698/4636/1446 1697/5047/1445
f 1892/5048/1562 1697/4500/1445 1756/4652/1494
f 1892/5048/1562 1756/4652/1494 1893/5049/1563
f 1892/5046/1562 1893/5050/1563 1894/5051/1564
f 1892/5046/1562 1894/5051/1564 1749/4637/1487
f 1892/5046/1562 1749/4637/1487 1698/4636/1446
f 1895/5052/1565 1700/4510/1448 1753/5053/1491
f 1895/5054/1565 1753/4644/1491 1896/5055/1566
f 1895/5054/1565 1896/5055/1566 1897/5056/1567
f 1895/5057/1565 1897/5058/1567 1758/4656/1496
f 1895/5057/1565 1758/4656/1496 1701/5059/1449
f 1895/5052/1565 1701/4511/1449 1700/4510/1448
f 1898/5060/1568 1843/4909/1540 1882/5015/1558
f 1898/5061/1568 1882/5062/1558 1899/5063/1569
f 1898/5064/1568 1899/5065/1569 1900/5066/1570
f 1898/5067/1568 1900/5068/1570 1884/5069/1559
f 1898/5067/1568 1884/5069/1559 1844/5070/1540
f 1898/5060/1568 1844/4910/1540 1843/4909/1540
f 1901/5071/1571 1846/5027/1540 1884/5026/1559
f 1901/5071/1571 1884/5026/1559 1902/5072/1572
f 1901/5071/1571 1902/5072/1572 1903/5073/1573
f 1901/5071/1571 1903/5073/1573 1886/5074/1558
f 1901/5071/1571 1886/5074/1558 1847/5075/1540
f 1901/5071/1571 1847/5075/1540 1846/5027/1540
f 1904/5076/1574 1750/4638/1488 1749/4637/1487
f 1904/5076/1574 1749/4637/1487 1894/5051/1564
f 1904/5076/1574 1894/5051/1564 1905/5077/1575
f 1904/5076/1574 1905/5077/1575 1906/5078/1576
f 1904/5076/1574 1906/5078/1576 1849/4921/1542
f 1904/5076/1574 1849/4921/1542 1750/4638/1488
f 1907/5079/1577 1752/4643/1490 1853/4928/1546
f 1907/5079/1577 1853/4928/1546 1908/5080/1578
f 1907/5079/1577 1908/5080/1578 1909/5081/1579
f 1907/5079/1577 1909/5081/1579 1896/5055/1566
f 1907/5079/1577 1896/5055/1566 1753/4644/1491
f 1907/5079/1577 1753/4644/1491 1752/4643/1490
f 1910/5082/1580 1850/4922/1543 1849/4921/1542
f 1910/5082/1580 1849/4921/1542 1906/5078/1576
f 1910/5083/1580 1906/5084/1576 1911/5085/1581
f 1910/5083/1580 1911/5085/1581 1912/5086/1582
f 1910/5083/1580 1912/5086/1582 1877/5003/1557
f 1910/5083/1580 1877/5003/1557 1850/5002/1543
f 1913/5087/1583 1852/5044/1545 1891/5043/1561
f 1913/5087/1583 1891/5043/1561 1914/5088/1584
f 1913/5087/1583 1914/5088/1584 1915/5089/1585
f 1913/5090/1583 1915/5091/1585 1908/5080/1578
f 1913/5090/1583 1908/5080/1578 1853/4928/1546
f 1913/5090/1583 1853/4928/1546 1852/4927/1545
f 1916/5092/1586 1704/4521/1452 1703/4520/1451
f 1916/5092/1586 1703/4520/1451 1782/5093/1505
f 1916/5092/1586 1782/5093/1505 1917/5094/1587
f 1916/5092/1586 1917/5094/1587 1918/5095/1588
f 1916/5092/1586 1918/5095/1588 1755/4651/1493
f 1916/5092/1586 1755/4651/1493 1704/4521/1452
f 1919/5096/1589 1706/4658/1454 1759/4657/1497
f 1919/5096/1589 1759/4657/1497 1920/5097/1590
f 1919/5096/1589 1920/5097/1590 1921/5098/1591
f 1919/5099/1589 1921/5100/1591 1784/5101/1507
f 1919/5102/1589 1784/4726/1507 1707/4725/1455
f 1919/5096/1589 1707/5103/1455 1706/4658/1454
f 1922/5104/1592 1877/5003/1557 1912/5086/1582
f 1922/5105/1592 1912/5106/1582 1923/5107/1593
f 1922/5105/1592 1923/5107/1593 1924/5108/1593
f 1922/5105/1592 1924/5108/1593 1925/5109/1592
f 1922/5105/1592 1925/5109/1592 1878/5008/1558
f 1922/5104/1592 1878/5004/1558 1877/5003/1557
f 1925/5110/1592 1924/5111/1593 1926/5112/1593
f 1925/5113/1592 1926/5114/1593 1927/5115/1592
f 1925/5109/1592 1927/5116/1592 1880/5009/1558
f 1925/5109/1592 1880/5009/1558 1878/5008/1558
f 1927/5117/1592 1926/5118/1593 1928/5119/1594
f 1927/5120/1592 1928/5121/1594 1899/5065/1569
f 1927/5122/1592 1899/5063/1569 1882/5062/1558
f 1927/5122/1592 1882/5062/1558 1880/5123/1558
f 1900/5066/1570 1899/5065/1569 1929/5124/1595
f 1900/5066/1570 1929/5124/1595 1930/5125/1596
f 1900/5066/1570 1930/5125/1596 1931/5126/1597
f 1900/5127/1570 1931/5128/1597 1932/5129/1598
f 1900/5130/1570 1932/5131/1598 1902/5132/1572
f 1900/5130/1570 1902/5132/1572 1884/5133/1559
f 1933/5134/1592 1886/5135/1558 1903/5136/1573
f 1933/5134/1592 1903/5136/1573 1934/5137/1599
f 1933/5134/1592 1934/5137/1599 1935/5138/1593
f 1933/5139/1592 1935/5140/1593 1936/5141/1592
f 1933/5142/1592 1936/5143/1592 1887/5033/1558
f 1933/5142/1592 1887/5033/1558 1886/5032/1558
f 1936/5141/1592 1935/5140/1593 1937/5144/1593
f 1936/5145/1592 1937/5146/1593 1938/5147/1592
f 1936/5145/1592 1938/5147/1592 1889/5148/1558
f 1936/5145/1592 1889/5148/1558 1887/5149/1558
f 1938/5147/1592 1937/5146/1593 1939/5150/1593
f 1938/5151/1592 1939/5152/1593 1914/5088/1584
f 1938/5151/1592 1914/5088/1584 1891/5043/1561
f 1938/5151/1592 1891/5043/1561 1889/5042/1558
f 1940/5153/1600 1894/5051/1564 1893/5050/1563
f 1940/5153/1600 1893/5050/1563 1941/5154/1601
f 1940/5153/1600 1941/5154/1601 1942/5155/1602
f 1940/5153/1600 1942/5155/1602 1943/5156/1603
f 1940/5153/1600 1943/5156/1603 1905/5077/1575
f 1940/5153/1600 1905/5077/1575 1894/5051/1564
f 1944/5157/1604 1896/5055/1566 1909/5081/1579
f 1944/5157/1604 1909/5081/1579 1945/5158/1605
f 1944/5157/1604 1945/5158/1605 1946/5159/1606
f 1944/5160/1604 1946/5161/1606 1947/5162/1607
f 1944/5157/1604 1947/5163/1607 1897/5056/1567
f 1944/5157/1604 1897/5056/1567 1896/5055/1566
f 1948/5164/1608 1710/4536/1458 1709/4535/1457
f 1948/5165/1608 1709/4739/1457 1791/4738/1514
f 1948/5165/1608 1791/4738/1514 1949/5166/1609
f 1948/5167/1608 1949/5168/1609 1950/5169/1610
f 1948/5170/1608 1950/5171/1610 1781/5172/1504
f 1948/5164/1608 1781/4718/1504 1710/4536/1458
f 1951/5173/1611 1712/4728/1460 1785/4727/1508
f 1951/5173/1611 1785/4727/1508 1952/5174/1612
f 1951/5173/1611 1952/5174/1612 1953/5175/1613
f 1951/5173/1611 1953/5175/1613 1793/4744/1516
f 1951/5173/1611 1793/4744/1516 1713/4743/1461
f 1951/5173/1611 1713/4743/1461 1712/4728/1460
f 1954/5176/1614 1902/5072/1572 1932/5177/1598
f 1954/5176/1614 1932/5177/1598 1955/5178/1615
f 1954/5179/1614 1955/5180/1615 1956/5181/1616
f 1954/5179/1614 1956/5181/1616 1957/5182/1617
f 1954/5176/1614 1957/5183/1617 1958/5184/1618
f 1954/5176/1614 1958/5184/1618 1902/5072/1572
f 1958/5185/1618 1957/5186/1617 1959/5187/1619
f 1958/5188/1618 1959/5189/1619 1903/5136/1573
f 1958/5184/1618 1903/5073/1573 1902/5072/1572
f 1960/5190/1620 1906/5078/1576 1905/5077/1575
f 1960/5190/1620 1905/5077/1575 1943/5156/1603
f 1960/5191/1620 1943/5192/1603 1961/5193/1621
f 1960/5191/1620 1961/5193/1621 1962/5194/1622
f 1960/5191/1620 1962/5194/1622 1911/5085/1581
f 1960/5191/1620 1911/5085/1581 1906/5084/1576
f 1963/5195/1623 1908/5080/1578 1915/5091/1585
f 1963/5195/1623 1915/5091/1585 1964/5196/1624
f 1963/5195/1623 1964/5196/1624 1965/5197/1625
f 1963/5195/1623 1965/5197/1625 1945/5158/1605
f 1963/5195/1623 1945/5158/1605 1909/5081/1579
f 1963/5195/1623 1909/5081/1579 1908/5080/1578
f 1966/5198/1626 1756/4652/1494 1755/4651/1493
f 1966/5198/1626 1755/4651/1493 1918/5095/1588
f 1966/5199/1626 1918/5200/1588 1967/5201/1627
f 1966/5199/1626 1967/5201/1627 1941/5202/1601
f 1966/5199/1626 1941/5202/1601 1893/5203/1563
f 1966/5198/1626 1893/5049/1563 1756/4652/1494
f 1968/5204/1628 1758/4656/1496 1897/5058/1567
f 1968/5204/1628 1897/5058/1567 1947/5205/1607
f 1968/5204/1628 1947/5205/1607 1969/5206/1629
f 1968/5204/1628 1969/5206/1629 1920/5097/1590
f 1968/5204/1628 1920/5097/1590 1759/4657/1497
f 1968/5204/1628 1759/4657/1497 1758/4656/1496
f 1970/5207/1630 1931/5126/1597 1930/5125/1596
f 1970/5207/1630 1930/5125/1596 1971/5208/1631
f 1970/5207/1630 1971/5208/1631 1972/5209/1632
f 1970/5210/1630 1972/5211/1632 1973/5212/1633
f 1970/5210/1630 1973/5212/1633 1974/5213/1634
f 1970/5214/1630 1974/5215/1634 1955/5180/1615
f 1970/5216/1630 1955/5217/1615 1931/5218/1597
f 1955/5219/1615 1932/5220/1598 1931/5221/1597
f 1975/5222/1635 1955/5180/1615 1974/5215/1634
f 1975/5222/1635 1974/5215/1634 1973/5223/1633
f 1975/5224/1635 1973/5212/1633 1972/5211/1632
f 1975/5225/1635 1972/5226/1632 1976/5227/1636
f 1975/5225/1635 1976/5227/1636 1956/5228/1616
f 1975/5222/1635 1956/5181/1616 1955/5180/1615
f 1977/5229/1637 1930/5125/1596 1929/5124/1595
f 1977/5229/1637 1929/5124/1595 1978/5230/1638
f 1977/5229/1637 1978/5230/1638 1979/5231/1639
f 1977/5229/1637 1979/5231/1639 1971/5208/1631
f 1977/5229/1637 1971/5208/1631 1930/5125/1596
f 1980/5232/1640 1912/5086/1582 1911/5085/1581
f 1980/5232/1640 1911/5085/1581 1962/5194/1622
f 1980/5232/1640 1962/5194/1622 1981/5233/1641
f 1980/5232/1640 1981/5233/1641 1982/5234/1641
f 1980/5235/1640 1982/5236/1641 1923/5107/1593
f 1980/5232/1640 1923/5237/1593 1912/5086/1582
f 1928/5119/1594 1926/5118/1593 1983/5238/1642
f 1928/5239/1594 1983/5240/1642 1984/5241/1643
f 1928/5239/1594 1984/5241/1643 1978/5242/1638
f 1928/5121/1594 1978/5230/1638 1899/5065/1569
f 1978/5230/1638 1929/5124/1595 1899/5065/1569
f 1959/5243/1619 1957/5244/1617 1985/5245/1644
f 1959/5243/1619 1985/5245/1644 1986/5246/1645
f 1959/5189/1619 1986/5247/1645 1934/5137/1599
f 1959/5189/1619 1934/5137/1599 1903/5136/1573
f 1987/5248/1646 1914/5088/1584 1939/5152/1593
f 1987/5249/1646 1939/5250/1593 1988/5251/1641
f 1987/5249/1646 1988/5251/1641 1989/5252/1641
f 1987/5253/1646 1989/5254/1641 1964/5255/1624
f 1987/5248/1646 1964/5256/1624 1915/5089/1585
f 1987/5248/1646 1915/5089/1585 1914/5088/1584
f 1990/5257/1647 1941/5202/1601 1967/5201/1627
f 1990/5257/1647 1967/5201/1627 1991/5258/1648
f 1990/5257/1647 1991/5258/1648 1992/5259/1649
f 1990/5260/1647 1992/5261/1649 1942/5262/1602
f 1990/5257/1647 1942/5263/1602 1941/5202/1601
f 1993/5264/1650 1947/5205/1607 1946/5265/1606
f 1993/5266/1650 1946/5267/1606 1994/5268/1651
f 1993/5264/1650 1994/5269/1651 1995/5270/1652
f 1993/5264/1650 1995/5270/1652 1969/5206/1629
f 1993/5264/1650 1969/5206/1629 1947/5205/1607
f 1985/5271/1644 1957/5182/1617 1956/5181/1616
f 1985/5245/1644 1956/5272/1616 1996/5273/1653
f 1985/5245/1644 1996/5273/1653 1997/5274/1654
f 1985/5245/1644 1997/5274/1654 1986/5246/1645
f 1998/5275/1655 1943/5156/1603 1942/5155/1602
f 1998/5276/1655 1942/5262/1602 1992/5261/1649
f 1998/5276/1655 1992/5261/1649 1999/5277/1656
f 1998/5276/1655 1999/5277/1656 2000/5278/1657
f 1998/5279/1655 2000/5280/1657 1961/5193/1621
f 1998/5279/1655 1961/5193/1621 1943/5192/1603
f 2001/5281/1658 1945/5282/1605 1965/5283/1625
f 2001/5281/1658 1965/5283/1625 2002/5284/1659
f 2001/5281/1658 2002/5284/1659 2003/5285/1660
f 2001/5281/1658 2003/5285/1660 1994/5268/1651
f 2001/5281/1658 1994/5268/1651 1946/5267/1606
f 2001/5281/1658 1946/5267/1606 1945/5282/1605
f 1917/5286/1587 1782/5287/1505 2004/5288/1661
f 1917/5286/1587 2004/5288/1661 2005/5289/1662
f 1917/5286/1587 2005/5289/1662 2006/5290/1663
f 1917/5286/1587 2006/5290/1663 1967/5201/1627
f 1917/5286/1587 1967/5201/1627 1918/5200/1588
f 1921/5098/1591 1920/5097/1590 1969/5206/1629
f 1921/5098/1591 1969/5206/1629 2007/5291/1664
f 1921/5100/1591 2007/5292/1664 2008/5293/1665
f 1921/5100/1591 2008/5293/1665 2009/5294/1666
f 1921/5100/1591 2009/5294/1666 1784/5101/1507
f 2004/5295/1661 1782/5296/1505 1781/5172/1504
f 2004/5295/1661 1781/5172/1504 1950/5171/1610
f 2004/5295/1661 1950/5171/1610 2010/5297/1667
f 2004/5295/1661 2010/5297/1667 2005/5298/1662
f 2009/5294/1666 2008/5293/1665 2011/5299/1668
f 2009/5294/1666 2011/5299/1668 1952/5300/1612
f 2009/5301/1666 1952/5174/1612 1785/4727/1508
f 2009/5301/1666 1785/4727/1508 1784/4726/1507
f 2012/5302/1669 1971/5208/1631 1979/5231/1639
f 2012/5303/1669 1979/5304/1639 2013/5305/1670
f 2012/5303/1669 2013/5305/1670 2014/5306/1671
f 2012/5303/1669 2014/5306/1671 2015/5307/1672
f 2012/5303/1669 2015/5307/1672 2016/5308/1673
f 2012/5302/1669 2016/5309/1673 1971/5208/1631
f 2016/5310/1673 2015/5311/1672 2017/5312/1674
f 2016/5313/1673 2017/5314/1674 1976/5227/1636
f 2016/5315/1673 1976/5316/1636 1972/5317/1632
f 2016/5309/1673 1972/5209/1632 1971/5208/1631
f 1996/5318/1653 1956/5228/1616 1976/5227/1636
f 1996/5318/1653 1976/5227/1636 2017/5314/1674
f 1996/5273/1653 2017/5319/1674 2018/5320/1675
f 1996/5273/1653 2018/5320/1675 1997/5274/1654
f 2019/5321/1676 1967/5201/1627 2006/5290/1663
f 2019/5321/1676 2006/5290/1663 2020/5322/1677
f 2019/5321/1676 2020/5322/1677 2021/5323/1678
f 2019/5321/1676 2021/5323/1678 1991/5258/1648
f 2019/5321/1676 1991/5258/1648 1967/5201/1627
f 2022/5324/1679 1969/5206/1629 1995/5270/1652
f 2022/5325/1679 1995/5326/1652 2023/5327/1680
f 2022/5325/1679 2023/5327/1680 2024/5328/1681
f 2022/5325/1679 2024/5328/1681 2007/5292/1664
f 2022/5324/1679 2007/5291/1664 1969/5206/1629
f 2025/5329/1682 1791/4738/1514 1790/4737/1513
f 2025/5329/1682 1790/4737/1513 2026/5330/1683
f 2025/5331/1682 2026/5332/1683 2027/5333/1684
f 2025/5331/1682 2027/5333/1684 1949/5334/1609
f 2025/5329/1682 1949/5166/1609 1791/4738/1514
f 2028/5335/1685 1793/4744/1516 1953/5175/1613
f 2028/5335/1685 1953/5175/1613 2029/5336/1686
f 2028/5335/1685 2029/5336/1686 2030/5337/1687
f 2028/5335/1685 2030/5337/1687 1794/4745/1517
f 2028/5335/1685 1794/4745/1517 1793/4744/1516
f 2026/5338/1683 1790/4735/1513 1797/4754/1520
f 2026/5338/1683 1797/4754/1520 1864/4965/1552
f 2026/5338/1683 1864/4965/1552 2031/5339/1688
f 2026/5332/1683 2031/5340/1688 2027/5333/1684
f 2030/5337/1687 2029/5336/1686 2032/5341/1689
f 2030/5337/1687 2032/5341/1689 1875/4996/1555
f 2030/5337/1687 1875/4996/1555 1798/4755/1521
f 2030/5337/1687 1798/4755/1521 1794/4745/1517
f 2033/5342/1690 1962/5194/1622 1961/5193/1621
f 2033/5342/1690 1961/5193/1621 2000/5280/1657
f 2033/5342/1690 2000/5280/1657 2034/5343/1691
f 2033/5342/1690 2034/5343/1691 2035/5344/1692
f 2033/5342/1690 2035/5344/1692 1981/5233/1641
f 2033/5342/1690 1981/5233/1641 1962/5194/1622
f 2036/5345/1641 1923/5107/1593 1982/5236/1641
f 2036/5346/1641 1982/5347/1641 2037/5348/1692
f 2036/5346/1641 2037/5348/1692 2038/5349/1692
f 2036/5350/1641 2038/5351/1692 2039/5352/1641
f 2036/5353/1641 2039/5354/1641 1924/5355/1593
f 2036/5345/1641 1924/5108/1593 1923/5107/1593
f 2039/5356/1641 2038/5357/1692 2040/5358/1692
f 2039/5356/1641 2040/5358/1692 1983/5238/1642
f 2039/5356/1641 1983/5238/1642 1926/5118/1593
f 2039/5359/1641 1926/5360/1593 1924/5361/1593
f 1984/5241/1643 1983/5240/1642 2041/5362/1693
f 1984/5241/1643 2041/5362/1693 2013/5305/1670
f 1984/5241/1643 2013/5305/1670 1979/5304/1639
f 1984/5241/1643 1979/5304/1639 1978/5242/1638
f 2042/5363/1694 1934/5137/1599 1986/5247/1645
f 2042/5364/1694 1986/5365/1645 2043/5366/1695
f 2042/5363/1694 2043/5367/1695 2044/5368/1692
f 2042/5363/1694 2044/5368/1692 2045/5369/1641
f 2042/5363/1694 2045/5369/1641 1935/5138/1593
f 2042/5363/1694 1935/5138/1593 1934/5137/1599
f 2045/5369/1641 2044/5368/1692 2046/5370/1692
f 2045/5371/1641 2046/5372/1692 2047/5373/1641
f 2045/5371/1641 2047/5373/1641 1937/5144/1593
f 2045/5371/1641 1937/5144/1593 1935/5140/1593
f 2047/5373/1641 2046/5372/1692 2048/5374/1692
f 2047/5375/1641 2048/5376/1692 1988/5377/1641
f 2047/5375/1641 1988/5377/1641 1939/5150/1593
f 2047/5375/1641 1939/5150/1593 1937/5146/1593
f 2049/5378/1696 1964/5255/1624 1989/5254/1641
f 2049/5378/1696 1989/5254/1641 2050/5379/1692
f 2049/5378/1696 2050/5379/1692 2051/5380/1697
f 2049/5378/1696 2051/5380/1697 2002/5284/1659
f 2049/5378/1696 2002/5284/1659 1965/5283/1625
f 2049/5378/1696 1965/5283/1625 1964/5255/1624
f 2052/5381/1698 1992/5261/1649 1991/5382/1648
f 2052/5381/1698 1991/5382/1648 2021/5383/1678
f 2052/5381/1698 2021/5383/1678 2053/5384/1699
f 2052/5381/1698 2053/5384/1699 2054/5385/1700
f 2052/5381/1698 2054/5385/1700 1999/5277/1656
f 2052/5381/1698 1999/5277/1656 1992/5261/1649
f 2055/5386/1701 1994/5268/1651 2003/5285/1660
f 2055/5386/1701 2003/5285/1660 2056/5387/1702
f 2055/5388/1701 2056/5389/1702 2057/5390/1703
f 2055/5388/1701 2057/5390/1703 2023/5327/1680
f 2055/5388/1701 2023/5327/1680 1995/5326/1652
f 2055/5391/1701 1995/5270/1652 1994/5269/1651
f 2058/5392/1704 2006/5290/1663 2005/5289/1662
f 2058/5393/1704 2005/5298/1662 2059/5394/1705
f 2058/5393/1704 2059/5394/1705 2060/5395/1706
f 2058/5393/1704 2060/5395/1706 2020/5396/1677
f 2058/5392/1704 2020/5322/1677 2006/5290/1663
f 2061/5397/1707 2007/5292/1664 2024/5328/1681
f 2061/5397/1707 2024/5328/1681 2062/5398/1708
f 2061/5397/1707 2062/5398/1708 2063/5399/1709
f 2061/5397/1707 2063/5399/1709 2008/5293/1665
f 2061/5397/1707 2008/5293/1665 2007/5292/1664
f 2064/5400/1710 1950/5171/1610 1949/5401/1609
f 2064/5402/1710 1949/5334/1609 2027/5333/1684
f 2064/5402/1710 2027/5333/1684 2065/5403/1711
f 2064/5402/1710 2065/5403/1711 2066/5404/1712
f 2064/5400/1710 2066/5405/1712 2010/5297/1667
f 2064/5400/1710 2010/5297/1667 1950/5171/1610
f 2067/5406/1713 1952/5407/1612 2011/5408/1668
f 2067/5406/1713 2011/5408/1668 2068/5409/1714
f 2067/5406/1713 2068/5409/1714 2069/5410/1715
f 2067/5406/1713 2069/5410/1715 2029/5411/1686
f 2067/5412/1713 2029/5336/1686 1953/5175/1613
f 2067/5412/1713 1953/5175/1613 1952/5174/1612
f 1861/4958/1549 1860/4957/1548 2070/5413/97
f 1861/4958/1549 2070/5413/97 2071/5414/1716
f 1861/5415/1549 2071/5416/1716 1864/5417/1552
f 1861/4958/1549 1864/5418/1552 1862/4959/1550
f 1868/4974/1548 1867/4973/1548 2072/5419/1717
f 1868/5420/1548 2072/5421/1717 2073/5422/1718
f 1868/5420/1548 2073/5422/1718 2074/5423/97
f 1868/5424/1548 2074/5425/97 2075/5426/97
f 1868/5424/1548 2075/5426/97 1860/4955/1548
f 1868/5424/1548 1860/4955/1548 1855/4933/1547
f 2076/5427/1548 1866/4987/1547 1871/4986/1548
f 2076/5427/1548 1871/4986/1548 2077/5428/1717
f 2076/5427/1548 2077/5428/1717 2078/5429/1717
f 2076/5430/1548 2078/5431/1717 2079/5432/1717
f 2076/5433/1548 2079/5434/1717 1867/4973/1548
f 2076/5435/1548 1867/5436/1548 1866/5437/1547
f 1874/4992/1548 1873/4991/1554 2080/5438/97
f 1874/4992/1548 2080/5438/97 2081/5439/97
f 1874/5440/1548 2081/5441/97 1870/5442/1548
f 1874/5443/1548 1870/5444/1548 1859/5445/1547
f 1875/4996/1555 2032/5341/1689 2082/5446/1719
f 1875/5447/1555 2082/5448/1719 1873/5449/1554
f 1875/5447/1555 1873/5449/1554 1872/5450/1553
f 2083/5451/1692 1981/5233/1641 2035/5344/1692
f 2083/5452/1692 2035/5453/1692 2084/5454/102
f 2083/5452/1692 2084/5454/102 2085/5455/102
f 2083/5452/1692 2085/5455/102 2037/5348/1692
f 2083/5452/1692 2037/5348/1692 1982/5347/1641
f 2083/5456/1692 1982/5457/1641 1981/5458/1641
f 2041/5459/1693 1983/5238/1642 2040/5358/1692
f 2041/5459/1693 2040/5358/1692 2086/5460/1720
f 2041/5459/1693 2086/5460/1720 2087/5461/1721
f 2041/5362/1693 2087/5462/1721 2088/5463/1722
f 2041/5362/1693 2088/5463/1722 2013/5305/1670
f 2089/5464/1692 1988/5377/1641 2048/5376/1692
f 2089/5464/1692 2048/5376/1692 2090/5465/102
f 2089/5464/1692 2090/5465/102 2091/5466/102
f 2089/5464/1692 2091/5466/102 2050/5467/1692
f 2089/5468/1692 2050/5469/1692 1989/5470/1641
f 2089/5464/1692 1989/5471/1641 1988/5377/1641
f 2092/5472/1723 2000/5278/1657 1999/5277/1656
f 2092/5472/1723 1999/5277/1656 2054/5385/1700
f 2092/5473/1723 2054/5474/1700 2093/5475/102
f 2092/5473/1723 2093/5475/102 2094/5476/102
f 2092/5473/1723 2094/5476/102 2034/5477/1691
f 2092/5478/1723 2034/5343/1691 2000/5280/1657
f 2095/5479/1724 2002/5284/1659 2051/5380/1697
f 2095/5479/1724 2051/5380/1697 2096/5480/102
f 2095/5479/1724 2096/5480/102 2097/5481/102
f 2095/5479/1724 2097/5481/102 2056/5387/1702
f 2095/5479/1724 2056/5387/1702 2003/5285/1660
f 2095/5479/1724 2003/5285/1660 2002/5284/1659
f 2059/5394/1705 2005/5298/1662 2010/5297/1667
f 2059/5394/1705 2010/5297/1667 2066/5405/1712
f 2059/5394/1705 2066/5405/1712 2098/5482/1725
f 2059/5394/1705 2098/5482/1725 2060/5395/1706
f 2063/5399/1709 2062/5398/1708 2099/5483/1726
f 2063/5484/1709 2099/5485/1726 2068/5409/1714
f 2063/5484/1709 2068/5409/1714 2011/5408/1668
f 2063/5399/1709 2011/5299/1668 2008/5293/1665
f 2071/5416/1716 2070/5486/97 2065/5403/1711
f 2071/5416/1716 2065/5403/1711 2027/5333/1684
f 2071/5416/1716 2027/5333/1684 2031/5340/1688
f 2071/5416/1716 2031/5340/1688 1864/5417/1552
f 2043/5487/1695 1986/5246/1645 1997/5274/1654
f 2043/5487/1695 1997/5274/1654 2100/5488/1727
f 2043/5487/1695 2100/5488/1727 2101/5489/1728
f 2043/5490/1695 2101/5491/1728 2102/5492/1729
f 2043/5493/1695 2102/5494/1729 2044/5495/1692
f 2103/5496/1730 2021/5323/1678 2020/5322/1677
f 2103/5497/1730 2020/5396/1677 2060/5395/1706
f 2103/5497/1730 2060/5395/1706 2104/5498/102
f 2103/5497/1730 2104/5498/102 2105/5499/102
f 2103/5500/1730 2105/5501/102 2053/5502/1699
f 2103/5503/1730 2053/5384/1699 2021/5383/1678
f 2106/5504/1731 2023/5327/1680 2057/5390/1703
f 2106/5504/1731 2057/5390/1703 2107/5505/102
f 2106/5504/1731 2107/5505/102 2108/5506/102
f 2106/5504/1731 2108/5506/102 2062/5398/1708
f 2106/5504/1731 2062/5398/1708 2024/5328/1681
f 2106/5504/1731 2024/5328/1681 2023/5327/1680
f 2069/5410/1715 2068/5409/1714 2109/5507/102
f 2069/5410/1715 2109/5507/102 2080/5508/97
f 2069/5410/1715 2080/5508/97 2082/5448/1719
f 2069/5410/1715 2082/5448/1719 2029/5411/1686
f 2082/5446/1719 2032/5341/1689 2029/5336/1686
f 2075/5426/97 2074/5425/97 2110/5509/102
f 2075/5510/97 2110/5511/102 2111/5512/102
f 2075/5510/97 2111/5512/102 2112/5513/102
f 2075/5510/97 2112/5513/102 2070/5413/97
f 2075/5510/97 2070/5413/97 1860/4957/1548
f 2079/5514/1717 2078/5515/1717 2113/5516/1732
f 2079/5434/1717 2113/5517/1732 2114/5518/1732
f 2079/5434/1717 2114/5518/1732 2072/5419/1717
f 2079/5434/1717 2072/5419/1717 1867/4973/1548
f 2115/5519/97 1871/5520/1548 1870/5521/1548
f 2115/5522/97 1870/5523/1548 2081/5524/97
f 2115/5525/97 2081/5526/97 2116/5527/102
f 2115/5528/97 2116/5529/102 2117/5530/1733
f 2115/5531/97 2117/5532/1733 2118/5533/97
f 2115/5534/97 2118/5535/97 1871/5536/1548
f 2119/5537/1734 1871/4986/1548 2118/5538/97
f 2119/5537/1734 2118/5538/97 2120/5539/1735
f 2119/5537/1734 2120/5539/1735 2121/5540/1736
f 2119/5537/1734 2121/5540/1736 2077/5428/1717
f 2119/5537/1734 2077/5428/1717 1871/4986/1548
f 2080/5508/97 1873/5449/1554 2082/5448/1719
f 2088/5541/1722 2087/5461/1721 2122/5542/1737
f 2088/5463/1722 2122/5543/1737 2123/5544/1738
f 2088/5463/1722 2123/5544/1738 2014/5306/1671
f 2088/5463/1722 2014/5306/1671 2013/5305/1670
f 2018/5320/1675 2017/5319/1674 2124/5545/1739
f 2018/5320/1675 2124/5545/1739 2125/5546/1740
f 2018/5320/1675 2125/5546/1740 2100/5488/1727
f 2018/5320/1675 2100/5488/1727 1997/5274/1654
f 2126/5547/102 2034/5343/1691 2094/5548/102
f 2126/5549/102 2094/5476/102 2110/5511/102
f 2126/5547/102 2110/5550/102 2084/5551/102
f 2126/5547/102 2084/5551/102 2035/5344/1692
f 2126/5547/102 2035/5344/1692 2034/5343/1691
f 2127/5552/102 2037/5348/1692 2085/5455/102
f 2127/5553/102 2085/5554/102 2128/5555/1741
f 2127/5553/102 2128/5555/1741 2129/5556/102
f 2127/5553/102 2129/5556/102 2038/5357/1692
f 2127/5557/102 2038/5558/1692 2037/5559/1692
f 2129/5556/102 2128/5555/1741 2086/5460/1720
f 2129/5556/102 2086/5460/1720 2040/5358/1692
f 2129/5556/102 2040/5358/1692 2038/5357/1692
f 2130/5560/102 2044/5495/1692 2102/5494/1729
f 2130/5561/102 2102/5492/1729 2120/5539/1735
f 2130/5561/102 2120/5539/1735 2131/5562/102
f 2130/5563/102 2131/5564/102 2046/5370/1692
f 2130/5563/102 2046/5370/1692 2044/5368/1692
f 2131/5565/102 2120/5566/1735 2090/5567/102
f 2131/5565/102 2090/5567/102 2048/5374/1692
f 2131/5565/102 2048/5374/1692 2046/5372/1692
f 2132/5568/102 2050/5569/1692 2091/5570/102
f 2132/5568/102 2091/5570/102 2116/5527/102
f 2132/5568/102 2116/5527/102 2096/5571/102
f 2132/5568/102 2096/5571/102 2051/5572/1697
f 2132/5568/102 2051/5572/1697 2050/5569/1692
f 2133/5573/102 2054/5385/1700 2053/5384/1699
f 2133/5574/102 2053/5575/1699 2105/5576/102
f 2133/5577/102 2105/5578/102 2112/5513/102
f 2133/5577/102 2112/5513/102 2111/5512/102
f 2133/5577/102 2111/5512/102 2093/5475/102
f 2133/5577/102 2093/5475/102 2054/5474/1700
f 2134/5579/102 2056/5387/1702 2097/5481/102
f 2134/5579/102 2097/5481/102 2135/5580/102
f 2134/5581/102 2135/5582/102 2136/5583/102
f 2134/5581/102 2136/5583/102 2107/5584/102
f 2134/5585/102 2107/5505/102 2057/5390/1703
f 2134/5585/102 2057/5390/1703 2056/5389/1702
f 2098/5586/1725 2066/5404/1712 2137/5587/102
f 2098/5586/1725 2137/5587/102 2138/5588/102
f 2098/5482/1725 2138/5589/102 2104/5498/102
f 2098/5482/1725 2104/5498/102 2060/5395/1706
f 2108/5590/102 2107/5584/102 2139/5591/102
f 2108/5590/102 2139/5591/102 2140/5592/102
f 2108/5593/102 2140/5594/102 2099/5485/1726
f 2108/5593/102 2099/5485/1726 2062/5595/1708
f 2110/5511/102 2094/5476/102 2093/5475/102
f 2110/5511/102 2093/5475/102 2111/5512/102
f 2110/5509/102 2074/5425/97 2128/5596/1741
f 2110/5509/102 2128/5596/1741 2085/5597/102
f 2110/5598/102 2085/5455/102 2084/5454/102
f 2141/5599/1742 2086/5460/1720 2128/5555/1741
f 2141/5599/1742 2128/5555/1741 2073/5422/1718
f 2141/5599/1742 2073/5422/1718 2072/5421/1717
f 2141/5599/1742 2072/5421/1717 2114/5600/1732
f 2141/5599/1742 2114/5600/1732 2122/5542/1737
f 2141/5599/1742 2122/5542/1737 2087/5461/1721
f 2141/5599/1742 2087/5461/1721 2086/5460/1720
f 2121/5540/1736 2120/5539/1735 2102/5492/1729
f 2121/5540/1736 2102/5492/1729 2101/5491/1728
f 2121/5540/1736 2101/5491/1728 2142/5601/1743
f 2121/5540/1736 2142/5601/1743 2143/5602/1732
f 2121/5540/1736 2143/5602/1732 2077/5428/1717
f 2116/5603/102 2091/5466/102 2090/5465/102
f 2116/5604/102 2090/5567/102 2120/5566/1735
f 2116/5604/102 2120/5566/1735 2118/5533/97
f 2116/5527/102 2081/5526/97 2135/5605/102
f 2116/5527/102 2135/5605/102 2097/5606/102
f 2116/5527/102 2097/5606/102 2096/5571/102
f 2144/5607/102 2105/5578/102 2104/5608/102
f 2144/5607/102 2104/5608/102 2138/5609/102
f 2144/5607/102 2138/5609/102 2070/5413/97
f 2144/5607/102 2070/5413/97 2112/5513/102
f 2144/5607/102 2112/5513/102 2105/5578/102
f 2136/5583/102 2135/5582/102 2081/5439/97
f 2136/5583/102 2081/5439/97 2080/5438/97
f 2136/5583/102 2080/5438/97 2139/5591/102
f 2136/5583/102 2139/5591/102 2107/5584/102
f 2137/5587/102 2066/5404/1712 2065/5403/1711
f 2137/5587/102 2065/5403/1711 2070/5486/97
f 2137/5610/102 2070/5413/97 2138/5609/102
f 2140/5592/102 2139/5591/102 2080/5438/97
f 2140/5594/102 2080/5508/97 2109/5507/102
f 2140/5594/102 2109/5507/102 2099/5485/1726
f 2099/5485/1726 2109/5507/102 2068/5409/1714
f 2128/5555/1741 2074/5423/97 2073/5422/1718
f 2143/5602/1732 2142/5601/1743 2145/5611/1744
f 2143/5602/1732 2145/5611/1744 2146/5612/1732
f 2143/5602/1732 2146/5612/1732 2078/5429/1717
f 2143/5602/1732 2078/5429/1717 2077/5428/1717
f 2146/5613/1732 2145/5614/1744 2147/5615/1745
f 2146/5616/1732 2147/5617/1745 2113/5618/1732
f 2146/5619/1732 2113/5620/1732 2078/5621/1717
f 2148/5622/1746 2014/5306/1671 2123/5544/1738
f 2148/5622/1746 2123/5544/1738 2149/5623/102
f 2148/5624/1746 2149/5625/102 2145/5626/1744
f 2148/5627/1746 2145/5628/1744 2124/5629/1739
f 2148/5630/1746 2124/5631/1739 2015/5632/1672
f 2148/5622/1746 2015/5307/1672 2014/5306/1671
f 2124/5633/1739 2017/5634/1674 2015/5635/1672
f 2125/5636/1740 2124/5637/1739 2145/5611/1744
f 2125/5636/1740 2145/5611/1744 2142/5601/1743
f 2125/5546/1740 2142/5638/1743 2100/5488/1727
f 2100/5639/1727 2142/5601/1743 2101/5491/1728
f 2147/5640/1745 2122/5641/1737 2114/5518/1732
f 2147/5640/1745 2114/5518/1732 2113/5517/1732
f 2123/5544/1738 2122/5543/1737 2149/5623/102
f 2116/5604/102 2118/5533/97 2117/5532/1733
f 163/531/141 162/530/140 2150/5642/3
f 162/539/140 172/543/150 2150/5643/3
f 172/543/150 175/549/153 2150/5643/3
f 175/549/153 184/5644/162 2150/5643/3
f 184/5645/162 194/604/172 2150/5646/3
f 194/604/172 186/603/164 2150/5646/3
f 186/5647/164 177/5648/155 2150/5649/3
f 177/5650/155 164/5651/142 2150/5652/3
f 164/532/142 163/531/141 2150/5642/3
f 190/5653/168 189/598/167 2151/5654/1747
f 189/598/167 193/597/171 2151/5654/1747
f 193/597/171 271/5655/247 2151/5654/1747
f 271/5655/247 342/5656/310 2151/5654/1747
f 342/5656/310 190/5653/168 2151/5654/1747
